ISO-10303-21;
HEADER;
/* Generated by software containing ST-Developer
 * from STEP Tools, Inc. (www.steptools.com) 
 */

FILE_DESCRIPTION(
/* description */ (''),
/* implementation_level */ '2;1');

FILE_NAME(
/* name */ 'Planetary Geared Motor A2.step',
/* time_stamp */ '2026-07-26T15:17:15-06:00',
/* author */ (''),
/* organization */ (''),
/* preprocessor_version */ 'ST-DEVELOPER v20.1',
/* originating_system */ 'Autodesk Translation Framework v15.8.0.0',
/* authorisation */ '');

FILE_SCHEMA (('AUTOMOTIVE_DESIGN { 1 0 10303 214 3 1 1 }'));
ENDSEC;

DATA;
#10=MECHANICAL_DESIGN_GEOMETRIC_PRESENTATION_REPRESENTATION('',(#50,#51,
#52),#5348);
#11=ITEM_DEFINED_TRANSFORMATION($,$,#3236,#3503);
#12=ITEM_DEFINED_TRANSFORMATION($,$,#3286,#3504);
#13=(
REPRESENTATION_RELATIONSHIP($,$,#5362,#5361)
REPRESENTATION_RELATIONSHIP_WITH_TRANSFORMATION(#11)
SHAPE_REPRESENTATION_RELATIONSHIP()
);
#14=(
REPRESENTATION_RELATIONSHIP($,$,#5363,#5361)
REPRESENTATION_RELATIONSHIP_WITH_TRANSFORMATION(#12)
SHAPE_REPRESENTATION_RELATIONSHIP()
);
#15=CONTEXT_DEPENDENT_SHAPE_REPRESENTATION(#13,#5359);
#16=CONTEXT_DEPENDENT_SHAPE_REPRESENTATION(#14,#5360);
#17=NEXT_ASSEMBLY_USAGE_OCCURRENCE('DC90 Motor - 90kg.cm 200W 18V:1',
'DC90 Motor - 90kg.cm 200W 18V:1','DC90 Motor - 90kg.cm 200W 18V:1',#5365,
#5366,'DC90 Motor - 90kg.cm 200W 18V:1');
#18=NEXT_ASSEMBLY_USAGE_OCCURRENCE('Gear Train 36:1:1',
'Gear Train 36:1:1','Gear Train 36:1:1',#5365,#5367,'Gear Train 36:1:1');
#19=(
BOUNDED_CURVE()
B_SPLINE_CURVE(2,(#4912,#4913,#4914),.UNSPECIFIED.,.F.,.F.)
B_SPLINE_CURVE_WITH_KNOTS((3,3),(0.648074069840785,0.651727105030493),
 .UNSPECIFIED.)
CURVE()
GEOMETRIC_REPRESENTATION_ITEM()
RATIONAL_B_SPLINE_CURVE((1.375,1.375,1.37498808511956))
REPRESENTATION_ITEM('')
);
#20=(
BOUNDED_CURVE()
B_SPLINE_CURVE(2,(#4949,#4950,#4951),.UNSPECIFIED.,.F.,.F.)
B_SPLINE_CURVE_WITH_KNOTS((3,3),(0.644421034651616,0.648074069840785),
 .UNSPECIFIED.)
CURVE()
GEOMETRIC_REPRESENTATION_ITEM()
RATIONAL_B_SPLINE_CURVE((1.37498808511956,1.375,1.375))
REPRESENTATION_ITEM('')
);
#21=ELLIPSE('',#3324,16.970562748477,12.);
#22=B_SPLINE_CURVE_WITH_KNOTS('',3,(#4640,#4641,#4642,#4643),
 .UNSPECIFIED.,.F.,.F.,(4,4),(1.35531613455901,1.4385420066672),
 .UNSPECIFIED.);
#23=B_SPLINE_CURVE_WITH_KNOTS('',3,(#4783,#4784,#4785,#4786,#4787,#4788,
#4789,#4790,#4791),.UNSPECIFIED.,.F.,.F.,(4,3,2,4),(-0.05119231733077,0.,
0.169563353792201,0.336505882553942),.UNSPECIFIED.);
#24=B_SPLINE_CURVE_WITH_KNOTS('',3,(#4793,#4794,#4795,#4796),
 .UNSPECIFIED.,.F.,.F.,(4,4),(-0.182590581869107,-0.05119231733077),
 .UNSPECIFIED.);
#25=B_SPLINE_CURVE_WITH_KNOTS('',3,(#4800,#4801,#4802,#4803),
 .UNSPECIFIED.,.F.,.F.,(4,4),(2.82984576708611,2.9130716391943),
 .UNSPECIFIED.);
#26=B_SPLINE_CURVE_WITH_KNOTS('',3,(#4895,#4896,#4897,#4898,#4899,#4900,
#4901,#4902,#4903),.UNSPECIFIED.,.F.,.F.,(4,2,3,4),(-0.336505882553596,
-0.169563353792202,0.,0.051192317330769),.UNSPECIFIED.);
#27=B_SPLINE_CURVE_WITH_KNOTS('',3,(#4904,#4905,#4906,#4907),
 .UNSPECIFIED.,.F.,.F.,(4,4),(0.051192317330769,0.182590581869107),
 .UNSPECIFIED.);
#28=CONICAL_SURFACE('',#3300,7.7,0.785398163397452);
#29=CONICAL_SURFACE('',#3304,9.3,0.78539816339745);
#30=CONICAL_SURFACE('',#3312,9.3,0.785398163397452);
#31=CONICAL_SURFACE('',#3316,7.7,0.785398163397454);
#32=CONICAL_SURFACE('',#3329,9.3,0.785398163397452);
#33=CONICAL_SURFACE('',#3333,7.7,0.785398163397452);
#34=CONICAL_SURFACE('',#3343,9.3,0.78539816339745);
#35=CONICAL_SURFACE('',#3346,7.7,0.785398163397454);
#36=CONICAL_SURFACE('',#3370,4.5,0.785398163397447);
#37=CONICAL_SURFACE('',#3375,4.5,0.785398163397447);
#38=CONICAL_SURFACE('',#3382,3.5,0.785398163397448);
#39=CONICAL_SURFACE('',#3385,3.5,0.785398163397448);
#40=CONICAL_SURFACE('',#3389,3.5,0.785398163397448);
#41=CONICAL_SURFACE('',#3393,3.5,0.785398163397448);
#42=CONICAL_SURFACE('',#3404,1.5,0.785398163397449);
#43=CONICAL_SURFACE('',#3408,1.5,0.785398163397449);
#44=CONICAL_SURFACE('',#3412,1.5,0.785398163397448);
#45=CONICAL_SURFACE('',#3416,1.5,0.785398163397449);
#46=SHAPE_REPRESENTATION_RELATIONSHIP('SRR','None',#5362,#48);
#47=SHAPE_REPRESENTATION_RELATIONSHIP('SRR','None',#5363,#49);
#48=ADVANCED_BREP_SHAPE_REPRESENTATION('',(#53,#54),#5346);
#49=ADVANCED_BREP_SHAPE_REPRESENTATION('',(#55),#5347);
#50=STYLED_ITEM('',(#5380),#53);
#51=STYLED_ITEM('',(#5380),#54);
#52=STYLED_ITEM('',(#5380),#55);
#53=MANIFOLD_SOLID_BREP('Body1',#3209);
#54=MANIFOLD_SOLID_BREP('Body4',#3210);
#55=MANIFOLD_SOLID_BREP('Body1',#3211);
#56=CYLINDRICAL_SURFACE('',#3252,1.55);
#57=CYLINDRICAL_SURFACE('',#3260,5.5);
#58=CYLINDRICAL_SURFACE('',#3267,18.);
#59=CYLINDRICAL_SURFACE('',#3273,19.);
#60=CYLINDRICAL_SURFACE('',#3338,8.);
#61=CYLINDRICAL_SURFACE('',#3341,9.6);
#62=CYLINDRICAL_SURFACE('',#3360,8.);
#63=CYLINDRICAL_SURFACE('',#3379,4.);
#64=CYLINDRICAL_SURFACE('',#3396,4.);
#65=CYLINDRICAL_SURFACE('',#3419,2.);
#66=CYLINDRICAL_SURFACE('',#3421,2.);
#67=CYLINDRICAL_SURFACE('',#3424,9.6);
#68=CYLINDRICAL_SURFACE('',#3425,4.);
#69=CYLINDRICAL_SURFACE('',#3426,4.);
#70=CYLINDRICAL_SURFACE('',#3429,2.);
#71=CYLINDRICAL_SURFACE('',#3430,2.);
#72=CYLINDRICAL_SURFACE('',#3459,2.25);
#73=CYLINDRICAL_SURFACE('',#3460,2.25);
#74=CYLINDRICAL_SURFACE('',#3477,2.25);
#75=CYLINDRICAL_SURFACE('',#3478,2.25);
#76=CYLINDRICAL_SURFACE('',#3481,4.);
#77=CYLINDRICAL_SURFACE('',#3485,4.);
#78=CYLINDRICAL_SURFACE('',#3488,7.);
#79=CYLINDRICAL_SURFACE('',#3494,12.);
#80=CYLINDRICAL_SURFACE('',#3496,2.5);
#81=CYLINDRICAL_SURFACE('',#3497,2.5);
#82=CYLINDRICAL_SURFACE('',#3499,2.5);
#83=CYLINDRICAL_SURFACE('',#3500,2.5);
#84=TOROIDAL_SURFACE('',#3247,0.950000000000001,0.6);
#85=TOROIDAL_SURFACE('',#3255,4.5,1.);
#86=TOROIDAL_SURFACE('',#3262,16.5,1.5);
#87=FACE_BOUND('',#382,.T.);
#88=FACE_BOUND('',#383,.T.);
#89=FACE_BOUND('',#390,.T.);
#90=FACE_BOUND('',#393,.T.);
#91=FACE_BOUND('',#411,.T.);
#92=FACE_BOUND('',#412,.T.);
#93=FACE_BOUND('',#413,.T.);
#94=FACE_BOUND('',#414,.T.);
#95=FACE_BOUND('',#425,.T.);
#96=FACE_BOUND('',#426,.T.);
#97=FACE_BOUND('',#453,.T.);
#98=FACE_BOUND('',#454,.T.);
#99=FACE_BOUND('',#464,.T.);
#100=FACE_BOUND('',#465,.T.);
#101=FACE_BOUND('',#466,.T.);
#102=FACE_BOUND('',#467,.T.);
#103=FACE_BOUND('',#488,.T.);
#104=FACE_BOUND('',#527,.T.);
#105=FACE_BOUND('',#535,.T.);
#106=FACE_BOUND('',#545,.T.);
#107=FACE_BOUND('',#553,.T.);
#108=FACE_BOUND('',#563,.T.);
#109=FACE_BOUND('',#565,.T.);
#110=CIRCLE('',#3245,18.);
#111=CIRCLE('',#3246,5.5);
#112=CIRCLE('',#3248,0.950000000000001);
#113=CIRCLE('',#3249,0.6);
#114=CIRCLE('',#3250,1.55);
#115=CIRCLE('',#3251,1.55);
#116=CIRCLE('',#3253,1.55);
#117=CIRCLE('',#3256,4.5);
#118=CIRCLE('',#3257,1.);
#119=CIRCLE('',#3258,5.5);
#120=CIRCLE('',#3259,5.5);
#121=CIRCLE('',#3263,16.5);
#122=CIRCLE('',#3264,1.5);
#123=CIRCLE('',#3265,18.);
#124=CIRCLE('',#3266,18.);
#125=CIRCLE('',#3268,18.);
#126=CIRCLE('',#3269,18.);
#127=CIRCLE('',#3274,19.);
#128=CIRCLE('',#3275,19.);
#129=CIRCLE('',#3290,2.25);
#130=CIRCLE('',#3291,2.25);
#131=CIRCLE('',#3292,2.25);
#132=CIRCLE('',#3293,2.25);
#133=CIRCLE('',#3301,8.);
#134=CIRCLE('',#3302,7.4);
#135=CIRCLE('',#3305,9.6);
#136=CIRCLE('',#3306,9.);
#137=CIRCLE('',#3308,5.);
#138=CIRCLE('',#3309,2.5);
#139=CIRCLE('',#3310,2.5);
#140=CIRCLE('',#3313,9.6);
#141=CIRCLE('',#3314,9.);
#142=CIRCLE('',#3317,8.);
#143=CIRCLE('',#3318,7.4);
#144=CIRCLE('',#3330,9.6);
#145=CIRCLE('',#3331,9.);
#146=CIRCLE('',#3334,8.);
#147=CIRCLE('',#3335,7.4);
#148=CIRCLE('',#3339,8.);
#149=CIRCLE('',#3342,9.6);
#150=CIRCLE('',#3344,9.);
#151=CIRCLE('',#3347,7.4);
#152=CIRCLE('',#3350,5.);
#153=CIRCLE('',#3351,2.5);
#154=CIRCLE('',#3352,2.5);
#155=CIRCLE('',#3359,4.);
#156=CIRCLE('',#3363,12.);
#157=CIRCLE('',#3364,12.);
#158=CIRCLE('',#3365,2.5);
#159=CIRCLE('',#3366,2.5);
#160=CIRCLE('',#3367,2.5);
#161=CIRCLE('',#3368,2.5);
#162=CIRCLE('',#3371,4.);
#163=CIRCLE('',#3376,4.);
#164=CIRCLE('',#3380,4.);
#165=CIRCLE('',#3383,3.);
#166=CIRCLE('',#3386,4.);
#167=CIRCLE('',#3387,3.);
#168=CIRCLE('',#3390,4.);
#169=CIRCLE('',#3391,3.);
#170=CIRCLE('',#3394,4.);
#171=CIRCLE('',#3395,3.);
#172=CIRCLE('',#3399,2.);
#173=CIRCLE('',#3400,2.);
#174=CIRCLE('',#3401,2.);
#175=CIRCLE('',#3402,2.);
#176=CIRCLE('',#3405,2.);
#177=CIRCLE('',#3406,0.999999999999999);
#178=CIRCLE('',#3409,2.);
#179=CIRCLE('',#3410,0.999999999999999);
#180=CIRCLE('',#3413,2.);
#181=CIRCLE('',#3414,1.);
#182=CIRCLE('',#3417,2.);
#183=CIRCLE('',#3418,0.999999999999999);
#184=CIRCLE('',#3427,4.);
#185=CIRCLE('',#3450,2.25);
#186=CIRCLE('',#3458,2.25);
#187=CIRCLE('',#3468,2.25);
#188=CIRCLE('',#3476,2.25);
#189=CIRCLE('',#3482,4.);
#190=CIRCLE('',#3483,4.);
#191=CIRCLE('',#3486,4.);
#192=CIRCLE('',#3487,4.);
#193=CIRCLE('',#3489,7.);
#194=CIRCLE('',#3490,7.);
#195=CIRCLE('',#3493,12.);
#196=FACE_OUTER_BOUND('',#374,.T.);
#197=FACE_OUTER_BOUND('',#375,.T.);
#198=FACE_OUTER_BOUND('',#376,.T.);
#199=FACE_OUTER_BOUND('',#377,.T.);
#200=FACE_OUTER_BOUND('',#378,.T.);
#201=FACE_OUTER_BOUND('',#379,.T.);
#202=FACE_OUTER_BOUND('',#380,.T.);
#203=FACE_OUTER_BOUND('',#381,.T.);
#204=FACE_OUTER_BOUND('',#384,.T.);
#205=FACE_OUTER_BOUND('',#385,.T.);
#206=FACE_OUTER_BOUND('',#386,.T.);
#207=FACE_OUTER_BOUND('',#387,.T.);
#208=FACE_OUTER_BOUND('',#388,.T.);
#209=FACE_OUTER_BOUND('',#389,.T.);
#210=FACE_OUTER_BOUND('',#391,.T.);
#211=FACE_OUTER_BOUND('',#392,.T.);
#212=FACE_OUTER_BOUND('',#394,.T.);
#213=FACE_OUTER_BOUND('',#395,.T.);
#214=FACE_OUTER_BOUND('',#396,.T.);
#215=FACE_OUTER_BOUND('',#397,.T.);
#216=FACE_OUTER_BOUND('',#398,.T.);
#217=FACE_OUTER_BOUND('',#399,.T.);
#218=FACE_OUTER_BOUND('',#400,.T.);
#219=FACE_OUTER_BOUND('',#401,.T.);
#220=FACE_OUTER_BOUND('',#402,.T.);
#221=FACE_OUTER_BOUND('',#403,.T.);
#222=FACE_OUTER_BOUND('',#404,.T.);
#223=FACE_OUTER_BOUND('',#405,.T.);
#224=FACE_OUTER_BOUND('',#406,.T.);
#225=FACE_OUTER_BOUND('',#407,.T.);
#226=FACE_OUTER_BOUND('',#408,.T.);
#227=FACE_OUTER_BOUND('',#409,.T.);
#228=FACE_OUTER_BOUND('',#410,.T.);
#229=FACE_OUTER_BOUND('',#415,.T.);
#230=FACE_OUTER_BOUND('',#416,.T.);
#231=FACE_OUTER_BOUND('',#417,.T.);
#232=FACE_OUTER_BOUND('',#418,.T.);
#233=FACE_OUTER_BOUND('',#419,.T.);
#234=FACE_OUTER_BOUND('',#420,.T.);
#235=FACE_OUTER_BOUND('',#421,.T.);
#236=FACE_OUTER_BOUND('',#422,.T.);
#237=FACE_OUTER_BOUND('',#423,.T.);
#238=FACE_OUTER_BOUND('',#424,.T.);
#239=FACE_OUTER_BOUND('',#427,.T.);
#240=FACE_OUTER_BOUND('',#428,.T.);
#241=FACE_OUTER_BOUND('',#429,.T.);
#242=FACE_OUTER_BOUND('',#430,.T.);
#243=FACE_OUTER_BOUND('',#431,.T.);
#244=FACE_OUTER_BOUND('',#432,.T.);
#245=FACE_OUTER_BOUND('',#433,.T.);
#246=FACE_OUTER_BOUND('',#434,.T.);
#247=FACE_OUTER_BOUND('',#435,.T.);
#248=FACE_OUTER_BOUND('',#436,.T.);
#249=FACE_OUTER_BOUND('',#437,.T.);
#250=FACE_OUTER_BOUND('',#438,.T.);
#251=FACE_OUTER_BOUND('',#439,.T.);
#252=FACE_OUTER_BOUND('',#440,.T.);
#253=FACE_OUTER_BOUND('',#441,.T.);
#254=FACE_OUTER_BOUND('',#442,.T.);
#255=FACE_OUTER_BOUND('',#443,.T.);
#256=FACE_OUTER_BOUND('',#444,.T.);
#257=FACE_OUTER_BOUND('',#445,.T.);
#258=FACE_OUTER_BOUND('',#446,.T.);
#259=FACE_OUTER_BOUND('',#447,.T.);
#260=FACE_OUTER_BOUND('',#448,.T.);
#261=FACE_OUTER_BOUND('',#449,.T.);
#262=FACE_OUTER_BOUND('',#450,.T.);
#263=FACE_OUTER_BOUND('',#451,.T.);
#264=FACE_OUTER_BOUND('',#452,.T.);
#265=FACE_OUTER_BOUND('',#455,.T.);
#266=FACE_OUTER_BOUND('',#456,.T.);
#267=FACE_OUTER_BOUND('',#457,.T.);
#268=FACE_OUTER_BOUND('',#458,.T.);
#269=FACE_OUTER_BOUND('',#459,.T.);
#270=FACE_OUTER_BOUND('',#460,.T.);
#271=FACE_OUTER_BOUND('',#461,.T.);
#272=FACE_OUTER_BOUND('',#462,.T.);
#273=FACE_OUTER_BOUND('',#463,.T.);
#274=FACE_OUTER_BOUND('',#468,.T.);
#275=FACE_OUTER_BOUND('',#469,.T.);
#276=FACE_OUTER_BOUND('',#470,.T.);
#277=FACE_OUTER_BOUND('',#471,.T.);
#278=FACE_OUTER_BOUND('',#472,.T.);
#279=FACE_OUTER_BOUND('',#473,.T.);
#280=FACE_OUTER_BOUND('',#474,.T.);
#281=FACE_OUTER_BOUND('',#475,.T.);
#282=FACE_OUTER_BOUND('',#476,.T.);
#283=FACE_OUTER_BOUND('',#477,.T.);
#284=FACE_OUTER_BOUND('',#478,.T.);
#285=FACE_OUTER_BOUND('',#479,.T.);
#286=FACE_OUTER_BOUND('',#480,.T.);
#287=FACE_OUTER_BOUND('',#481,.T.);
#288=FACE_OUTER_BOUND('',#482,.T.);
#289=FACE_OUTER_BOUND('',#483,.T.);
#290=FACE_OUTER_BOUND('',#484,.T.);
#291=FACE_OUTER_BOUND('',#485,.T.);
#292=FACE_OUTER_BOUND('',#486,.T.);
#293=FACE_OUTER_BOUND('',#487,.T.);
#294=FACE_OUTER_BOUND('',#489,.T.);
#295=FACE_OUTER_BOUND('',#490,.T.);
#296=FACE_OUTER_BOUND('',#491,.T.);
#297=FACE_OUTER_BOUND('',#492,.T.);
#298=FACE_OUTER_BOUND('',#493,.T.);
#299=FACE_OUTER_BOUND('',#494,.T.);
#300=FACE_OUTER_BOUND('',#495,.T.);
#301=FACE_OUTER_BOUND('',#496,.T.);
#302=FACE_OUTER_BOUND('',#497,.T.);
#303=FACE_OUTER_BOUND('',#498,.T.);
#304=FACE_OUTER_BOUND('',#499,.T.);
#305=FACE_OUTER_BOUND('',#500,.T.);
#306=FACE_OUTER_BOUND('',#501,.T.);
#307=FACE_OUTER_BOUND('',#502,.T.);
#308=FACE_OUTER_BOUND('',#503,.T.);
#309=FACE_OUTER_BOUND('',#504,.T.);
#310=FACE_OUTER_BOUND('',#505,.T.);
#311=FACE_OUTER_BOUND('',#506,.T.);
#312=FACE_OUTER_BOUND('',#507,.T.);
#313=FACE_OUTER_BOUND('',#508,.T.);
#314=FACE_OUTER_BOUND('',#509,.T.);
#315=FACE_OUTER_BOUND('',#510,.T.);
#316=FACE_OUTER_BOUND('',#511,.T.);
#317=FACE_OUTER_BOUND('',#512,.T.);
#318=FACE_OUTER_BOUND('',#513,.T.);
#319=FACE_OUTER_BOUND('',#514,.T.);
#320=FACE_OUTER_BOUND('',#515,.T.);
#321=FACE_OUTER_BOUND('',#516,.T.);
#322=FACE_OUTER_BOUND('',#517,.T.);
#323=FACE_OUTER_BOUND('',#518,.T.);
#324=FACE_OUTER_BOUND('',#519,.T.);
#325=FACE_OUTER_BOUND('',#520,.T.);
#326=FACE_OUTER_BOUND('',#521,.T.);
#327=FACE_OUTER_BOUND('',#522,.T.);
#328=FACE_OUTER_BOUND('',#523,.T.);
#329=FACE_OUTER_BOUND('',#524,.T.);
#330=FACE_OUTER_BOUND('',#525,.T.);
#331=FACE_OUTER_BOUND('',#526,.T.);
#332=FACE_OUTER_BOUND('',#528,.T.);
#333=FACE_OUTER_BOUND('',#529,.T.);
#334=FACE_OUTER_BOUND('',#530,.T.);
#335=FACE_OUTER_BOUND('',#531,.T.);
#336=FACE_OUTER_BOUND('',#532,.T.);
#337=FACE_OUTER_BOUND('',#533,.T.);
#338=FACE_OUTER_BOUND('',#534,.T.);
#339=FACE_OUTER_BOUND('',#536,.T.);
#340=FACE_OUTER_BOUND('',#537,.T.);
#341=FACE_OUTER_BOUND('',#538,.T.);
#342=FACE_OUTER_BOUND('',#539,.T.);
#343=FACE_OUTER_BOUND('',#540,.T.);
#344=FACE_OUTER_BOUND('',#541,.T.);
#345=FACE_OUTER_BOUND('',#542,.T.);
#346=FACE_OUTER_BOUND('',#543,.T.);
#347=FACE_OUTER_BOUND('',#544,.T.);
#348=FACE_OUTER_BOUND('',#546,.T.);
#349=FACE_OUTER_BOUND('',#547,.T.);
#350=FACE_OUTER_BOUND('',#548,.T.);
#351=FACE_OUTER_BOUND('',#549,.T.);
#352=FACE_OUTER_BOUND('',#550,.T.);
#353=FACE_OUTER_BOUND('',#551,.T.);
#354=FACE_OUTER_BOUND('',#552,.T.);
#355=FACE_OUTER_BOUND('',#554,.T.);
#356=FACE_OUTER_BOUND('',#555,.T.);
#357=FACE_OUTER_BOUND('',#556,.T.);
#358=FACE_OUTER_BOUND('',#557,.T.);
#359=FACE_OUTER_BOUND('',#558,.T.);
#360=FACE_OUTER_BOUND('',#559,.T.);
#361=FACE_OUTER_BOUND('',#560,.T.);
#362=FACE_OUTER_BOUND('',#561,.T.);
#363=FACE_OUTER_BOUND('',#562,.T.);
#364=FACE_OUTER_BOUND('',#564,.T.);
#365=FACE_OUTER_BOUND('',#566,.T.);
#366=FACE_OUTER_BOUND('',#567,.T.);
#367=FACE_OUTER_BOUND('',#568,.T.);
#368=FACE_OUTER_BOUND('',#569,.T.);
#369=FACE_OUTER_BOUND('',#570,.T.);
#370=FACE_OUTER_BOUND('',#571,.T.);
#371=FACE_OUTER_BOUND('',#572,.T.);
#372=FACE_OUTER_BOUND('',#573,.T.);
#373=FACE_OUTER_BOUND('',#574,.T.);
#374=EDGE_LOOP('',(#2008,#2009,#2010,#2011));
#375=EDGE_LOOP('',(#2012,#2013,#2014,#2015,#2016,#2017));
#376=EDGE_LOOP('',(#2018,#2019,#2020,#2021));
#377=EDGE_LOOP('',(#2022,#2023,#2024,#2025));
#378=EDGE_LOOP('',(#2026,#2027,#2028,#2029));
#379=EDGE_LOOP('',(#2030,#2031,#2032,#2033));
#380=EDGE_LOOP('',(#2034,#2035,#2036,#2037,#2038,#2039));
#381=EDGE_LOOP('',(#2040));
#382=EDGE_LOOP('',(#2041,#2042,#2043,#2044));
#383=EDGE_LOOP('',(#2045));
#384=EDGE_LOOP('',(#2046,#2047,#2048,#2049,#2050));
#385=EDGE_LOOP('',(#2051,#2052,#2053,#2054,#2055));
#386=EDGE_LOOP('',(#2056));
#387=EDGE_LOOP('',(#2057,#2058,#2059,#2060,#2061));
#388=EDGE_LOOP('',(#2062,#2063,#2064,#2065,#2066));
#389=EDGE_LOOP('',(#2067));
#390=EDGE_LOOP('',(#2068));
#391=EDGE_LOOP('',(#2069,#2070,#2071,#2072,#2073));
#392=EDGE_LOOP('',(#2074,#2075,#2076,#2077,#2078));
#393=EDGE_LOOP('',(#2079,#2080,#2081,#2082));
#394=EDGE_LOOP('',(#2083));
#395=EDGE_LOOP('',(#2084,#2085,#2086,#2087));
#396=EDGE_LOOP('',(#2088,#2089,#2090,#2091));
#397=EDGE_LOOP('',(#2092,#2093,#2094,#2095));
#398=EDGE_LOOP('',(#2096,#2097,#2098,#2099));
#399=EDGE_LOOP('',(#2100,#2101,#2102,#2103));
#400=EDGE_LOOP('',(#2104,#2105,#2106,#2107));
#401=EDGE_LOOP('',(#2108,#2109,#2110,#2111,#2112,#2113));
#402=EDGE_LOOP('',(#2114,#2115,#2116,#2117));
#403=EDGE_LOOP('',(#2118,#2119,#2120,#2121));
#404=EDGE_LOOP('',(#2122,#2123,#2124,#2125));
#405=EDGE_LOOP('',(#2126,#2127,#2128,#2129));
#406=EDGE_LOOP('',(#2130,#2131,#2132,#2133,#2134,#2135));
#407=EDGE_LOOP('',(#2136,#2137,#2138,#2139));
#408=EDGE_LOOP('',(#2140,#2141,#2142,#2143));
#409=EDGE_LOOP('',(#2144,#2145,#2146,#2147));
#410=EDGE_LOOP('',(#2148,#2149,#2150,#2151,#2152,#2153,#2154,#2155,#2156,
#2157,#2158,#2159));
#411=EDGE_LOOP('',(#2160));
#412=EDGE_LOOP('',(#2161));
#413=EDGE_LOOP('',(#2162));
#414=EDGE_LOOP('',(#2163));
#415=EDGE_LOOP('',(#2164,#2165,#2166,#2167,#2168,#2169,#2170,#2171));
#416=EDGE_LOOP('',(#2172,#2173,#2174,#2175));
#417=EDGE_LOOP('',(#2176,#2177,#2178,#2179));
#418=EDGE_LOOP('',(#2180,#2181,#2182,#2183));
#419=EDGE_LOOP('',(#2184,#2185,#2186,#2187,#2188,#2189));
#420=EDGE_LOOP('',(#2190,#2191,#2192,#2193));
#421=EDGE_LOOP('',(#2194,#2195,#2196,#2197));
#422=EDGE_LOOP('',(#2198,#2199,#2200,#2201));
#423=EDGE_LOOP('',(#2202,#2203,#2204,#2205));
#424=EDGE_LOOP('',(#2206,#2207,#2208,#2209,#2210,#2211,#2212,#2213));
#425=EDGE_LOOP('',(#2214));
#426=EDGE_LOOP('',(#2215));
#427=EDGE_LOOP('',(#2216,#2217,#2218,#2219));
#428=EDGE_LOOP('',(#2220,#2221,#2222,#2223));
#429=EDGE_LOOP('',(#2224,#2225,#2226,#2227));
#430=EDGE_LOOP('',(#2228,#2229,#2230,#2231));
#431=EDGE_LOOP('',(#2232,#2233,#2234,#2235));
#432=EDGE_LOOP('',(#2236,#2237,#2238,#2239));
#433=EDGE_LOOP('',(#2240,#2241,#2242,#2243));
#434=EDGE_LOOP('',(#2244,#2245,#2246,#2247));
#435=EDGE_LOOP('',(#2248,#2249,#2250,#2251,#2252,#2253));
#436=EDGE_LOOP('',(#2254,#2255,#2256,#2257));
#437=EDGE_LOOP('',(#2258,#2259,#2260,#2261));
#438=EDGE_LOOP('',(#2262,#2263,#2264,#2265));
#439=EDGE_LOOP('',(#2266,#2267,#2268,#2269));
#440=EDGE_LOOP('',(#2270,#2271,#2272,#2273));
#441=EDGE_LOOP('',(#2274,#2275,#2276,#2277));
#442=EDGE_LOOP('',(#2278,#2279,#2280,#2281));
#443=EDGE_LOOP('',(#2282,#2283,#2284,#2285));
#444=EDGE_LOOP('',(#2286,#2287,#2288,#2289,#2290,#2291,#2292,#2293));
#445=EDGE_LOOP('',(#2294,#2295,#2296,#2297));
#446=EDGE_LOOP('',(#2298,#2299,#2300,#2301));
#447=EDGE_LOOP('',(#2302,#2303,#2304,#2305,#2306,#2307));
#448=EDGE_LOOP('',(#2308,#2309,#2310,#2311));
#449=EDGE_LOOP('',(#2312,#2313,#2314,#2315));
#450=EDGE_LOOP('',(#2316,#2317,#2318,#2319));
#451=EDGE_LOOP('',(#2320,#2321,#2322,#2323));
#452=EDGE_LOOP('',(#2324,#2325,#2326,#2327,#2328,#2329,#2330,#2331));
#453=EDGE_LOOP('',(#2332));
#454=EDGE_LOOP('',(#2333));
#455=EDGE_LOOP('',(#2334,#2335,#2336,#2337));
#456=EDGE_LOOP('',(#2338,#2339,#2340,#2341));
#457=EDGE_LOOP('',(#2342,#2343,#2344,#2345));
#458=EDGE_LOOP('',(#2346,#2347,#2348,#2349));
#459=EDGE_LOOP('',(#2350,#2351,#2352,#2353));
#460=EDGE_LOOP('',(#2354,#2355,#2356,#2357,#2358));
#461=EDGE_LOOP('',(#2359,#2360,#2361,#2362));
#462=EDGE_LOOP('',(#2363,#2364,#2365,#2366));
#463=EDGE_LOOP('',(#2367,#2368,#2369,#2370,#2371,#2372,#2373,#2374,#2375,
#2376,#2377,#2378,#2379,#2380,#2381,#2382,#2383,#2384,#2385,#2386,#2387));
#464=EDGE_LOOP('',(#2388));
#465=EDGE_LOOP('',(#2389));
#466=EDGE_LOOP('',(#2390));
#467=EDGE_LOOP('',(#2391));
#468=EDGE_LOOP('',(#2392,#2393,#2394,#2395,#2396,#2397,#2398,#2399,#2400,
#2401));
#469=EDGE_LOOP('',(#2402,#2403,#2404,#2405,#2406,#2407,#2408));
#470=EDGE_LOOP('',(#2409,#2410,#2411,#2412));
#471=EDGE_LOOP('',(#2413,#2414,#2415,#2416,#2417,#2418,#2419,#2420,#2421,
#2422,#2423,#2424,#2425,#2426,#2427,#2428,#2429,#2430));
#472=EDGE_LOOP('',(#2431,#2432,#2433,#2434));
#473=EDGE_LOOP('',(#2435,#2436,#2437,#2438,#2439,#2440,#2441));
#474=EDGE_LOOP('',(#2442,#2443,#2444,#2445,#2446,#2447,#2448,#2449,#2450,
#2451));
#475=EDGE_LOOP('',(#2452,#2453,#2454,#2455,#2456,#2457,#2458,#2459,#2460,
#2461));
#476=EDGE_LOOP('',(#2462,#2463,#2464,#2465));
#477=EDGE_LOOP('',(#2466,#2467,#2468,#2469));
#478=EDGE_LOOP('',(#2470,#2471,#2472,#2473));
#479=EDGE_LOOP('',(#2474,#2475,#2476,#2477));
#480=EDGE_LOOP('',(#2478,#2479,#2480,#2481));
#481=EDGE_LOOP('',(#2482,#2483,#2484,#2485));
#482=EDGE_LOOP('',(#2486,#2487,#2488,#2489));
#483=EDGE_LOOP('',(#2490,#2491,#2492,#2493));
#484=EDGE_LOOP('',(#2494,#2495,#2496,#2497));
#485=EDGE_LOOP('',(#2498,#2499,#2500,#2501));
#486=EDGE_LOOP('',(#2502,#2503,#2504,#2505,#2506,#2507,#2508,#2509,#2510,
#2511,#2512,#2513));
#487=EDGE_LOOP('',(#2514,#2515,#2516,#2517,#2518,#2519,#2520,#2521));
#488=EDGE_LOOP('',(#2522,#2523,#2524,#2525,#2526,#2527,#2528,#2529));
#489=EDGE_LOOP('',(#2530,#2531,#2532,#2533));
#490=EDGE_LOOP('',(#2534,#2535,#2536,#2537));
#491=EDGE_LOOP('',(#2538,#2539,#2540,#2541));
#492=EDGE_LOOP('',(#2542,#2543,#2544,#2545));
#493=EDGE_LOOP('',(#2546,#2547,#2548,#2549));
#494=EDGE_LOOP('',(#2550,#2551,#2552,#2553));
#495=EDGE_LOOP('',(#2554,#2555,#2556,#2557));
#496=EDGE_LOOP('',(#2558,#2559,#2560,#2561));
#497=EDGE_LOOP('',(#2562,#2563,#2564,#2565));
#498=EDGE_LOOP('',(#2566,#2567,#2568,#2569));
#499=EDGE_LOOP('',(#2570,#2571,#2572,#2573));
#500=EDGE_LOOP('',(#2574,#2575,#2576,#2577));
#501=EDGE_LOOP('',(#2578,#2579,#2580,#2581,#2582,#2583,#2584,#2585));
#502=EDGE_LOOP('',(#2586,#2587,#2588,#2589,#2590,#2591));
#503=EDGE_LOOP('',(#2592,#2593,#2594,#2595));
#504=EDGE_LOOP('',(#2596,#2597,#2598,#2599));
#505=EDGE_LOOP('',(#2600,#2601,#2602,#2603,#2604,#2605,#2606,#2607,#2608,
#2609));
#506=EDGE_LOOP('',(#2610,#2611,#2612,#2613));
#507=EDGE_LOOP('',(#2614,#2615,#2616,#2617));
#508=EDGE_LOOP('',(#2618,#2619,#2620,#2621));
#509=EDGE_LOOP('',(#2622,#2623,#2624,#2625,#2626,#2627));
#510=EDGE_LOOP('',(#2628,#2629,#2630,#2631,#2632,#2633));
#511=EDGE_LOOP('',(#2634,#2635,#2636,#2637,#2638,#2639,#2640,#2641,#2642,
#2643,#2644,#2645,#2646,#2647,#2648,#2649,#2650,#2651));
#512=EDGE_LOOP('',(#2652,#2653,#2654,#2655));
#513=EDGE_LOOP('',(#2656,#2657,#2658,#2659));
#514=EDGE_LOOP('',(#2660,#2661,#2662,#2663));
#515=EDGE_LOOP('',(#2664,#2665,#2666,#2667));
#516=EDGE_LOOP('',(#2668,#2669,#2670,#2671));
#517=EDGE_LOOP('',(#2672,#2673,#2674,#2675));
#518=EDGE_LOOP('',(#2676,#2677,#2678,#2679));
#519=EDGE_LOOP('',(#2680,#2681,#2682,#2683,#2684,#2685));
#520=EDGE_LOOP('',(#2686,#2687,#2688,#2689));
#521=EDGE_LOOP('',(#2690,#2691,#2692,#2693));
#522=EDGE_LOOP('',(#2694,#2695,#2696,#2697));
#523=EDGE_LOOP('',(#2698,#2699,#2700,#2701,#2702));
#524=EDGE_LOOP('',(#2703,#2704,#2705,#2706,#2707));
#525=EDGE_LOOP('',(#2708,#2709,#2710,#2711));
#526=EDGE_LOOP('',(#2712,#2713,#2714,#2715,#2716,#2717));
#527=EDGE_LOOP('',(#2718));
#528=EDGE_LOOP('',(#2719,#2720,#2721,#2722));
#529=EDGE_LOOP('',(#2723,#2724,#2725,#2726));
#530=EDGE_LOOP('',(#2727,#2728,#2729,#2730));
#531=EDGE_LOOP('',(#2731,#2732,#2733,#2734,#2735));
#532=EDGE_LOOP('',(#2736,#2737,#2738,#2739,#2740));
#533=EDGE_LOOP('',(#2741,#2742,#2743,#2744));
#534=EDGE_LOOP('',(#2745,#2746,#2747,#2748,#2749,#2750));
#535=EDGE_LOOP('',(#2751));
#536=EDGE_LOOP('',(#2752,#2753,#2754,#2755));
#537=EDGE_LOOP('',(#2756,#2757,#2758,#2759));
#538=EDGE_LOOP('',(#2760,#2761,#2762,#2763));
#539=EDGE_LOOP('',(#2764,#2765,#2766,#2767));
#540=EDGE_LOOP('',(#2768,#2769,#2770,#2771));
#541=EDGE_LOOP('',(#2772,#2773,#2774,#2775,#2776));
#542=EDGE_LOOP('',(#2777,#2778,#2779,#2780,#2781));
#543=EDGE_LOOP('',(#2782,#2783,#2784,#2785));
#544=EDGE_LOOP('',(#2786,#2787,#2788,#2789,#2790,#2791));
#545=EDGE_LOOP('',(#2792));
#546=EDGE_LOOP('',(#2793,#2794,#2795,#2796));
#547=EDGE_LOOP('',(#2797,#2798,#2799,#2800));
#548=EDGE_LOOP('',(#2801,#2802,#2803,#2804));
#549=EDGE_LOOP('',(#2805,#2806,#2807,#2808,#2809));
#550=EDGE_LOOP('',(#2810,#2811,#2812,#2813,#2814));
#551=EDGE_LOOP('',(#2815,#2816,#2817,#2818));
#552=EDGE_LOOP('',(#2819,#2820,#2821,#2822,#2823,#2824));
#553=EDGE_LOOP('',(#2825));
#554=EDGE_LOOP('',(#2826,#2827,#2828,#2829));
#555=EDGE_LOOP('',(#2830,#2831,#2832,#2833));
#556=EDGE_LOOP('',(#2834,#2835,#2836,#2837));
#557=EDGE_LOOP('',(#2838,#2839,#2840,#2841,#2842,#2843));
#558=EDGE_LOOP('',(#2844,#2845,#2846,#2847));
#559=EDGE_LOOP('',(#2848,#2849));
#560=EDGE_LOOP('',(#2850,#2851,#2852,#2853));
#561=EDGE_LOOP('',(#2854,#2855,#2856,#2857));
#562=EDGE_LOOP('',(#2858));
#563=EDGE_LOOP('',(#2859,#2860));
#564=EDGE_LOOP('',(#2861));
#565=EDGE_LOOP('',(#2862));
#566=EDGE_LOOP('',(#2863,#2864,#2865,#2866,#2867,#2868));
#567=EDGE_LOOP('',(#2869,#2870));
#568=EDGE_LOOP('',(#2871,#2872,#2873,#2874));
#569=EDGE_LOOP('',(#2875,#2876,#2877,#2878));
#570=EDGE_LOOP('',(#2879,#2880,#2881,#2882,#2883,#2884));
#571=EDGE_LOOP('',(#2885,#2886,#2887,#2888));
#572=EDGE_LOOP('',(#2889,#2890,#2891,#2892));
#573=EDGE_LOOP('',(#2893,#2894,#2895,#2896,#2897));
#574=EDGE_LOOP('',(#2898,#2899,#2900,#2901));
#575=LINE('',#4402,#927);
#576=LINE('',#4404,#928);
#577=LINE('',#4406,#929);
#578=LINE('',#4407,#930);
#579=LINE('',#4410,#931);
#580=LINE('',#4412,#932);
#581=LINE('',#4414,#933);
#582=LINE('',#4416,#934);
#583=LINE('',#4417,#935);
#584=LINE('',#4420,#936);
#585=LINE('',#4421,#937);
#586=LINE('',#4424,#938);
#587=LINE('',#4425,#939);
#588=LINE('',#4428,#940);
#589=LINE('',#4429,#941);
#590=LINE('',#4432,#942);
#591=LINE('',#4433,#943);
#592=LINE('',#4435,#944);
#593=LINE('',#4451,#945);
#594=LINE('',#4463,#946);
#595=LINE('',#4474,#947);
#596=LINE('',#4479,#948);
#597=LINE('',#4482,#949);
#598=LINE('',#4486,#950);
#599=LINE('',#4488,#951);
#600=LINE('',#4489,#952);
#601=LINE('',#4492,#953);
#602=LINE('',#4494,#954);
#603=LINE('',#4495,#955);
#604=LINE('',#4504,#956);
#605=LINE('',#4506,#957);
#606=LINE('',#4508,#958);
#607=LINE('',#4509,#959);
#608=LINE('',#4512,#960);
#609=LINE('',#4514,#961);
#610=LINE('',#4516,#962);
#611=LINE('',#4518,#963);
#612=LINE('',#4519,#964);
#613=LINE('',#4522,#965);
#614=LINE('',#4523,#966);
#615=LINE('',#4526,#967);
#616=LINE('',#4527,#968);
#617=LINE('',#4530,#969);
#618=LINE('',#4531,#970);
#619=LINE('',#4534,#971);
#620=LINE('',#4535,#972);
#621=LINE('',#4537,#973);
#622=LINE('',#4543,#974);
#623=LINE('',#4545,#975);
#624=LINE('',#4547,#976);
#625=LINE('',#4548,#977);
#626=LINE('',#4551,#978);
#627=LINE('',#4553,#979);
#628=LINE('',#4554,#980);
#629=LINE('',#4557,#981);
#630=LINE('',#4559,#982);
#631=LINE('',#4561,#983);
#632=LINE('',#4563,#984);
#633=LINE('',#4565,#985);
#634=LINE('',#4567,#986);
#635=LINE('',#4569,#987);
#636=LINE('',#4571,#988);
#637=LINE('',#4573,#989);
#638=LINE('',#4575,#990);
#639=LINE('',#4576,#991);
#640=LINE('',#4587,#992);
#641=LINE('',#4589,#993);
#642=LINE('',#4591,#994);
#643=LINE('',#4593,#995);
#644=LINE('',#4595,#996);
#645=LINE('',#4596,#997);
#646=LINE('',#4599,#998);
#647=LINE('',#4600,#999);
#648=LINE('',#4604,#1000);
#649=LINE('',#4605,#1001);
#650=LINE('',#4606,#1002);
#651=LINE('',#4609,#1003);
#652=LINE('',#4610,#1004);
#653=LINE('',#4613,#1005);
#654=LINE('',#4615,#1006);
#655=LINE('',#4617,#1007);
#656=LINE('',#4618,#1008);
#657=LINE('',#4621,#1009);
#658=LINE('',#4623,#1010);
#659=LINE('',#4624,#1011);
#660=LINE('',#4628,#1012);
#661=LINE('',#4633,#1013);
#662=LINE('',#4635,#1014);
#663=LINE('',#4636,#1015);
#664=LINE('',#4648,#1016);
#665=LINE('',#4650,#1017);
#666=LINE('',#4652,#1018);
#667=LINE('',#4661,#1019);
#668=LINE('',#4663,#1020);
#669=LINE('',#4665,#1021);
#670=LINE('',#4666,#1022);
#671=LINE('',#4671,#1023);
#672=LINE('',#4676,#1024);
#673=LINE('',#4677,#1025);
#674=LINE('',#4678,#1026);
#675=LINE('',#4683,#1027);
#676=LINE('',#4686,#1028);
#677=LINE('',#4687,#1029);
#678=LINE('',#4690,#1030);
#679=LINE('',#4692,#1031);
#680=LINE('',#4693,#1032);
#681=LINE('',#4696,#1033);
#682=LINE('',#4698,#1034);
#683=LINE('',#4699,#1035);
#684=LINE('',#4702,#1036);
#685=LINE('',#4704,#1037);
#686=LINE('',#4705,#1038);
#687=LINE('',#4711,#1039);
#688=LINE('',#4713,#1040);
#689=LINE('',#4714,#1041);
#690=LINE('',#4715,#1042);
#691=LINE('',#4718,#1043);
#692=LINE('',#4720,#1044);
#693=LINE('',#4721,#1045);
#694=LINE('',#4724,#1046);
#695=LINE('',#4726,#1047);
#696=LINE('',#4727,#1048);
#697=LINE('',#4730,#1049);
#698=LINE('',#4732,#1050);
#699=LINE('',#4733,#1051);
#700=LINE('',#4736,#1052);
#701=LINE('',#4738,#1053);
#702=LINE('',#4739,#1054);
#703=LINE('',#4743,#1055);
#704=LINE('',#4749,#1056);
#705=LINE('',#4750,#1057);
#706=LINE('',#4751,#1058);
#707=LINE('',#4754,#1059);
#708=LINE('',#4758,#1060);
#709=LINE('',#4761,#1061);
#710=LINE('',#4763,#1062);
#711=LINE('',#4765,#1063);
#712=LINE('',#4767,#1064);
#713=LINE('',#4769,#1065);
#714=LINE('',#4770,#1066);
#715=LINE('',#4773,#1067);
#716=LINE('',#4777,#1068);
#717=LINE('',#4778,#1069);
#718=LINE('',#4781,#1070);
#719=LINE('',#4806,#1071);
#720=LINE('',#4809,#1072);
#721=LINE('',#4810,#1073);
#722=LINE('',#4813,#1074);
#723=LINE('',#4817,#1075);
#724=LINE('',#4818,#1076);
#725=LINE('',#4823,#1077);
#726=LINE('',#4825,#1078);
#727=LINE('',#4826,#1079);
#728=LINE('',#4833,#1080);
#729=LINE('',#4835,#1081);
#730=LINE('',#4836,#1082);
#731=LINE('',#4839,#1083);
#732=LINE('',#4841,#1084);
#733=LINE('',#4842,#1085);
#734=LINE('',#4845,#1086);
#735=LINE('',#4846,#1087);
#736=LINE('',#4849,#1088);
#737=LINE('',#4850,#1089);
#738=LINE('',#4853,#1090);
#739=LINE('',#4854,#1091);
#740=LINE('',#4857,#1092);
#741=LINE('',#4860,#1093);
#742=LINE('',#4862,#1094);
#743=LINE('',#4878,#1095);
#744=LINE('',#4879,#1096);
#745=LINE('',#4881,#1097);
#746=LINE('',#4882,#1098);
#747=LINE('',#4884,#1099);
#748=LINE('',#4886,#1100);
#749=LINE('',#4888,#1101);
#750=LINE('',#4890,#1102);
#751=LINE('',#4891,#1103);
#752=LINE('',#4909,#1104);
#753=LINE('',#4916,#1105);
#754=LINE('',#4919,#1106);
#755=LINE('',#4921,#1107);
#756=LINE('',#4923,#1108);
#757=LINE('',#4925,#1109);
#758=LINE('',#4927,#1110);
#759=LINE('',#4928,#1111);
#760=LINE('',#4929,#1112);
#761=LINE('',#4931,#1113);
#762=LINE('',#4933,#1114);
#763=LINE('',#4935,#1115);
#764=LINE('',#4937,#1116);
#765=LINE('',#4939,#1117);
#766=LINE('',#4940,#1118);
#767=LINE('',#4943,#1119);
#768=LINE('',#4945,#1120);
#769=LINE('',#4946,#1121);
#770=LINE('',#4956,#1122);
#771=LINE('',#4957,#1123);
#772=LINE('',#4959,#1124);
#773=LINE('',#4961,#1125);
#774=LINE('',#4963,#1126);
#775=LINE('',#4965,#1127);
#776=LINE('',#4967,#1128);
#777=LINE('',#4969,#1129);
#778=LINE('',#4970,#1130);
#779=LINE('',#4973,#1131);
#780=LINE('',#4975,#1132);
#781=LINE('',#4976,#1133);
#782=LINE('',#4977,#1134);
#783=LINE('',#4980,#1135);
#784=LINE('',#4984,#1136);
#785=LINE('',#4986,#1137);
#786=LINE('',#4987,#1138);
#787=LINE('',#4990,#1139);
#788=LINE('',#4995,#1140);
#789=LINE('',#4996,#1141);
#790=LINE('',#4997,#1142);
#791=LINE('',#5002,#1143);
#792=LINE('',#5007,#1144);
#793=LINE('',#5008,#1145);
#794=LINE('',#5009,#1146);
#795=LINE('',#5013,#1147);
#796=LINE('',#5017,#1148);
#797=LINE('',#5018,#1149);
#798=LINE('',#5023,#1150);
#799=LINE('',#5024,#1151);
#800=LINE('',#5026,#1152);
#801=LINE('',#5028,#1153);
#802=LINE('',#5030,#1154);
#803=LINE('',#5031,#1155);
#804=LINE('',#5035,#1156);
#805=LINE('',#5039,#1157);
#806=LINE('',#5043,#1158);
#807=LINE('',#5047,#1159);
#808=LINE('',#5052,#1160);
#809=LINE('',#5054,#1161);
#810=LINE('',#5056,#1162);
#811=LINE('',#5057,#1163);
#812=LINE('',#5062,#1164);
#813=LINE('',#5067,#1165);
#814=LINE('',#5068,#1166);
#815=LINE('',#5069,#1167);
#816=LINE('',#5074,#1168);
#817=LINE('',#5079,#1169);
#818=LINE('',#5080,#1170);
#819=LINE('',#5081,#1171);
#820=LINE('',#5086,#1172);
#821=LINE('',#5091,#1173);
#822=LINE('',#5092,#1174);
#823=LINE('',#5093,#1175);
#824=LINE('',#5098,#1176);
#825=LINE('',#5099,#1177);
#826=LINE('',#5101,#1178);
#827=LINE('',#5103,#1179);
#828=LINE('',#5105,#1180);
#829=LINE('',#5111,#1181);
#830=LINE('',#5114,#1182);
#831=LINE('',#5116,#1183);
#832=LINE('',#5118,#1184);
#833=LINE('',#5119,#1185);
#834=LINE('',#5124,#1186);
#835=LINE('',#5125,#1187);
#836=LINE('',#5127,#1188);
#837=LINE('',#5129,#1189);
#838=LINE('',#5131,#1190);
#839=LINE('',#5133,#1191);
#840=LINE('',#5135,#1192);
#841=LINE('',#5137,#1193);
#842=LINE('',#5138,#1194);
#843=LINE('',#5140,#1195);
#844=LINE('',#5142,#1196);
#845=LINE('',#5144,#1197);
#846=LINE('',#5146,#1198);
#847=LINE('',#5148,#1199);
#848=LINE('',#5149,#1200);
#849=LINE('',#5152,#1201);
#850=LINE('',#5154,#1202);
#851=LINE('',#5155,#1203);
#852=LINE('',#5158,#1204);
#853=LINE('',#5159,#1205);
#854=LINE('',#5162,#1206);
#855=LINE('',#5163,#1207);
#856=LINE('',#5166,#1208);
#857=LINE('',#5167,#1209);
#858=LINE('',#5170,#1210);
#859=LINE('',#5171,#1211);
#860=LINE('',#5173,#1212);
#861=LINE('',#5175,#1213);
#862=LINE('',#5177,#1214);
#863=LINE('',#5180,#1215);
#864=LINE('',#5182,#1216);
#865=LINE('',#5183,#1217);
#866=LINE('',#5186,#1218);
#867=LINE('',#5187,#1219);
#868=LINE('',#5190,#1220);
#869=LINE('',#5191,#1221);
#870=LINE('',#5194,#1222);
#871=LINE('',#5195,#1223);
#872=LINE('',#5198,#1224);
#873=LINE('',#5199,#1225);
#874=LINE('',#5201,#1226);
#875=LINE('',#5207,#1227);
#876=LINE('',#5209,#1228);
#877=LINE('',#5210,#1229);
#878=LINE('',#5213,#1230);
#879=LINE('',#5214,#1231);
#880=LINE('',#5217,#1232);
#881=LINE('',#5218,#1233);
#882=LINE('',#5221,#1234);
#883=LINE('',#5222,#1235);
#884=LINE('',#5225,#1236);
#885=LINE('',#5226,#1237);
#886=LINE('',#5228,#1238);
#887=LINE('',#5233,#1239);
#888=LINE('',#5235,#1240);
#889=LINE('',#5238,#1241);
#890=LINE('',#5240,#1242);
#891=LINE('',#5241,#1243);
#892=LINE('',#5244,#1244);
#893=LINE('',#5245,#1245);
#894=LINE('',#5248,#1246);
#895=LINE('',#5249,#1247);
#896=LINE('',#5252,#1248);
#897=LINE('',#5253,#1249);
#898=LINE('',#5256,#1250);
#899=LINE('',#5257,#1251);
#900=LINE('',#5259,#1252);
#901=LINE('',#5265,#1253);
#902=LINE('',#5267,#1254);
#903=LINE('',#5268,#1255);
#904=LINE('',#5271,#1256);
#905=LINE('',#5272,#1257);
#906=LINE('',#5275,#1258);
#907=LINE('',#5276,#1259);
#908=LINE('',#5279,#1260);
#909=LINE('',#5280,#1261);
#910=LINE('',#5283,#1262);
#911=LINE('',#5284,#1263);
#912=LINE('',#5286,#1264);
#913=LINE('',#5291,#1265);
#914=LINE('',#5293,#1266);
#915=LINE('',#5298,#1267);
#916=LINE('',#5300,#1268);
#917=LINE('',#5302,#1269);
#918=LINE('',#5304,#1270);
#919=LINE('',#5306,#1271);
#920=LINE('',#5307,#1272);
#921=LINE('',#5319,#1273);
#922=LINE('',#5326,#1274);
#923=LINE('',#5329,#1275);
#924=LINE('',#5331,#1276);
#925=LINE('',#5334,#1277);
#926=LINE('',#5336,#1278);
#927=VECTOR('',#3511,10.);
#928=VECTOR('',#3512,10.);
#929=VECTOR('',#3513,10.);
#930=VECTOR('',#3514,10.);
#931=VECTOR('',#3517,10.);
#932=VECTOR('',#3518,10.);
#933=VECTOR('',#3519,10.);
#934=VECTOR('',#3520,10.);
#935=VECTOR('',#3521,10.);
#936=VECTOR('',#3524,10.);
#937=VECTOR('',#3525,10.);
#938=VECTOR('',#3528,10.);
#939=VECTOR('',#3529,10.);
#940=VECTOR('',#3532,10.);
#941=VECTOR('',#3533,10.);
#942=VECTOR('',#3536,10.);
#943=VECTOR('',#3537,10.);
#944=VECTOR('',#3540,10.);
#945=VECTOR('',#3559,1.55);
#946=VECTOR('',#3576,5.5);
#947=VECTOR('',#3591,18.);
#948=VECTOR('',#3594,10.);
#949=VECTOR('',#3597,10.);
#950=VECTOR('',#3602,10.);
#951=VECTOR('',#3603,10.);
#952=VECTOR('',#3604,10.);
#953=VECTOR('',#3607,10.);
#954=VECTOR('',#3608,10.);
#955=VECTOR('',#3609,10.);
#956=VECTOR('',#3622,10.);
#957=VECTOR('',#3623,10.);
#958=VECTOR('',#3624,10.);
#959=VECTOR('',#3625,10.);
#960=VECTOR('',#3628,10.);
#961=VECTOR('',#3629,10.);
#962=VECTOR('',#3630,10.);
#963=VECTOR('',#3631,10.);
#964=VECTOR('',#3632,10.);
#965=VECTOR('',#3635,10.);
#966=VECTOR('',#3636,10.);
#967=VECTOR('',#3639,10.);
#968=VECTOR('',#3640,10.);
#969=VECTOR('',#3643,10.);
#970=VECTOR('',#3644,10.);
#971=VECTOR('',#3647,10.);
#972=VECTOR('',#3648,10.);
#973=VECTOR('',#3651,10.);
#974=VECTOR('',#3658,10.);
#975=VECTOR('',#3659,10.);
#976=VECTOR('',#3660,10.);
#977=VECTOR('',#3661,10.);
#978=VECTOR('',#3664,10.);
#979=VECTOR('',#3665,10.);
#980=VECTOR('',#3666,10.);
#981=VECTOR('',#3669,10.);
#982=VECTOR('',#3670,10.);
#983=VECTOR('',#3671,10.);
#984=VECTOR('',#3672,10.);
#985=VECTOR('',#3673,10.);
#986=VECTOR('',#3674,10.);
#987=VECTOR('',#3675,10.);
#988=VECTOR('',#3676,10.);
#989=VECTOR('',#3677,10.);
#990=VECTOR('',#3678,10.);
#991=VECTOR('',#3679,10.);
#992=VECTOR('',#3690,10.);
#993=VECTOR('',#3691,10.);
#994=VECTOR('',#3692,10.);
#995=VECTOR('',#3693,10.);
#996=VECTOR('',#3694,10.);
#997=VECTOR('',#3695,10.);
#998=VECTOR('',#3698,10.);
#999=VECTOR('',#3699,10.);
#1000=VECTOR('',#3702,10.);
#1001=VECTOR('',#3703,10.);
#1002=VECTOR('',#3704,10.);
#1003=VECTOR('',#3707,10.);
#1004=VECTOR('',#3708,10.);
#1005=VECTOR('',#3711,10.);
#1006=VECTOR('',#3712,10.);
#1007=VECTOR('',#3713,10.);
#1008=VECTOR('',#3714,10.);
#1009=VECTOR('',#3717,10.);
#1010=VECTOR('',#3718,10.);
#1011=VECTOR('',#3719,10.);
#1012=VECTOR('',#3722,10.);
#1013=VECTOR('',#3729,10.);
#1014=VECTOR('',#3730,10.);
#1015=VECTOR('',#3731,10.);
#1016=VECTOR('',#3740,10.);
#1017=VECTOR('',#3741,10.);
#1018=VECTOR('',#3742,10.);
#1019=VECTOR('',#3751,10.);
#1020=VECTOR('',#3752,10.);
#1021=VECTOR('',#3753,10.);
#1022=VECTOR('',#3754,10.);
#1023=VECTOR('',#3759,10.);
#1024=VECTOR('',#3764,10.);
#1025=VECTOR('',#3765,10.);
#1026=VECTOR('',#3766,10.);
#1027=VECTOR('',#3771,10.);
#1028=VECTOR('',#3776,10.);
#1029=VECTOR('',#3777,10.);
#1030=VECTOR('',#3780,10.);
#1031=VECTOR('',#3781,10.);
#1032=VECTOR('',#3782,10.);
#1033=VECTOR('',#3785,10.);
#1034=VECTOR('',#3786,10.);
#1035=VECTOR('',#3787,10.);
#1036=VECTOR('',#3790,10.);
#1037=VECTOR('',#3791,10.);
#1038=VECTOR('',#3792,10.);
#1039=VECTOR('',#3797,10.);
#1040=VECTOR('',#3798,10.);
#1041=VECTOR('',#3799,10.);
#1042=VECTOR('',#3800,10.);
#1043=VECTOR('',#3803,10.);
#1044=VECTOR('',#3804,10.);
#1045=VECTOR('',#3805,10.);
#1046=VECTOR('',#3808,10.);
#1047=VECTOR('',#3809,10.);
#1048=VECTOR('',#3810,10.);
#1049=VECTOR('',#3813,10.);
#1050=VECTOR('',#3814,10.);
#1051=VECTOR('',#3815,10.);
#1052=VECTOR('',#3818,10.);
#1053=VECTOR('',#3819,10.);
#1054=VECTOR('',#3820,10.);
#1055=VECTOR('',#3823,10.);
#1056=VECTOR('',#3830,10.);
#1057=VECTOR('',#3831,10.);
#1058=VECTOR('',#3832,10.);
#1059=VECTOR('',#3835,10.);
#1060=VECTOR('',#3842,10.);
#1061=VECTOR('',#3845,10.);
#1062=VECTOR('',#3846,10.);
#1063=VECTOR('',#3847,10.);
#1064=VECTOR('',#3848,10.);
#1065=VECTOR('',#3849,10.);
#1066=VECTOR('',#3850,10.);
#1067=VECTOR('',#3853,10.);
#1068=VECTOR('',#3858,10.);
#1069=VECTOR('',#3859,10.);
#1070=VECTOR('',#3862,10.);
#1071=VECTOR('',#3869,10.);
#1072=VECTOR('',#3872,10.);
#1073=VECTOR('',#3873,10.);
#1074=VECTOR('',#3876,10.);
#1075=VECTOR('',#3881,10.);
#1076=VECTOR('',#3882,10.);
#1077=VECTOR('',#3887,10.);
#1078=VECTOR('',#3888,10.);
#1079=VECTOR('',#3889,10.);
#1080=VECTOR('',#3896,10.);
#1081=VECTOR('',#3897,10.);
#1082=VECTOR('',#3898,10.);
#1083=VECTOR('',#3901,10.);
#1084=VECTOR('',#3902,10.);
#1085=VECTOR('',#3903,10.);
#1086=VECTOR('',#3906,10.);
#1087=VECTOR('',#3907,10.);
#1088=VECTOR('',#3910,10.);
#1089=VECTOR('',#3911,10.);
#1090=VECTOR('',#3914,10.);
#1091=VECTOR('',#3915,10.);
#1092=VECTOR('',#3918,10.);
#1093=VECTOR('',#3923,10.);
#1094=VECTOR('',#3926,10.);
#1095=VECTOR('',#3943,10.);
#1096=VECTOR('',#3944,10.);
#1097=VECTOR('',#3945,10.);
#1098=VECTOR('',#3946,10.);
#1099=VECTOR('',#3947,10.);
#1100=VECTOR('',#3948,10.);
#1101=VECTOR('',#3949,10.);
#1102=VECTOR('',#3950,10.);
#1103=VECTOR('',#3951,10.);
#1104=VECTOR('',#3954,10.);
#1105=VECTOR('',#3959,10.);
#1106=VECTOR('',#3962,10.);
#1107=VECTOR('',#3963,10.);
#1108=VECTOR('',#3964,10.);
#1109=VECTOR('',#3965,10.);
#1110=VECTOR('',#3966,10.);
#1111=VECTOR('',#3967,10.);
#1112=VECTOR('',#3968,10.);
#1113=VECTOR('',#3969,10.);
#1114=VECTOR('',#3970,10.);
#1115=VECTOR('',#3971,10.);
#1116=VECTOR('',#3972,10.);
#1117=VECTOR('',#3973,10.);
#1118=VECTOR('',#3974,10.);
#1119=VECTOR('',#3977,10.);
#1120=VECTOR('',#3978,10.);
#1121=VECTOR('',#3979,10.);
#1122=VECTOR('',#3986,10.);
#1123=VECTOR('',#3987,10.);
#1124=VECTOR('',#3988,10.);
#1125=VECTOR('',#3989,10.);
#1126=VECTOR('',#3990,10.);
#1127=VECTOR('',#3991,10.);
#1128=VECTOR('',#3992,10.);
#1129=VECTOR('',#3993,10.);
#1130=VECTOR('',#3994,10.);
#1131=VECTOR('',#3997,10.);
#1132=VECTOR('',#3998,10.);
#1133=VECTOR('',#3999,10.);
#1134=VECTOR('',#4000,10.);
#1135=VECTOR('',#4003,10.);
#1136=VECTOR('',#4008,10.);
#1137=VECTOR('',#4009,10.);
#1138=VECTOR('',#4010,10.);
#1139=VECTOR('',#4013,10.);
#1140=VECTOR('',#4018,10.);
#1141=VECTOR('',#4019,10.);
#1142=VECTOR('',#4020,10.);
#1143=VECTOR('',#4025,10.);
#1144=VECTOR('',#4030,10.);
#1145=VECTOR('',#4031,10.);
#1146=VECTOR('',#4032,10.);
#1147=VECTOR('',#4037,10.);
#1148=VECTOR('',#4042,10.);
#1149=VECTOR('',#4043,10.);
#1150=VECTOR('',#4052,10.);
#1151=VECTOR('',#4053,10.);
#1152=VECTOR('',#4056,10.);
#1153=VECTOR('',#4057,10.);
#1154=VECTOR('',#4058,10.);
#1155=VECTOR('',#4059,10.);
#1156=VECTOR('',#4062,10.);
#1157=VECTOR('',#4065,10.);
#1158=VECTOR('',#4068,10.);
#1159=VECTOR('',#4071,10.);
#1160=VECTOR('',#4076,10.);
#1161=VECTOR('',#4077,10.);
#1162=VECTOR('',#4078,10.);
#1163=VECTOR('',#4079,10.);
#1164=VECTOR('',#4084,10.);
#1165=VECTOR('',#4089,10.);
#1166=VECTOR('',#4090,10.);
#1167=VECTOR('',#4091,10.);
#1168=VECTOR('',#4096,10.);
#1169=VECTOR('',#4101,10.);
#1170=VECTOR('',#4102,10.);
#1171=VECTOR('',#4103,10.);
#1172=VECTOR('',#4108,10.);
#1173=VECTOR('',#4113,10.);
#1174=VECTOR('',#4114,10.);
#1175=VECTOR('',#4115,10.);
#1176=VECTOR('',#4124,10.);
#1177=VECTOR('',#4125,10.);
#1178=VECTOR('',#4128,10.);
#1179=VECTOR('',#4131,10.);
#1180=VECTOR('',#4134,10.);
#1181=VECTOR('',#4143,10.);
#1182=VECTOR('',#4148,10.);
#1183=VECTOR('',#4151,10.);
#1184=VECTOR('',#4154,10.);
#1185=VECTOR('',#4155,10.);
#1186=VECTOR('',#4162,10.);
#1187=VECTOR('',#4163,10.);
#1188=VECTOR('',#4166,10.);
#1189=VECTOR('',#4167,10.);
#1190=VECTOR('',#4168,10.);
#1191=VECTOR('',#4169,10.);
#1192=VECTOR('',#4170,10.);
#1193=VECTOR('',#4171,10.);
#1194=VECTOR('',#4172,10.);
#1195=VECTOR('',#4173,10.);
#1196=VECTOR('',#4174,10.);
#1197=VECTOR('',#4175,10.);
#1198=VECTOR('',#4176,10.);
#1199=VECTOR('',#4177,10.);
#1200=VECTOR('',#4178,10.);
#1201=VECTOR('',#4181,10.);
#1202=VECTOR('',#4182,10.);
#1203=VECTOR('',#4183,10.);
#1204=VECTOR('',#4186,10.);
#1205=VECTOR('',#4187,10.);
#1206=VECTOR('',#4190,10.);
#1207=VECTOR('',#4191,10.);
#1208=VECTOR('',#4194,10.);
#1209=VECTOR('',#4195,10.);
#1210=VECTOR('',#4198,10.);
#1211=VECTOR('',#4199,10.);
#1212=VECTOR('',#4202,10.);
#1213=VECTOR('',#4205,10.);
#1214=VECTOR('',#4208,10.);
#1215=VECTOR('',#4211,10.);
#1216=VECTOR('',#4212,10.);
#1217=VECTOR('',#4213,10.);
#1218=VECTOR('',#4216,10.);
#1219=VECTOR('',#4217,10.);
#1220=VECTOR('',#4220,10.);
#1221=VECTOR('',#4221,10.);
#1222=VECTOR('',#4224,10.);
#1223=VECTOR('',#4225,10.);
#1224=VECTOR('',#4228,10.);
#1225=VECTOR('',#4229,10.);
#1226=VECTOR('',#4232,10.);
#1227=VECTOR('',#4239,10.);
#1228=VECTOR('',#4240,10.);
#1229=VECTOR('',#4241,10.);
#1230=VECTOR('',#4244,10.);
#1231=VECTOR('',#4245,10.);
#1232=VECTOR('',#4248,10.);
#1233=VECTOR('',#4249,10.);
#1234=VECTOR('',#4252,10.);
#1235=VECTOR('',#4253,10.);
#1236=VECTOR('',#4256,10.);
#1237=VECTOR('',#4257,10.);
#1238=VECTOR('',#4260,10.);
#1239=VECTOR('',#4267,2.25);
#1240=VECTOR('',#4270,2.25);
#1241=VECTOR('',#4273,10.);
#1242=VECTOR('',#4274,10.);
#1243=VECTOR('',#4275,10.);
#1244=VECTOR('',#4278,10.);
#1245=VECTOR('',#4279,10.);
#1246=VECTOR('',#4282,10.);
#1247=VECTOR('',#4283,10.);
#1248=VECTOR('',#4286,10.);
#1249=VECTOR('',#4287,10.);
#1250=VECTOR('',#4290,10.);
#1251=VECTOR('',#4291,10.);
#1252=VECTOR('',#4294,10.);
#1253=VECTOR('',#4301,10.);
#1254=VECTOR('',#4302,10.);
#1255=VECTOR('',#4303,10.);
#1256=VECTOR('',#4306,10.);
#1257=VECTOR('',#4307,10.);
#1258=VECTOR('',#4310,10.);
#1259=VECTOR('',#4311,10.);
#1260=VECTOR('',#4314,10.);
#1261=VECTOR('',#4315,10.);
#1262=VECTOR('',#4318,10.);
#1263=VECTOR('',#4319,10.);
#1264=VECTOR('',#4322,10.);
#1265=VECTOR('',#4329,2.25);
#1266=VECTOR('',#4332,2.25);
#1267=VECTOR('',#4337,10.);
#1268=VECTOR('',#4338,10.);
#1269=VECTOR('',#4339,10.);
#1270=VECTOR('',#4340,10.);
#1271=VECTOR('',#4341,10.);
#1272=VECTOR('',#4342,10.);
#1273=VECTOR('',#4361,7.);
#1274=VECTOR('',#4372,12.);
#1275=VECTOR('',#4377,2.5);
#1276=VECTOR('',#4380,2.5);
#1277=VECTOR('',#4385,2.5);
#1278=VECTOR('',#4388,2.5);
#1279=VERTEX_POINT('',#4400);
#1280=VERTEX_POINT('',#4401);
#1281=VERTEX_POINT('',#4403);
#1282=VERTEX_POINT('',#4405);
#1283=VERTEX_POINT('',#4409);
#1284=VERTEX_POINT('',#4411);
#1285=VERTEX_POINT('',#4413);
#1286=VERTEX_POINT('',#4415);
#1287=VERTEX_POINT('',#4419);
#1288=VERTEX_POINT('',#4423);
#1289=VERTEX_POINT('',#4427);
#1290=VERTEX_POINT('',#4431);
#1291=VERTEX_POINT('',#4437);
#1292=VERTEX_POINT('',#4439);
#1293=VERTEX_POINT('',#4442);
#1294=VERTEX_POINT('',#4444);
#1295=VERTEX_POINT('',#4446);
#1296=VERTEX_POINT('',#4450);
#1297=VERTEX_POINT('',#4455);
#1298=VERTEX_POINT('',#4457);
#1299=VERTEX_POINT('',#4459);
#1300=VERTEX_POINT('',#4466);
#1301=VERTEX_POINT('',#4468);
#1302=VERTEX_POINT('',#4470);
#1303=VERTEX_POINT('',#4475);
#1304=VERTEX_POINT('',#4476);
#1305=VERTEX_POINT('',#4478);
#1306=VERTEX_POINT('',#4480);
#1307=VERTEX_POINT('',#4485);
#1308=VERTEX_POINT('',#4487);
#1309=VERTEX_POINT('',#4491);
#1310=VERTEX_POINT('',#4493);
#1311=VERTEX_POINT('',#4502);
#1312=VERTEX_POINT('',#4503);
#1313=VERTEX_POINT('',#4505);
#1314=VERTEX_POINT('',#4507);
#1315=VERTEX_POINT('',#4511);
#1316=VERTEX_POINT('',#4513);
#1317=VERTEX_POINT('',#4515);
#1318=VERTEX_POINT('',#4517);
#1319=VERTEX_POINT('',#4521);
#1320=VERTEX_POINT('',#4525);
#1321=VERTEX_POINT('',#4529);
#1322=VERTEX_POINT('',#4533);
#1323=VERTEX_POINT('',#4541);
#1324=VERTEX_POINT('',#4542);
#1325=VERTEX_POINT('',#4544);
#1326=VERTEX_POINT('',#4546);
#1327=VERTEX_POINT('',#4550);
#1328=VERTEX_POINT('',#4552);
#1329=VERTEX_POINT('',#4556);
#1330=VERTEX_POINT('',#4558);
#1331=VERTEX_POINT('',#4560);
#1332=VERTEX_POINT('',#4562);
#1333=VERTEX_POINT('',#4564);
#1334=VERTEX_POINT('',#4566);
#1335=VERTEX_POINT('',#4568);
#1336=VERTEX_POINT('',#4570);
#1337=VERTEX_POINT('',#4572);
#1338=VERTEX_POINT('',#4574);
#1339=VERTEX_POINT('',#4577);
#1340=VERTEX_POINT('',#4579);
#1341=VERTEX_POINT('',#4581);
#1342=VERTEX_POINT('',#4583);
#1343=VERTEX_POINT('',#4586);
#1344=VERTEX_POINT('',#4588);
#1345=VERTEX_POINT('',#4590);
#1346=VERTEX_POINT('',#4592);
#1347=VERTEX_POINT('',#4594);
#1348=VERTEX_POINT('',#4598);
#1349=VERTEX_POINT('',#4602);
#1350=VERTEX_POINT('',#4603);
#1351=VERTEX_POINT('',#4608);
#1352=VERTEX_POINT('',#4612);
#1353=VERTEX_POINT('',#4614);
#1354=VERTEX_POINT('',#4616);
#1355=VERTEX_POINT('',#4620);
#1356=VERTEX_POINT('',#4622);
#1357=VERTEX_POINT('',#4626);
#1358=VERTEX_POINT('',#4627);
#1359=VERTEX_POINT('',#4632);
#1360=VERTEX_POINT('',#4634);
#1361=VERTEX_POINT('',#4638);
#1362=VERTEX_POINT('',#4639);
#1363=VERTEX_POINT('',#4647);
#1364=VERTEX_POINT('',#4649);
#1365=VERTEX_POINT('',#4651);
#1366=VERTEX_POINT('',#4654);
#1367=VERTEX_POINT('',#4656);
#1368=VERTEX_POINT('',#4659);
#1369=VERTEX_POINT('',#4660);
#1370=VERTEX_POINT('',#4662);
#1371=VERTEX_POINT('',#4664);
#1372=VERTEX_POINT('',#4668);
#1373=VERTEX_POINT('',#4670);
#1374=VERTEX_POINT('',#4674);
#1375=VERTEX_POINT('',#4675);
#1376=VERTEX_POINT('',#4680);
#1377=VERTEX_POINT('',#4682);
#1378=VERTEX_POINT('',#4689);
#1379=VERTEX_POINT('',#4691);
#1380=VERTEX_POINT('',#4695);
#1381=VERTEX_POINT('',#4697);
#1382=VERTEX_POINT('',#4701);
#1383=VERTEX_POINT('',#4703);
#1384=VERTEX_POINT('',#4707);
#1385=VERTEX_POINT('',#4708);
#1386=VERTEX_POINT('',#4710);
#1387=VERTEX_POINT('',#4712);
#1388=VERTEX_POINT('',#4717);
#1389=VERTEX_POINT('',#4719);
#1390=VERTEX_POINT('',#4723);
#1391=VERTEX_POINT('',#4725);
#1392=VERTEX_POINT('',#4729);
#1393=VERTEX_POINT('',#4731);
#1394=VERTEX_POINT('',#4735);
#1395=VERTEX_POINT('',#4737);
#1396=VERTEX_POINT('',#4741);
#1397=VERTEX_POINT('',#4742);
#1398=VERTEX_POINT('',#4747);
#1399=VERTEX_POINT('',#4748);
#1400=VERTEX_POINT('',#4753);
#1401=VERTEX_POINT('',#4760);
#1402=VERTEX_POINT('',#4762);
#1403=VERTEX_POINT('',#4764);
#1404=VERTEX_POINT('',#4766);
#1405=VERTEX_POINT('',#4768);
#1406=VERTEX_POINT('',#4772);
#1407=VERTEX_POINT('',#4776);
#1408=VERTEX_POINT('',#4780);
#1409=VERTEX_POINT('',#4782);
#1410=VERTEX_POINT('',#4792);
#1411=VERTEX_POINT('',#4799);
#1412=VERTEX_POINT('',#4804);
#1413=VERTEX_POINT('',#4808);
#1414=VERTEX_POINT('',#4812);
#1415=VERTEX_POINT('',#4816);
#1416=VERTEX_POINT('',#4820);
#1417=VERTEX_POINT('',#4822);
#1418=VERTEX_POINT('',#4824);
#1419=VERTEX_POINT('',#4827);
#1420=VERTEX_POINT('',#4829);
#1421=VERTEX_POINT('',#4832);
#1422=VERTEX_POINT('',#4834);
#1423=VERTEX_POINT('',#4838);
#1424=VERTEX_POINT('',#4840);
#1425=VERTEX_POINT('',#4844);
#1426=VERTEX_POINT('',#4848);
#1427=VERTEX_POINT('',#4852);
#1428=VERTEX_POINT('',#4856);
#1429=VERTEX_POINT('',#4864);
#1430=VERTEX_POINT('',#4867);
#1431=VERTEX_POINT('',#4869);
#1432=VERTEX_POINT('',#4871);
#1433=VERTEX_POINT('',#4873);
#1434=VERTEX_POINT('',#4876);
#1435=VERTEX_POINT('',#4877);
#1436=VERTEX_POINT('',#4880);
#1437=VERTEX_POINT('',#4883);
#1438=VERTEX_POINT('',#4885);
#1439=VERTEX_POINT('',#4887);
#1440=VERTEX_POINT('',#4889);
#1441=VERTEX_POINT('',#4893);
#1442=VERTEX_POINT('',#4894);
#1443=VERTEX_POINT('',#4908);
#1444=VERTEX_POINT('',#4910);
#1445=VERTEX_POINT('',#4918);
#1446=VERTEX_POINT('',#4920);
#1447=VERTEX_POINT('',#4922);
#1448=VERTEX_POINT('',#4924);
#1449=VERTEX_POINT('',#4926);
#1450=VERTEX_POINT('',#4930);
#1451=VERTEX_POINT('',#4932);
#1452=VERTEX_POINT('',#4934);
#1453=VERTEX_POINT('',#4936);
#1454=VERTEX_POINT('',#4938);
#1455=VERTEX_POINT('',#4942);
#1456=VERTEX_POINT('',#4944);
#1457=VERTEX_POINT('',#4948);
#1458=VERTEX_POINT('',#4954);
#1459=VERTEX_POINT('',#4955);
#1460=VERTEX_POINT('',#4958);
#1461=VERTEX_POINT('',#4960);
#1462=VERTEX_POINT('',#4962);
#1463=VERTEX_POINT('',#4964);
#1464=VERTEX_POINT('',#4966);
#1465=VERTEX_POINT('',#4968);
#1466=VERTEX_POINT('',#4972);
#1467=VERTEX_POINT('',#4974);
#1468=VERTEX_POINT('',#4979);
#1469=VERTEX_POINT('',#4983);
#1470=VERTEX_POINT('',#4985);
#1471=VERTEX_POINT('',#4989);
#1472=VERTEX_POINT('',#4993);
#1473=VERTEX_POINT('',#4994);
#1474=VERTEX_POINT('',#4999);
#1475=VERTEX_POINT('',#5001);
#1476=VERTEX_POINT('',#5005);
#1477=VERTEX_POINT('',#5006);
#1478=VERTEX_POINT('',#5012);
#1479=VERTEX_POINT('',#5016);
#1480=VERTEX_POINT('',#5027);
#1481=VERTEX_POINT('',#5029);
#1482=VERTEX_POINT('',#5033);
#1483=VERTEX_POINT('',#5034);
#1484=VERTEX_POINT('',#5036);
#1485=VERTEX_POINT('',#5038);
#1486=VERTEX_POINT('',#5040);
#1487=VERTEX_POINT('',#5042);
#1488=VERTEX_POINT('',#5044);
#1489=VERTEX_POINT('',#5046);
#1490=VERTEX_POINT('',#5050);
#1491=VERTEX_POINT('',#5051);
#1492=VERTEX_POINT('',#5053);
#1493=VERTEX_POINT('',#5055);
#1494=VERTEX_POINT('',#5059);
#1495=VERTEX_POINT('',#5061);
#1496=VERTEX_POINT('',#5065);
#1497=VERTEX_POINT('',#5066);
#1498=VERTEX_POINT('',#5071);
#1499=VERTEX_POINT('',#5073);
#1500=VERTEX_POINT('',#5077);
#1501=VERTEX_POINT('',#5078);
#1502=VERTEX_POINT('',#5083);
#1503=VERTEX_POINT('',#5085);
#1504=VERTEX_POINT('',#5089);
#1505=VERTEX_POINT('',#5090);
#1506=VERTEX_POINT('',#5110);
#1507=VERTEX_POINT('',#5123);
#1508=VERTEX_POINT('',#5128);
#1509=VERTEX_POINT('',#5130);
#1510=VERTEX_POINT('',#5132);
#1511=VERTEX_POINT('',#5134);
#1512=VERTEX_POINT('',#5136);
#1513=VERTEX_POINT('',#5139);
#1514=VERTEX_POINT('',#5141);
#1515=VERTEX_POINT('',#5143);
#1516=VERTEX_POINT('',#5145);
#1517=VERTEX_POINT('',#5147);
#1518=VERTEX_POINT('',#5151);
#1519=VERTEX_POINT('',#5153);
#1520=VERTEX_POINT('',#5157);
#1521=VERTEX_POINT('',#5161);
#1522=VERTEX_POINT('',#5165);
#1523=VERTEX_POINT('',#5169);
#1524=VERTEX_POINT('',#5179);
#1525=VERTEX_POINT('',#5181);
#1526=VERTEX_POINT('',#5185);
#1527=VERTEX_POINT('',#5189);
#1528=VERTEX_POINT('',#5193);
#1529=VERTEX_POINT('',#5197);
#1530=VERTEX_POINT('',#5203);
#1531=VERTEX_POINT('',#5206);
#1532=VERTEX_POINT('',#5208);
#1533=VERTEX_POINT('',#5212);
#1534=VERTEX_POINT('',#5216);
#1535=VERTEX_POINT('',#5220);
#1536=VERTEX_POINT('',#5224);
#1537=VERTEX_POINT('',#5230);
#1538=VERTEX_POINT('',#5237);
#1539=VERTEX_POINT('',#5239);
#1540=VERTEX_POINT('',#5243);
#1541=VERTEX_POINT('',#5247);
#1542=VERTEX_POINT('',#5251);
#1543=VERTEX_POINT('',#5255);
#1544=VERTEX_POINT('',#5261);
#1545=VERTEX_POINT('',#5264);
#1546=VERTEX_POINT('',#5266);
#1547=VERTEX_POINT('',#5270);
#1548=VERTEX_POINT('',#5274);
#1549=VERTEX_POINT('',#5278);
#1550=VERTEX_POINT('',#5282);
#1551=VERTEX_POINT('',#5288);
#1552=VERTEX_POINT('',#5296);
#1553=VERTEX_POINT('',#5297);
#1554=VERTEX_POINT('',#5299);
#1555=VERTEX_POINT('',#5301);
#1556=VERTEX_POINT('',#5303);
#1557=VERTEX_POINT('',#5305);
#1558=VERTEX_POINT('',#5316);
#1559=VERTEX_POINT('',#5318);
#1560=VERTEX_POINT('',#5323);
#1561=EDGE_CURVE('',#1279,#1280,#575,.T.);
#1562=EDGE_CURVE('',#1280,#1281,#576,.T.);
#1563=EDGE_CURVE('',#1281,#1282,#577,.T.);
#1564=EDGE_CURVE('',#1282,#1279,#578,.T.);
#1565=EDGE_CURVE('',#1283,#1281,#579,.T.);
#1566=EDGE_CURVE('',#1284,#1283,#580,.T.);
#1567=EDGE_CURVE('',#1285,#1284,#581,.T.);
#1568=EDGE_CURVE('',#1286,#1285,#582,.T.);
#1569=EDGE_CURVE('',#1286,#1282,#583,.T.);
#1570=EDGE_CURVE('',#1280,#1287,#584,.T.);
#1571=EDGE_CURVE('',#1283,#1287,#585,.T.);
#1572=EDGE_CURVE('',#1287,#1288,#586,.T.);
#1573=EDGE_CURVE('',#1288,#1284,#587,.T.);
#1574=EDGE_CURVE('',#1289,#1286,#588,.T.);
#1575=EDGE_CURVE('',#1289,#1279,#589,.T.);
#1576=EDGE_CURVE('',#1290,#1288,#590,.T.);
#1577=EDGE_CURVE('',#1285,#1290,#591,.T.);
#1578=EDGE_CURVE('',#1290,#1289,#592,.T.);
#1579=EDGE_CURVE('',#1291,#1291,#110,.T.);
#1580=EDGE_CURVE('',#1292,#1292,#111,.T.);
#1581=EDGE_CURVE('',#1293,#1293,#112,.T.);
#1582=EDGE_CURVE('',#1293,#1294,#113,.T.);
#1583=EDGE_CURVE('',#1294,#1295,#114,.T.);
#1584=EDGE_CURVE('',#1295,#1294,#115,.T.);
#1585=EDGE_CURVE('',#1295,#1296,#593,.T.);
#1586=EDGE_CURVE('',#1296,#1296,#116,.T.);
#1587=EDGE_CURVE('',#1297,#1297,#117,.T.);
#1588=EDGE_CURVE('',#1297,#1298,#118,.T.);
#1589=EDGE_CURVE('',#1298,#1299,#119,.T.);
#1590=EDGE_CURVE('',#1299,#1298,#120,.T.);
#1591=EDGE_CURVE('',#1299,#1292,#594,.T.);
#1592=EDGE_CURVE('',#1300,#1300,#121,.T.);
#1593=EDGE_CURVE('',#1300,#1301,#122,.T.);
#1594=EDGE_CURVE('',#1301,#1302,#123,.T.);
#1595=EDGE_CURVE('',#1302,#1301,#124,.T.);
#1596=EDGE_CURVE('',#1291,#1302,#595,.T.);
#1597=EDGE_CURVE('',#1303,#1304,#125,.T.);
#1598=EDGE_CURVE('',#1303,#1305,#596,.T.);
#1599=EDGE_CURVE('',#1306,#1305,#126,.T.);
#1600=EDGE_CURVE('',#1306,#1304,#597,.T.);
#1601=EDGE_CURVE('',#1307,#1303,#598,.T.);
#1602=EDGE_CURVE('',#1307,#1308,#599,.T.);
#1603=EDGE_CURVE('',#1305,#1308,#600,.T.);
#1604=EDGE_CURVE('',#1304,#1309,#601,.T.);
#1605=EDGE_CURVE('',#1310,#1306,#602,.T.);
#1606=EDGE_CURVE('',#1309,#1310,#603,.T.);
#1607=EDGE_CURVE('',#1309,#1307,#127,.T.);
#1608=EDGE_CURVE('',#1308,#1310,#128,.T.);
#1609=EDGE_CURVE('',#1311,#1312,#604,.T.);
#1610=EDGE_CURVE('',#1312,#1313,#605,.T.);
#1611=EDGE_CURVE('',#1313,#1314,#606,.T.);
#1612=EDGE_CURVE('',#1314,#1311,#607,.T.);
#1613=EDGE_CURVE('',#1315,#1313,#608,.T.);
#1614=EDGE_CURVE('',#1316,#1315,#609,.T.);
#1615=EDGE_CURVE('',#1317,#1316,#610,.T.);
#1616=EDGE_CURVE('',#1318,#1317,#611,.T.);
#1617=EDGE_CURVE('',#1318,#1314,#612,.T.);
#1618=EDGE_CURVE('',#1312,#1319,#613,.T.);
#1619=EDGE_CURVE('',#1315,#1319,#614,.T.);
#1620=EDGE_CURVE('',#1319,#1320,#615,.T.);
#1621=EDGE_CURVE('',#1320,#1316,#616,.T.);
#1622=EDGE_CURVE('',#1321,#1318,#617,.T.);
#1623=EDGE_CURVE('',#1321,#1311,#618,.T.);
#1624=EDGE_CURVE('',#1322,#1320,#619,.T.);
#1625=EDGE_CURVE('',#1317,#1322,#620,.T.);
#1626=EDGE_CURVE('',#1322,#1321,#621,.T.);
#1627=EDGE_CURVE('',#1323,#1324,#622,.T.);
#1628=EDGE_CURVE('',#1324,#1325,#623,.T.);
#1629=EDGE_CURVE('',#1325,#1326,#624,.T.);
#1630=EDGE_CURVE('',#1326,#1323,#625,.T.);
#1631=EDGE_CURVE('',#1326,#1327,#626,.T.);
#1632=EDGE_CURVE('',#1327,#1328,#627,.F.);
#1633=EDGE_CURVE('',#1328,#1323,#628,.T.);
#1634=EDGE_CURVE('',#1324,#1329,#629,.T.);
#1635=EDGE_CURVE('',#1330,#1329,#630,.T.);
#1636=EDGE_CURVE('',#1331,#1330,#631,.T.);
#1637=EDGE_CURVE('',#1332,#1331,#632,.T.);
#1638=EDGE_CURVE('',#1333,#1332,#633,.T.);
#1639=EDGE_CURVE('',#1334,#1333,#634,.T.);
#1640=EDGE_CURVE('',#1335,#1334,#635,.T.);
#1641=EDGE_CURVE('',#1336,#1335,#636,.T.);
#1642=EDGE_CURVE('',#1337,#1336,#637,.T.);
#1643=EDGE_CURVE('',#1338,#1337,#638,.T.);
#1644=EDGE_CURVE('',#1338,#1325,#639,.T.);
#1645=EDGE_CURVE('',#1339,#1339,#129,.T.);
#1646=EDGE_CURVE('',#1340,#1340,#130,.T.);
#1647=EDGE_CURVE('',#1341,#1341,#131,.T.);
#1648=EDGE_CURVE('',#1342,#1342,#132,.T.);
#1649=EDGE_CURVE('',#1323,#1343,#640,.T.);
#1650=EDGE_CURVE('',#1344,#1343,#641,.T.);
#1651=EDGE_CURVE('',#1345,#1344,#642,.T.);
#1652=EDGE_CURVE('',#1346,#1345,#643,.T.);
#1653=EDGE_CURVE('',#1347,#1346,#644,.T.);
#1654=EDGE_CURVE('',#1329,#1347,#645,.T.);
#1655=EDGE_CURVE('',#1348,#1328,#646,.T.);
#1656=EDGE_CURVE('',#1343,#1348,#647,.T.);
#1657=EDGE_CURVE('',#1349,#1350,#648,.T.);
#1658=EDGE_CURVE('',#1350,#1344,#649,.F.);
#1659=EDGE_CURVE('',#1343,#1349,#650,.T.);
#1660=EDGE_CURVE('',#1348,#1351,#651,.F.);
#1661=EDGE_CURVE('',#1351,#1349,#652,.T.);
#1662=EDGE_CURVE('',#1352,#1351,#653,.T.);
#1663=EDGE_CURVE('',#1352,#1353,#654,.T.);
#1664=EDGE_CURVE('',#1354,#1353,#655,.T.);
#1665=EDGE_CURVE('',#1350,#1354,#656,.F.);
#1666=EDGE_CURVE('',#1345,#1355,#657,.F.);
#1667=EDGE_CURVE('',#1355,#1356,#658,.T.);
#1668=EDGE_CURVE('',#1356,#1346,#659,.T.);
#1669=EDGE_CURVE('',#1357,#1358,#660,.T.);
#1670=EDGE_CURVE('',#1358,#1346,#133,.T.);
#1671=EDGE_CURVE('',#1356,#1357,#134,.T.);
#1672=EDGE_CURVE('',#1357,#1359,#661,.T.);
#1673=EDGE_CURVE('',#1359,#1360,#662,.T.);
#1674=EDGE_CURVE('',#1360,#1358,#663,.T.);
#1675=EDGE_CURVE('',#1361,#1362,#22,.F.);
#1676=EDGE_CURVE('',#1362,#1360,#135,.T.);
#1677=EDGE_CURVE('',#1359,#1361,#136,.T.);
#1678=EDGE_CURVE('',#1363,#1355,#664,.F.);
#1679=EDGE_CURVE('',#1364,#1363,#665,.T.);
#1680=EDGE_CURVE('',#1365,#1364,#666,.T.);
#1681=EDGE_CURVE('',#1361,#1365,#137,.T.);
#1682=EDGE_CURVE('',#1366,#1366,#138,.T.);
#1683=EDGE_CURVE('',#1367,#1367,#139,.T.);
#1684=EDGE_CURVE('',#1368,#1369,#667,.T.);
#1685=EDGE_CURVE('',#1369,#1370,#668,.T.);
#1686=EDGE_CURVE('',#1370,#1371,#669,.T.);
#1687=EDGE_CURVE('',#1371,#1368,#670,.T.);
#1688=EDGE_CURVE('',#1369,#1372,#140,.T.);
#1689=EDGE_CURVE('',#1372,#1373,#671,.T.);
#1690=EDGE_CURVE('',#1373,#1370,#141,.T.);
#1691=EDGE_CURVE('',#1374,#1375,#672,.T.);
#1692=EDGE_CURVE('',#1375,#1373,#673,.T.);
#1693=EDGE_CURVE('',#1372,#1374,#674,.T.);
#1694=EDGE_CURVE('',#1374,#1376,#142,.T.);
#1695=EDGE_CURVE('',#1376,#1377,#675,.T.);
#1696=EDGE_CURVE('',#1377,#1375,#143,.T.);
#1697=EDGE_CURVE('',#1331,#1377,#676,.T.);
#1698=EDGE_CURVE('',#1376,#1332,#677,.T.);
#1699=EDGE_CURVE('',#1378,#1368,#678,.T.);
#1700=EDGE_CURVE('',#1371,#1379,#679,.T.);
#1701=EDGE_CURVE('',#1379,#1378,#680,.T.);
#1702=EDGE_CURVE('',#1380,#1378,#681,.T.);
#1703=EDGE_CURVE('',#1379,#1381,#682,.T.);
#1704=EDGE_CURVE('',#1381,#1380,#683,.T.);
#1705=EDGE_CURVE('',#1382,#1380,#684,.T.);
#1706=EDGE_CURVE('',#1381,#1383,#685,.T.);
#1707=EDGE_CURVE('',#1383,#1382,#686,.T.);
#1708=EDGE_CURVE('',#1384,#1385,#21,.T.);
#1709=EDGE_CURVE('',#1384,#1386,#687,.T.);
#1710=EDGE_CURVE('',#1386,#1387,#688,.T.);
#1711=EDGE_CURVE('',#1387,#1382,#689,.T.);
#1712=EDGE_CURVE('',#1383,#1385,#690,.T.);
#1713=EDGE_CURVE('',#1388,#1387,#691,.T.);
#1714=EDGE_CURVE('',#1386,#1389,#692,.T.);
#1715=EDGE_CURVE('',#1389,#1388,#693,.T.);
#1716=EDGE_CURVE('',#1390,#1388,#694,.T.);
#1717=EDGE_CURVE('',#1389,#1391,#695,.T.);
#1718=EDGE_CURVE('',#1391,#1390,#696,.T.);
#1719=EDGE_CURVE('',#1392,#1390,#697,.T.);
#1720=EDGE_CURVE('',#1391,#1393,#698,.T.);
#1721=EDGE_CURVE('',#1393,#1392,#699,.T.);
#1722=EDGE_CURVE('',#1393,#1394,#700,.T.);
#1723=EDGE_CURVE('',#1394,#1395,#701,.T.);
#1724=EDGE_CURVE('',#1395,#1392,#702,.T.);
#1725=EDGE_CURVE('',#1396,#1397,#703,.T.);
#1726=EDGE_CURVE('',#1397,#1395,#144,.T.);
#1727=EDGE_CURVE('',#1394,#1396,#145,.T.);
#1728=EDGE_CURVE('',#1398,#1399,#704,.T.);
#1729=EDGE_CURVE('',#1399,#1397,#705,.T.);
#1730=EDGE_CURVE('',#1396,#1398,#706,.T.);
#1731=EDGE_CURVE('',#1400,#1347,#707,.T.);
#1732=EDGE_CURVE('',#1347,#1399,#146,.T.);
#1733=EDGE_CURVE('',#1398,#1400,#147,.T.);
#1734=EDGE_CURVE('',#1400,#1330,#708,.T.);
#1735=EDGE_CURVE('',#1401,#1376,#709,.T.);
#1736=EDGE_CURVE('',#1402,#1401,#710,.T.);
#1737=EDGE_CURVE('',#1403,#1402,#711,.T.);
#1738=EDGE_CURVE('',#1404,#1403,#712,.T.);
#1739=EDGE_CURVE('',#1405,#1404,#713,.T.);
#1740=EDGE_CURVE('',#1333,#1405,#714,.T.);
#1741=EDGE_CURVE('',#1374,#1406,#715,.T.);
#1742=EDGE_CURVE('',#1401,#1406,#148,.T.);
#1743=EDGE_CURVE('',#1407,#1372,#716,.T.);
#1744=EDGE_CURVE('',#1406,#1407,#717,.T.);
#1745=EDGE_CURVE('',#1369,#1408,#718,.T.);
#1746=EDGE_CURVE('',#1408,#1409,#23,.F.);
#1747=EDGE_CURVE('',#1410,#1409,#24,.T.);
#1748=EDGE_CURVE('',#1407,#1410,#149,.T.);
#1749=EDGE_CURVE('',#1410,#1411,#25,.F.);
#1750=EDGE_CURVE('',#1411,#1412,#150,.T.);
#1751=EDGE_CURVE('',#1412,#1407,#719,.T.);
#1752=EDGE_CURVE('',#1413,#1406,#720,.T.);
#1753=EDGE_CURVE('',#1412,#1413,#721,.T.);
#1754=EDGE_CURVE('',#1414,#1401,#722,.T.);
#1755=EDGE_CURVE('',#1413,#1414,#151,.T.);
#1756=EDGE_CURVE('',#1415,#1402,#723,.F.);
#1757=EDGE_CURVE('',#1414,#1415,#724,.T.);
#1758=EDGE_CURVE('',#1416,#1411,#152,.T.);
#1759=EDGE_CURVE('',#1417,#1416,#725,.T.);
#1760=EDGE_CURVE('',#1418,#1417,#726,.T.);
#1761=EDGE_CURVE('',#1415,#1418,#727,.F.);
#1762=EDGE_CURVE('',#1419,#1419,#153,.T.);
#1763=EDGE_CURVE('',#1420,#1420,#154,.T.);
#1764=EDGE_CURVE('',#1403,#1421,#728,.F.);
#1765=EDGE_CURVE('',#1421,#1422,#729,.T.);
#1766=EDGE_CURVE('',#1422,#1404,#730,.T.);
#1767=EDGE_CURVE('',#1422,#1423,#731,.T.);
#1768=EDGE_CURVE('',#1423,#1424,#732,.F.);
#1769=EDGE_CURVE('',#1424,#1404,#733,.T.);
#1770=EDGE_CURVE('',#1425,#1424,#734,.T.);
#1771=EDGE_CURVE('',#1405,#1425,#735,.T.);
#1772=EDGE_CURVE('',#1426,#1334,#736,.T.);
#1773=EDGE_CURVE('',#1405,#1426,#737,.T.);
#1774=EDGE_CURVE('',#1425,#1427,#738,.F.);
#1775=EDGE_CURVE('',#1427,#1426,#739,.T.);
#1776=EDGE_CURVE('',#1428,#1427,#740,.T.);
#1777=EDGE_CURVE('',#1335,#1428,#155,.F.);
#1778=EDGE_CURVE('',#1358,#1399,#741,.T.);
#1779=EDGE_CURVE('',#1397,#1360,#742,.T.);
#1780=EDGE_CURVE('',#1384,#1429,#156,.T.);
#1781=EDGE_CURVE('',#1429,#1385,#157,.T.);
#1782=EDGE_CURVE('',#1430,#1430,#158,.T.);
#1783=EDGE_CURVE('',#1431,#1431,#159,.T.);
#1784=EDGE_CURVE('',#1432,#1432,#160,.T.);
#1785=EDGE_CURVE('',#1433,#1433,#161,.T.);
#1786=EDGE_CURVE('',#1434,#1435,#743,.F.);
#1787=EDGE_CURVE('',#1434,#1353,#744,.T.);
#1788=EDGE_CURVE('',#1352,#1436,#745,.T.);
#1789=EDGE_CURVE('',#1436,#1364,#746,.T.);
#1790=EDGE_CURVE('',#1364,#1437,#747,.T.);
#1791=EDGE_CURVE('',#1438,#1437,#748,.F.);
#1792=EDGE_CURVE('',#1439,#1438,#749,.F.);
#1793=EDGE_CURVE('',#1439,#1440,#750,.T.);
#1794=EDGE_CURVE('',#1435,#1440,#751,.F.);
#1795=EDGE_CURVE('',#1441,#1442,#26,.T.);
#1796=EDGE_CURVE('',#1442,#1362,#27,.T.);
#1797=EDGE_CURVE('',#1365,#1443,#752,.T.);
#1798=EDGE_CURVE('',#1443,#1444,#162,.T.);
#1799=EDGE_CURVE('',#1444,#1441,#19,.T.);
#1800=EDGE_CURVE('',#1436,#1443,#753,.T.);
#1801=EDGE_CURVE('',#1439,#1445,#754,.T.);
#1802=EDGE_CURVE('',#1445,#1446,#755,.T.);
#1803=EDGE_CURVE('',#1446,#1447,#756,.T.);
#1804=EDGE_CURVE('',#1447,#1448,#757,.T.);
#1805=EDGE_CURVE('',#1448,#1449,#758,.T.);
#1806=EDGE_CURVE('',#1449,#1437,#759,.T.);
#1807=EDGE_CURVE('',#1354,#1363,#760,.T.);
#1808=EDGE_CURVE('',#1434,#1450,#761,.T.);
#1809=EDGE_CURVE('',#1450,#1451,#762,.T.);
#1810=EDGE_CURVE('',#1451,#1452,#763,.T.);
#1811=EDGE_CURVE('',#1452,#1453,#764,.T.);
#1812=EDGE_CURVE('',#1453,#1454,#765,.T.);
#1813=EDGE_CURVE('',#1454,#1440,#766,.T.);
#1814=EDGE_CURVE('',#1416,#1455,#767,.T.);
#1815=EDGE_CURVE('',#1455,#1456,#768,.T.);
#1816=EDGE_CURVE('',#1456,#1417,#769,.T.);
#1817=EDGE_CURVE('',#1457,#1408,#20,.F.);
#1818=EDGE_CURVE('',#1457,#1455,#163,.T.);
#1819=EDGE_CURVE('',#1458,#1459,#770,.F.);
#1820=EDGE_CURVE('',#1458,#1417,#771,.T.);
#1821=EDGE_CURVE('',#1456,#1460,#772,.T.);
#1822=EDGE_CURVE('',#1461,#1460,#773,.T.);
#1823=EDGE_CURVE('',#1461,#1462,#774,.T.);
#1824=EDGE_CURVE('',#1463,#1462,#775,.F.);
#1825=EDGE_CURVE('',#1464,#1463,#776,.F.);
#1826=EDGE_CURVE('',#1464,#1465,#777,.T.);
#1827=EDGE_CURVE('',#1459,#1465,#778,.F.);
#1828=EDGE_CURVE('',#1466,#1455,#779,.T.);
#1829=EDGE_CURVE('',#1467,#1466,#780,.T.);
#1830=EDGE_CURVE('',#1428,#1467,#781,.T.);
#1831=EDGE_CURVE('',#1423,#1460,#782,.T.);
#1832=EDGE_CURVE('',#1457,#1468,#783,.T.);
#1833=EDGE_CURVE('',#1466,#1468,#164,.T.);
#1834=EDGE_CURVE('',#1466,#1469,#784,.T.);
#1835=EDGE_CURVE('',#1469,#1470,#785,.T.);
#1836=EDGE_CURVE('',#1470,#1467,#786,.T.);
#1837=EDGE_CURVE('',#1468,#1471,#787,.T.);
#1838=EDGE_CURVE('',#1471,#1469,#165,.T.);
#1839=EDGE_CURVE('',#1472,#1473,#788,.T.);
#1840=EDGE_CURVE('',#1473,#1471,#789,.T.);
#1841=EDGE_CURVE('',#1468,#1472,#790,.T.);
#1842=EDGE_CURVE('',#1472,#1474,#166,.T.);
#1843=EDGE_CURVE('',#1474,#1475,#791,.T.);
#1844=EDGE_CURVE('',#1475,#1473,#167,.T.);
#1845=EDGE_CURVE('',#1476,#1477,#792,.T.);
#1846=EDGE_CURVE('',#1477,#1475,#793,.T.);
#1847=EDGE_CURVE('',#1474,#1476,#794,.T.);
#1848=EDGE_CURVE('',#1476,#1337,#168,.T.);
#1849=EDGE_CURVE('',#1337,#1478,#795,.T.);
#1850=EDGE_CURVE('',#1478,#1477,#169,.T.);
#1851=EDGE_CURVE('',#1336,#1479,#796,.T.);
#1852=EDGE_CURVE('',#1479,#1478,#797,.T.);
#1853=EDGE_CURVE('',#1336,#1467,#170,.T.);
#1854=EDGE_CURVE('',#1470,#1479,#171,.T.);
#1855=EDGE_CURVE('',#1443,#1474,#798,.T.);
#1856=EDGE_CURVE('',#1472,#1444,#799,.T.);
#1857=EDGE_CURVE('',#1441,#1395,#800,.T.);
#1858=EDGE_CURVE('',#1480,#1368,#801,.T.);
#1859=EDGE_CURVE('',#1481,#1480,#802,.T.);
#1860=EDGE_CURVE('',#1392,#1481,#803,.T.);
#1861=EDGE_CURVE('',#1482,#1483,#804,.T.);
#1862=EDGE_CURVE('',#1484,#1483,#172,.F.);
#1863=EDGE_CURVE('',#1484,#1485,#805,.T.);
#1864=EDGE_CURVE('',#1486,#1485,#173,.F.);
#1865=EDGE_CURVE('',#1486,#1487,#806,.T.);
#1866=EDGE_CURVE('',#1488,#1487,#174,.F.);
#1867=EDGE_CURVE('',#1488,#1489,#807,.T.);
#1868=EDGE_CURVE('',#1482,#1489,#175,.F.);
#1869=EDGE_CURVE('',#1490,#1491,#808,.T.);
#1870=EDGE_CURVE('',#1491,#1492,#809,.T.);
#1871=EDGE_CURVE('',#1492,#1493,#810,.T.);
#1872=EDGE_CURVE('',#1493,#1490,#811,.T.);
#1873=EDGE_CURVE('',#1490,#1494,#176,.T.);
#1874=EDGE_CURVE('',#1494,#1495,#812,.T.);
#1875=EDGE_CURVE('',#1495,#1491,#177,.T.);
#1876=EDGE_CURVE('',#1496,#1497,#813,.T.);
#1877=EDGE_CURVE('',#1497,#1495,#814,.T.);
#1878=EDGE_CURVE('',#1494,#1496,#815,.T.);
#1879=EDGE_CURVE('',#1496,#1498,#178,.T.);
#1880=EDGE_CURVE('',#1498,#1499,#816,.T.);
#1881=EDGE_CURVE('',#1499,#1497,#179,.T.);
#1882=EDGE_CURVE('',#1500,#1501,#817,.T.);
#1883=EDGE_CURVE('',#1501,#1499,#818,.T.);
#1884=EDGE_CURVE('',#1498,#1500,#819,.T.);
#1885=EDGE_CURVE('',#1500,#1502,#180,.T.);
#1886=EDGE_CURVE('',#1502,#1503,#820,.T.);
#1887=EDGE_CURVE('',#1503,#1501,#181,.T.);
#1888=EDGE_CURVE('',#1504,#1505,#821,.T.);
#1889=EDGE_CURVE('',#1505,#1503,#822,.T.);
#1890=EDGE_CURVE('',#1502,#1504,#823,.T.);
#1891=EDGE_CURVE('',#1504,#1493,#182,.T.);
#1892=EDGE_CURVE('',#1492,#1505,#183,.T.);
#1893=EDGE_CURVE('',#1496,#1484,#824,.T.);
#1894=EDGE_CURVE('',#1483,#1498,#825,.T.);
#1895=EDGE_CURVE('',#1485,#1494,#826,.T.);
#1896=EDGE_CURVE('',#1490,#1486,#827,.T.);
#1897=EDGE_CURVE('',#1487,#1493,#828,.T.);
#1898=EDGE_CURVE('',#1476,#1506,#829,.T.);
#1899=EDGE_CURVE('',#1506,#1338,#184,.F.);
#1900=EDGE_CURVE('',#1327,#1506,#830,.T.);
#1901=EDGE_CURVE('',#1504,#1488,#831,.T.);
#1902=EDGE_CURVE('',#1500,#1482,#832,.T.);
#1903=EDGE_CURVE('',#1489,#1502,#833,.T.);
#1904=EDGE_CURVE('',#1418,#1507,#834,.T.);
#1905=EDGE_CURVE('',#1421,#1507,#835,.T.);
#1906=EDGE_CURVE('',#1461,#1507,#836,.T.);
#1907=EDGE_CURVE('',#1458,#1508,#837,.T.);
#1908=EDGE_CURVE('',#1508,#1509,#838,.T.);
#1909=EDGE_CURVE('',#1509,#1510,#839,.T.);
#1910=EDGE_CURVE('',#1510,#1511,#840,.T.);
#1911=EDGE_CURVE('',#1511,#1512,#841,.T.);
#1912=EDGE_CURVE('',#1512,#1465,#842,.T.);
#1913=EDGE_CURVE('',#1464,#1513,#843,.T.);
#1914=EDGE_CURVE('',#1513,#1514,#844,.T.);
#1915=EDGE_CURVE('',#1514,#1515,#845,.T.);
#1916=EDGE_CURVE('',#1515,#1516,#846,.T.);
#1917=EDGE_CURVE('',#1516,#1517,#847,.T.);
#1918=EDGE_CURVE('',#1517,#1462,#848,.T.);
#1919=EDGE_CURVE('',#1388,#1518,#849,.T.);
#1920=EDGE_CURVE('',#1519,#1518,#850,.T.);
#1921=EDGE_CURVE('',#1519,#1387,#851,.T.);
#1922=EDGE_CURVE('',#1519,#1520,#852,.T.);
#1923=EDGE_CURVE('',#1382,#1520,#853,.T.);
#1924=EDGE_CURVE('',#1521,#1520,#854,.T.);
#1925=EDGE_CURVE('',#1521,#1380,#855,.T.);
#1926=EDGE_CURVE('',#1521,#1522,#856,.T.);
#1927=EDGE_CURVE('',#1378,#1522,#857,.T.);
#1928=EDGE_CURVE('',#1481,#1523,#858,.T.);
#1929=EDGE_CURVE('',#1523,#1390,#859,.T.);
#1930=EDGE_CURVE('',#1522,#1480,#860,.T.);
#1931=EDGE_CURVE('',#1522,#1523,#861,.T.);
#1932=EDGE_CURVE('',#1523,#1518,#862,.T.);
#1933=EDGE_CURVE('',#1451,#1524,#863,.T.);
#1934=EDGE_CURVE('',#1525,#1524,#864,.T.);
#1935=EDGE_CURVE('',#1452,#1525,#865,.T.);
#1936=EDGE_CURVE('',#1526,#1525,#866,.T.);
#1937=EDGE_CURVE('',#1453,#1526,#867,.T.);
#1938=EDGE_CURVE('',#1527,#1526,#868,.T.);
#1939=EDGE_CURVE('',#1454,#1527,#869,.T.);
#1940=EDGE_CURVE('',#1528,#1527,#870,.T.);
#1941=EDGE_CURVE('',#1435,#1528,#871,.T.);
#1942=EDGE_CURVE('',#1529,#1528,#872,.T.);
#1943=EDGE_CURVE('',#1450,#1529,#873,.T.);
#1944=EDGE_CURVE('',#1524,#1529,#874,.T.);
#1945=EDGE_CURVE('',#1530,#1530,#185,.T.);
#1946=EDGE_CURVE('',#1446,#1531,#875,.T.);
#1947=EDGE_CURVE('',#1532,#1531,#876,.T.);
#1948=EDGE_CURVE('',#1447,#1532,#877,.T.);
#1949=EDGE_CURVE('',#1533,#1532,#878,.T.);
#1950=EDGE_CURVE('',#1448,#1533,#879,.T.);
#1951=EDGE_CURVE('',#1534,#1533,#880,.T.);
#1952=EDGE_CURVE('',#1449,#1534,#881,.T.);
#1953=EDGE_CURVE('',#1535,#1534,#882,.T.);
#1954=EDGE_CURVE('',#1438,#1535,#883,.T.);
#1955=EDGE_CURVE('',#1536,#1535,#884,.T.);
#1956=EDGE_CURVE('',#1445,#1536,#885,.T.);
#1957=EDGE_CURVE('',#1531,#1536,#886,.T.);
#1958=EDGE_CURVE('',#1537,#1537,#186,.T.);
#1959=EDGE_CURVE('',#1530,#1339,#887,.T.);
#1960=EDGE_CURVE('',#1537,#1340,#888,.T.);
#1961=EDGE_CURVE('',#1510,#1538,#889,.T.);
#1962=EDGE_CURVE('',#1538,#1539,#890,.T.);
#1963=EDGE_CURVE('',#1511,#1539,#891,.T.);
#1964=EDGE_CURVE('',#1509,#1540,#892,.T.);
#1965=EDGE_CURVE('',#1540,#1538,#893,.T.);
#1966=EDGE_CURVE('',#1508,#1541,#894,.T.);
#1967=EDGE_CURVE('',#1541,#1540,#895,.T.);
#1968=EDGE_CURVE('',#1459,#1542,#896,.T.);
#1969=EDGE_CURVE('',#1542,#1541,#897,.T.);
#1970=EDGE_CURVE('',#1512,#1543,#898,.T.);
#1971=EDGE_CURVE('',#1543,#1542,#899,.T.);
#1972=EDGE_CURVE('',#1539,#1543,#900,.T.);
#1973=EDGE_CURVE('',#1544,#1544,#187,.T.);
#1974=EDGE_CURVE('',#1515,#1545,#901,.T.);
#1975=EDGE_CURVE('',#1545,#1546,#902,.T.);
#1976=EDGE_CURVE('',#1516,#1546,#903,.T.);
#1977=EDGE_CURVE('',#1514,#1547,#904,.T.);
#1978=EDGE_CURVE('',#1547,#1545,#905,.T.);
#1979=EDGE_CURVE('',#1513,#1548,#906,.T.);
#1980=EDGE_CURVE('',#1548,#1547,#907,.T.);
#1981=EDGE_CURVE('',#1463,#1549,#908,.T.);
#1982=EDGE_CURVE('',#1549,#1548,#909,.T.);
#1983=EDGE_CURVE('',#1517,#1550,#910,.T.);
#1984=EDGE_CURVE('',#1550,#1549,#911,.T.);
#1985=EDGE_CURVE('',#1546,#1550,#912,.T.);
#1986=EDGE_CURVE('',#1551,#1551,#188,.T.);
#1987=EDGE_CURVE('',#1544,#1341,#913,.T.);
#1988=EDGE_CURVE('',#1551,#1342,#914,.T.);
#1989=EDGE_CURVE('',#1552,#1553,#915,.T.);
#1990=EDGE_CURVE('',#1554,#1552,#916,.T.);
#1991=EDGE_CURVE('',#1554,#1555,#917,.T.);
#1992=EDGE_CURVE('',#1556,#1555,#918,.T.);
#1993=EDGE_CURVE('',#1557,#1556,#919,.T.);
#1994=EDGE_CURVE('',#1553,#1557,#920,.T.);
#1995=EDGE_CURVE('',#1557,#1554,#189,.T.);
#1996=EDGE_CURVE('',#1555,#1556,#190,.T.);
#1997=EDGE_CURVE('',#1554,#1557,#191,.T.);
#1998=EDGE_CURVE('',#1553,#1552,#192,.T.);
#1999=EDGE_CURVE('',#1558,#1558,#193,.T.);
#2000=EDGE_CURVE('',#1558,#1559,#921,.T.);
#2001=EDGE_CURVE('',#1559,#1559,#194,.T.);
#2002=EDGE_CURVE('',#1560,#1560,#195,.T.);
#2003=EDGE_CURVE('',#1560,#1429,#922,.T.);
#2004=EDGE_CURVE('',#1420,#1430,#923,.T.);
#2005=EDGE_CURVE('',#1419,#1431,#924,.T.);
#2006=EDGE_CURVE('',#1367,#1432,#925,.T.);
#2007=EDGE_CURVE('',#1366,#1433,#926,.T.);
#2008=ORIENTED_EDGE('',*,*,#1561,.T.);
#2009=ORIENTED_EDGE('',*,*,#1562,.T.);
#2010=ORIENTED_EDGE('',*,*,#1563,.T.);
#2011=ORIENTED_EDGE('',*,*,#1564,.T.);
#2012=ORIENTED_EDGE('',*,*,#1563,.F.);
#2013=ORIENTED_EDGE('',*,*,#1565,.F.);
#2014=ORIENTED_EDGE('',*,*,#1566,.F.);
#2015=ORIENTED_EDGE('',*,*,#1567,.F.);
#2016=ORIENTED_EDGE('',*,*,#1568,.F.);
#2017=ORIENTED_EDGE('',*,*,#1569,.T.);
#2018=ORIENTED_EDGE('',*,*,#1562,.F.);
#2019=ORIENTED_EDGE('',*,*,#1570,.T.);
#2020=ORIENTED_EDGE('',*,*,#1571,.F.);
#2021=ORIENTED_EDGE('',*,*,#1565,.T.);
#2022=ORIENTED_EDGE('',*,*,#1566,.T.);
#2023=ORIENTED_EDGE('',*,*,#1571,.T.);
#2024=ORIENTED_EDGE('',*,*,#1572,.T.);
#2025=ORIENTED_EDGE('',*,*,#1573,.T.);
#2026=ORIENTED_EDGE('',*,*,#1564,.F.);
#2027=ORIENTED_EDGE('',*,*,#1569,.F.);
#2028=ORIENTED_EDGE('',*,*,#1574,.F.);
#2029=ORIENTED_EDGE('',*,*,#1575,.T.);
#2030=ORIENTED_EDGE('',*,*,#1573,.F.);
#2031=ORIENTED_EDGE('',*,*,#1576,.F.);
#2032=ORIENTED_EDGE('',*,*,#1577,.F.);
#2033=ORIENTED_EDGE('',*,*,#1567,.T.);
#2034=ORIENTED_EDGE('',*,*,#1561,.F.);
#2035=ORIENTED_EDGE('',*,*,#1575,.F.);
#2036=ORIENTED_EDGE('',*,*,#1578,.F.);
#2037=ORIENTED_EDGE('',*,*,#1576,.T.);
#2038=ORIENTED_EDGE('',*,*,#1572,.F.);
#2039=ORIENTED_EDGE('',*,*,#1570,.F.);
#2040=ORIENTED_EDGE('',*,*,#1579,.T.);
#2041=ORIENTED_EDGE('',*,*,#1574,.T.);
#2042=ORIENTED_EDGE('',*,*,#1568,.T.);
#2043=ORIENTED_EDGE('',*,*,#1577,.T.);
#2044=ORIENTED_EDGE('',*,*,#1578,.T.);
#2045=ORIENTED_EDGE('',*,*,#1580,.F.);
#2046=ORIENTED_EDGE('',*,*,#1581,.T.);
#2047=ORIENTED_EDGE('',*,*,#1582,.T.);
#2048=ORIENTED_EDGE('',*,*,#1583,.T.);
#2049=ORIENTED_EDGE('',*,*,#1584,.T.);
#2050=ORIENTED_EDGE('',*,*,#1582,.F.);
#2051=ORIENTED_EDGE('',*,*,#1584,.F.);
#2052=ORIENTED_EDGE('',*,*,#1585,.T.);
#2053=ORIENTED_EDGE('',*,*,#1586,.F.);
#2054=ORIENTED_EDGE('',*,*,#1585,.F.);
#2055=ORIENTED_EDGE('',*,*,#1583,.F.);
#2056=ORIENTED_EDGE('',*,*,#1581,.F.);
#2057=ORIENTED_EDGE('',*,*,#1587,.T.);
#2058=ORIENTED_EDGE('',*,*,#1588,.T.);
#2059=ORIENTED_EDGE('',*,*,#1589,.T.);
#2060=ORIENTED_EDGE('',*,*,#1590,.T.);
#2061=ORIENTED_EDGE('',*,*,#1588,.F.);
#2062=ORIENTED_EDGE('',*,*,#1590,.F.);
#2063=ORIENTED_EDGE('',*,*,#1591,.T.);
#2064=ORIENTED_EDGE('',*,*,#1580,.T.);
#2065=ORIENTED_EDGE('',*,*,#1591,.F.);
#2066=ORIENTED_EDGE('',*,*,#1589,.F.);
#2067=ORIENTED_EDGE('',*,*,#1587,.F.);
#2068=ORIENTED_EDGE('',*,*,#1586,.T.);
#2069=ORIENTED_EDGE('',*,*,#1592,.T.);
#2070=ORIENTED_EDGE('',*,*,#1593,.T.);
#2071=ORIENTED_EDGE('',*,*,#1594,.T.);
#2072=ORIENTED_EDGE('',*,*,#1595,.T.);
#2073=ORIENTED_EDGE('',*,*,#1593,.F.);
#2074=ORIENTED_EDGE('',*,*,#1579,.F.);
#2075=ORIENTED_EDGE('',*,*,#1596,.T.);
#2076=ORIENTED_EDGE('',*,*,#1594,.F.);
#2077=ORIENTED_EDGE('',*,*,#1595,.F.);
#2078=ORIENTED_EDGE('',*,*,#1596,.F.);
#2079=ORIENTED_EDGE('',*,*,#1597,.F.);
#2080=ORIENTED_EDGE('',*,*,#1598,.T.);
#2081=ORIENTED_EDGE('',*,*,#1599,.F.);
#2082=ORIENTED_EDGE('',*,*,#1600,.T.);
#2083=ORIENTED_EDGE('',*,*,#1592,.F.);
#2084=ORIENTED_EDGE('',*,*,#1601,.F.);
#2085=ORIENTED_EDGE('',*,*,#1602,.T.);
#2086=ORIENTED_EDGE('',*,*,#1603,.F.);
#2087=ORIENTED_EDGE('',*,*,#1598,.F.);
#2088=ORIENTED_EDGE('',*,*,#1604,.F.);
#2089=ORIENTED_EDGE('',*,*,#1600,.F.);
#2090=ORIENTED_EDGE('',*,*,#1605,.F.);
#2091=ORIENTED_EDGE('',*,*,#1606,.F.);
#2092=ORIENTED_EDGE('',*,*,#1607,.F.);
#2093=ORIENTED_EDGE('',*,*,#1606,.T.);
#2094=ORIENTED_EDGE('',*,*,#1608,.F.);
#2095=ORIENTED_EDGE('',*,*,#1602,.F.);
#2096=ORIENTED_EDGE('',*,*,#1597,.T.);
#2097=ORIENTED_EDGE('',*,*,#1604,.T.);
#2098=ORIENTED_EDGE('',*,*,#1607,.T.);
#2099=ORIENTED_EDGE('',*,*,#1601,.T.);
#2100=ORIENTED_EDGE('',*,*,#1599,.T.);
#2101=ORIENTED_EDGE('',*,*,#1603,.T.);
#2102=ORIENTED_EDGE('',*,*,#1608,.T.);
#2103=ORIENTED_EDGE('',*,*,#1605,.T.);
#2104=ORIENTED_EDGE('',*,*,#1609,.T.);
#2105=ORIENTED_EDGE('',*,*,#1610,.T.);
#2106=ORIENTED_EDGE('',*,*,#1611,.T.);
#2107=ORIENTED_EDGE('',*,*,#1612,.T.);
#2108=ORIENTED_EDGE('',*,*,#1611,.F.);
#2109=ORIENTED_EDGE('',*,*,#1613,.F.);
#2110=ORIENTED_EDGE('',*,*,#1614,.F.);
#2111=ORIENTED_EDGE('',*,*,#1615,.F.);
#2112=ORIENTED_EDGE('',*,*,#1616,.F.);
#2113=ORIENTED_EDGE('',*,*,#1617,.T.);
#2114=ORIENTED_EDGE('',*,*,#1610,.F.);
#2115=ORIENTED_EDGE('',*,*,#1618,.T.);
#2116=ORIENTED_EDGE('',*,*,#1619,.F.);
#2117=ORIENTED_EDGE('',*,*,#1613,.T.);
#2118=ORIENTED_EDGE('',*,*,#1614,.T.);
#2119=ORIENTED_EDGE('',*,*,#1619,.T.);
#2120=ORIENTED_EDGE('',*,*,#1620,.T.);
#2121=ORIENTED_EDGE('',*,*,#1621,.T.);
#2122=ORIENTED_EDGE('',*,*,#1612,.F.);
#2123=ORIENTED_EDGE('',*,*,#1617,.F.);
#2124=ORIENTED_EDGE('',*,*,#1622,.F.);
#2125=ORIENTED_EDGE('',*,*,#1623,.T.);
#2126=ORIENTED_EDGE('',*,*,#1621,.F.);
#2127=ORIENTED_EDGE('',*,*,#1624,.F.);
#2128=ORIENTED_EDGE('',*,*,#1625,.F.);
#2129=ORIENTED_EDGE('',*,*,#1615,.T.);
#2130=ORIENTED_EDGE('',*,*,#1609,.F.);
#2131=ORIENTED_EDGE('',*,*,#1623,.F.);
#2132=ORIENTED_EDGE('',*,*,#1626,.F.);
#2133=ORIENTED_EDGE('',*,*,#1624,.T.);
#2134=ORIENTED_EDGE('',*,*,#1620,.F.);
#2135=ORIENTED_EDGE('',*,*,#1618,.F.);
#2136=ORIENTED_EDGE('',*,*,#1626,.T.);
#2137=ORIENTED_EDGE('',*,*,#1622,.T.);
#2138=ORIENTED_EDGE('',*,*,#1616,.T.);
#2139=ORIENTED_EDGE('',*,*,#1625,.T.);
#2140=ORIENTED_EDGE('',*,*,#1627,.T.);
#2141=ORIENTED_EDGE('',*,*,#1628,.T.);
#2142=ORIENTED_EDGE('',*,*,#1629,.T.);
#2143=ORIENTED_EDGE('',*,*,#1630,.T.);
#2144=ORIENTED_EDGE('',*,*,#1631,.T.);
#2145=ORIENTED_EDGE('',*,*,#1632,.T.);
#2146=ORIENTED_EDGE('',*,*,#1633,.T.);
#2147=ORIENTED_EDGE('',*,*,#1630,.F.);
#2148=ORIENTED_EDGE('',*,*,#1628,.F.);
#2149=ORIENTED_EDGE('',*,*,#1634,.T.);
#2150=ORIENTED_EDGE('',*,*,#1635,.F.);
#2151=ORIENTED_EDGE('',*,*,#1636,.F.);
#2152=ORIENTED_EDGE('',*,*,#1637,.F.);
#2153=ORIENTED_EDGE('',*,*,#1638,.F.);
#2154=ORIENTED_EDGE('',*,*,#1639,.F.);
#2155=ORIENTED_EDGE('',*,*,#1640,.F.);
#2156=ORIENTED_EDGE('',*,*,#1641,.F.);
#2157=ORIENTED_EDGE('',*,*,#1642,.F.);
#2158=ORIENTED_EDGE('',*,*,#1643,.F.);
#2159=ORIENTED_EDGE('',*,*,#1644,.T.);
#2160=ORIENTED_EDGE('',*,*,#1645,.T.);
#2161=ORIENTED_EDGE('',*,*,#1646,.T.);
#2162=ORIENTED_EDGE('',*,*,#1647,.T.);
#2163=ORIENTED_EDGE('',*,*,#1648,.T.);
#2164=ORIENTED_EDGE('',*,*,#1627,.F.);
#2165=ORIENTED_EDGE('',*,*,#1649,.T.);
#2166=ORIENTED_EDGE('',*,*,#1650,.F.);
#2167=ORIENTED_EDGE('',*,*,#1651,.F.);
#2168=ORIENTED_EDGE('',*,*,#1652,.F.);
#2169=ORIENTED_EDGE('',*,*,#1653,.F.);
#2170=ORIENTED_EDGE('',*,*,#1654,.F.);
#2171=ORIENTED_EDGE('',*,*,#1634,.F.);
#2172=ORIENTED_EDGE('',*,*,#1633,.F.);
#2173=ORIENTED_EDGE('',*,*,#1655,.F.);
#2174=ORIENTED_EDGE('',*,*,#1656,.F.);
#2175=ORIENTED_EDGE('',*,*,#1649,.F.);
#2176=ORIENTED_EDGE('',*,*,#1657,.T.);
#2177=ORIENTED_EDGE('',*,*,#1658,.T.);
#2178=ORIENTED_EDGE('',*,*,#1650,.T.);
#2179=ORIENTED_EDGE('',*,*,#1659,.T.);
#2180=ORIENTED_EDGE('',*,*,#1656,.T.);
#2181=ORIENTED_EDGE('',*,*,#1660,.T.);
#2182=ORIENTED_EDGE('',*,*,#1661,.T.);
#2183=ORIENTED_EDGE('',*,*,#1659,.F.);
#2184=ORIENTED_EDGE('',*,*,#1657,.F.);
#2185=ORIENTED_EDGE('',*,*,#1661,.F.);
#2186=ORIENTED_EDGE('',*,*,#1662,.F.);
#2187=ORIENTED_EDGE('',*,*,#1663,.T.);
#2188=ORIENTED_EDGE('',*,*,#1664,.F.);
#2189=ORIENTED_EDGE('',*,*,#1665,.F.);
#2190=ORIENTED_EDGE('',*,*,#1666,.T.);
#2191=ORIENTED_EDGE('',*,*,#1667,.T.);
#2192=ORIENTED_EDGE('',*,*,#1668,.T.);
#2193=ORIENTED_EDGE('',*,*,#1652,.T.);
#2194=ORIENTED_EDGE('',*,*,#1669,.T.);
#2195=ORIENTED_EDGE('',*,*,#1670,.T.);
#2196=ORIENTED_EDGE('',*,*,#1668,.F.);
#2197=ORIENTED_EDGE('',*,*,#1671,.T.);
#2198=ORIENTED_EDGE('',*,*,#1669,.F.);
#2199=ORIENTED_EDGE('',*,*,#1672,.T.);
#2200=ORIENTED_EDGE('',*,*,#1673,.T.);
#2201=ORIENTED_EDGE('',*,*,#1674,.T.);
#2202=ORIENTED_EDGE('',*,*,#1675,.T.);
#2203=ORIENTED_EDGE('',*,*,#1676,.T.);
#2204=ORIENTED_EDGE('',*,*,#1673,.F.);
#2205=ORIENTED_EDGE('',*,*,#1677,.T.);
#2206=ORIENTED_EDGE('',*,*,#1677,.F.);
#2207=ORIENTED_EDGE('',*,*,#1672,.F.);
#2208=ORIENTED_EDGE('',*,*,#1671,.F.);
#2209=ORIENTED_EDGE('',*,*,#1667,.F.);
#2210=ORIENTED_EDGE('',*,*,#1678,.F.);
#2211=ORIENTED_EDGE('',*,*,#1679,.F.);
#2212=ORIENTED_EDGE('',*,*,#1680,.F.);
#2213=ORIENTED_EDGE('',*,*,#1681,.F.);
#2214=ORIENTED_EDGE('',*,*,#1682,.T.);
#2215=ORIENTED_EDGE('',*,*,#1683,.T.);
#2216=ORIENTED_EDGE('',*,*,#1684,.T.);
#2217=ORIENTED_EDGE('',*,*,#1685,.T.);
#2218=ORIENTED_EDGE('',*,*,#1686,.T.);
#2219=ORIENTED_EDGE('',*,*,#1687,.T.);
#2220=ORIENTED_EDGE('',*,*,#1685,.F.);
#2221=ORIENTED_EDGE('',*,*,#1688,.T.);
#2222=ORIENTED_EDGE('',*,*,#1689,.T.);
#2223=ORIENTED_EDGE('',*,*,#1690,.T.);
#2224=ORIENTED_EDGE('',*,*,#1691,.T.);
#2225=ORIENTED_EDGE('',*,*,#1692,.T.);
#2226=ORIENTED_EDGE('',*,*,#1689,.F.);
#2227=ORIENTED_EDGE('',*,*,#1693,.T.);
#2228=ORIENTED_EDGE('',*,*,#1691,.F.);
#2229=ORIENTED_EDGE('',*,*,#1694,.T.);
#2230=ORIENTED_EDGE('',*,*,#1695,.T.);
#2231=ORIENTED_EDGE('',*,*,#1696,.T.);
#2232=ORIENTED_EDGE('',*,*,#1637,.T.);
#2233=ORIENTED_EDGE('',*,*,#1697,.T.);
#2234=ORIENTED_EDGE('',*,*,#1695,.F.);
#2235=ORIENTED_EDGE('',*,*,#1698,.T.);
#2236=ORIENTED_EDGE('',*,*,#1699,.T.);
#2237=ORIENTED_EDGE('',*,*,#1687,.F.);
#2238=ORIENTED_EDGE('',*,*,#1700,.T.);
#2239=ORIENTED_EDGE('',*,*,#1701,.T.);
#2240=ORIENTED_EDGE('',*,*,#1702,.T.);
#2241=ORIENTED_EDGE('',*,*,#1701,.F.);
#2242=ORIENTED_EDGE('',*,*,#1703,.T.);
#2243=ORIENTED_EDGE('',*,*,#1704,.T.);
#2244=ORIENTED_EDGE('',*,*,#1705,.T.);
#2245=ORIENTED_EDGE('',*,*,#1704,.F.);
#2246=ORIENTED_EDGE('',*,*,#1706,.T.);
#2247=ORIENTED_EDGE('',*,*,#1707,.T.);
#2248=ORIENTED_EDGE('',*,*,#1708,.F.);
#2249=ORIENTED_EDGE('',*,*,#1709,.T.);
#2250=ORIENTED_EDGE('',*,*,#1710,.T.);
#2251=ORIENTED_EDGE('',*,*,#1711,.T.);
#2252=ORIENTED_EDGE('',*,*,#1707,.F.);
#2253=ORIENTED_EDGE('',*,*,#1712,.T.);
#2254=ORIENTED_EDGE('',*,*,#1713,.T.);
#2255=ORIENTED_EDGE('',*,*,#1710,.F.);
#2256=ORIENTED_EDGE('',*,*,#1714,.T.);
#2257=ORIENTED_EDGE('',*,*,#1715,.T.);
#2258=ORIENTED_EDGE('',*,*,#1716,.T.);
#2259=ORIENTED_EDGE('',*,*,#1715,.F.);
#2260=ORIENTED_EDGE('',*,*,#1717,.T.);
#2261=ORIENTED_EDGE('',*,*,#1718,.T.);
#2262=ORIENTED_EDGE('',*,*,#1719,.T.);
#2263=ORIENTED_EDGE('',*,*,#1718,.F.);
#2264=ORIENTED_EDGE('',*,*,#1720,.T.);
#2265=ORIENTED_EDGE('',*,*,#1721,.T.);
#2266=ORIENTED_EDGE('',*,*,#1722,.T.);
#2267=ORIENTED_EDGE('',*,*,#1723,.T.);
#2268=ORIENTED_EDGE('',*,*,#1724,.T.);
#2269=ORIENTED_EDGE('',*,*,#1721,.F.);
#2270=ORIENTED_EDGE('',*,*,#1725,.T.);
#2271=ORIENTED_EDGE('',*,*,#1726,.T.);
#2272=ORIENTED_EDGE('',*,*,#1723,.F.);
#2273=ORIENTED_EDGE('',*,*,#1727,.T.);
#2274=ORIENTED_EDGE('',*,*,#1728,.T.);
#2275=ORIENTED_EDGE('',*,*,#1729,.T.);
#2276=ORIENTED_EDGE('',*,*,#1725,.F.);
#2277=ORIENTED_EDGE('',*,*,#1730,.T.);
#2278=ORIENTED_EDGE('',*,*,#1731,.T.);
#2279=ORIENTED_EDGE('',*,*,#1732,.T.);
#2280=ORIENTED_EDGE('',*,*,#1728,.F.);
#2281=ORIENTED_EDGE('',*,*,#1733,.T.);
#2282=ORIENTED_EDGE('',*,*,#1635,.T.);
#2283=ORIENTED_EDGE('',*,*,#1654,.T.);
#2284=ORIENTED_EDGE('',*,*,#1731,.F.);
#2285=ORIENTED_EDGE('',*,*,#1734,.T.);
#2286=ORIENTED_EDGE('',*,*,#1698,.F.);
#2287=ORIENTED_EDGE('',*,*,#1735,.F.);
#2288=ORIENTED_EDGE('',*,*,#1736,.F.);
#2289=ORIENTED_EDGE('',*,*,#1737,.F.);
#2290=ORIENTED_EDGE('',*,*,#1738,.F.);
#2291=ORIENTED_EDGE('',*,*,#1739,.F.);
#2292=ORIENTED_EDGE('',*,*,#1740,.F.);
#2293=ORIENTED_EDGE('',*,*,#1638,.T.);
#2294=ORIENTED_EDGE('',*,*,#1694,.F.);
#2295=ORIENTED_EDGE('',*,*,#1741,.T.);
#2296=ORIENTED_EDGE('',*,*,#1742,.F.);
#2297=ORIENTED_EDGE('',*,*,#1735,.T.);
#2298=ORIENTED_EDGE('',*,*,#1693,.F.);
#2299=ORIENTED_EDGE('',*,*,#1743,.F.);
#2300=ORIENTED_EDGE('',*,*,#1744,.F.);
#2301=ORIENTED_EDGE('',*,*,#1741,.F.);
#2302=ORIENTED_EDGE('',*,*,#1688,.F.);
#2303=ORIENTED_EDGE('',*,*,#1745,.T.);
#2304=ORIENTED_EDGE('',*,*,#1746,.T.);
#2305=ORIENTED_EDGE('',*,*,#1747,.F.);
#2306=ORIENTED_EDGE('',*,*,#1748,.F.);
#2307=ORIENTED_EDGE('',*,*,#1743,.T.);
#2308=ORIENTED_EDGE('',*,*,#1749,.T.);
#2309=ORIENTED_EDGE('',*,*,#1750,.T.);
#2310=ORIENTED_EDGE('',*,*,#1751,.T.);
#2311=ORIENTED_EDGE('',*,*,#1748,.T.);
#2312=ORIENTED_EDGE('',*,*,#1752,.T.);
#2313=ORIENTED_EDGE('',*,*,#1744,.T.);
#2314=ORIENTED_EDGE('',*,*,#1751,.F.);
#2315=ORIENTED_EDGE('',*,*,#1753,.T.);
#2316=ORIENTED_EDGE('',*,*,#1754,.T.);
#2317=ORIENTED_EDGE('',*,*,#1742,.T.);
#2318=ORIENTED_EDGE('',*,*,#1752,.F.);
#2319=ORIENTED_EDGE('',*,*,#1755,.T.);
#2320=ORIENTED_EDGE('',*,*,#1756,.T.);
#2321=ORIENTED_EDGE('',*,*,#1736,.T.);
#2322=ORIENTED_EDGE('',*,*,#1754,.F.);
#2323=ORIENTED_EDGE('',*,*,#1757,.T.);
#2324=ORIENTED_EDGE('',*,*,#1757,.F.);
#2325=ORIENTED_EDGE('',*,*,#1755,.F.);
#2326=ORIENTED_EDGE('',*,*,#1753,.F.);
#2327=ORIENTED_EDGE('',*,*,#1750,.F.);
#2328=ORIENTED_EDGE('',*,*,#1758,.F.);
#2329=ORIENTED_EDGE('',*,*,#1759,.F.);
#2330=ORIENTED_EDGE('',*,*,#1760,.F.);
#2331=ORIENTED_EDGE('',*,*,#1761,.F.);
#2332=ORIENTED_EDGE('',*,*,#1762,.F.);
#2333=ORIENTED_EDGE('',*,*,#1763,.F.);
#2334=ORIENTED_EDGE('',*,*,#1738,.T.);
#2335=ORIENTED_EDGE('',*,*,#1764,.T.);
#2336=ORIENTED_EDGE('',*,*,#1765,.T.);
#2337=ORIENTED_EDGE('',*,*,#1766,.T.);
#2338=ORIENTED_EDGE('',*,*,#1767,.T.);
#2339=ORIENTED_EDGE('',*,*,#1768,.T.);
#2340=ORIENTED_EDGE('',*,*,#1769,.T.);
#2341=ORIENTED_EDGE('',*,*,#1766,.F.);
#2342=ORIENTED_EDGE('',*,*,#1769,.F.);
#2343=ORIENTED_EDGE('',*,*,#1770,.F.);
#2344=ORIENTED_EDGE('',*,*,#1771,.F.);
#2345=ORIENTED_EDGE('',*,*,#1739,.T.);
#2346=ORIENTED_EDGE('',*,*,#1772,.T.);
#2347=ORIENTED_EDGE('',*,*,#1639,.T.);
#2348=ORIENTED_EDGE('',*,*,#1740,.T.);
#2349=ORIENTED_EDGE('',*,*,#1773,.T.);
#2350=ORIENTED_EDGE('',*,*,#1771,.T.);
#2351=ORIENTED_EDGE('',*,*,#1774,.T.);
#2352=ORIENTED_EDGE('',*,*,#1775,.T.);
#2353=ORIENTED_EDGE('',*,*,#1773,.F.);
#2354=ORIENTED_EDGE('',*,*,#1772,.F.);
#2355=ORIENTED_EDGE('',*,*,#1775,.F.);
#2356=ORIENTED_EDGE('',*,*,#1776,.F.);
#2357=ORIENTED_EDGE('',*,*,#1777,.F.);
#2358=ORIENTED_EDGE('',*,*,#1640,.T.);
#2359=ORIENTED_EDGE('',*,*,#1670,.F.);
#2360=ORIENTED_EDGE('',*,*,#1778,.T.);
#2361=ORIENTED_EDGE('',*,*,#1732,.F.);
#2362=ORIENTED_EDGE('',*,*,#1653,.T.);
#2363=ORIENTED_EDGE('',*,*,#1674,.F.);
#2364=ORIENTED_EDGE('',*,*,#1779,.F.);
#2365=ORIENTED_EDGE('',*,*,#1729,.F.);
#2366=ORIENTED_EDGE('',*,*,#1778,.F.);
#2367=ORIENTED_EDGE('',*,*,#1709,.F.);
#2368=ORIENTED_EDGE('',*,*,#1780,.T.);
#2369=ORIENTED_EDGE('',*,*,#1781,.T.);
#2370=ORIENTED_EDGE('',*,*,#1712,.F.);
#2371=ORIENTED_EDGE('',*,*,#1706,.F.);
#2372=ORIENTED_EDGE('',*,*,#1703,.F.);
#2373=ORIENTED_EDGE('',*,*,#1700,.F.);
#2374=ORIENTED_EDGE('',*,*,#1686,.F.);
#2375=ORIENTED_EDGE('',*,*,#1690,.F.);
#2376=ORIENTED_EDGE('',*,*,#1692,.F.);
#2377=ORIENTED_EDGE('',*,*,#1696,.F.);
#2378=ORIENTED_EDGE('',*,*,#1697,.F.);
#2379=ORIENTED_EDGE('',*,*,#1636,.T.);
#2380=ORIENTED_EDGE('',*,*,#1734,.F.);
#2381=ORIENTED_EDGE('',*,*,#1733,.F.);
#2382=ORIENTED_EDGE('',*,*,#1730,.F.);
#2383=ORIENTED_EDGE('',*,*,#1727,.F.);
#2384=ORIENTED_EDGE('',*,*,#1722,.F.);
#2385=ORIENTED_EDGE('',*,*,#1720,.F.);
#2386=ORIENTED_EDGE('',*,*,#1717,.F.);
#2387=ORIENTED_EDGE('',*,*,#1714,.F.);
#2388=ORIENTED_EDGE('',*,*,#1782,.T.);
#2389=ORIENTED_EDGE('',*,*,#1783,.T.);
#2390=ORIENTED_EDGE('',*,*,#1784,.F.);
#2391=ORIENTED_EDGE('',*,*,#1785,.F.);
#2392=ORIENTED_EDGE('',*,*,#1786,.F.);
#2393=ORIENTED_EDGE('',*,*,#1787,.T.);
#2394=ORIENTED_EDGE('',*,*,#1663,.F.);
#2395=ORIENTED_EDGE('',*,*,#1788,.T.);
#2396=ORIENTED_EDGE('',*,*,#1789,.T.);
#2397=ORIENTED_EDGE('',*,*,#1790,.T.);
#2398=ORIENTED_EDGE('',*,*,#1791,.F.);
#2399=ORIENTED_EDGE('',*,*,#1792,.F.);
#2400=ORIENTED_EDGE('',*,*,#1793,.T.);
#2401=ORIENTED_EDGE('',*,*,#1794,.F.);
#2402=ORIENTED_EDGE('',*,*,#1795,.T.);
#2403=ORIENTED_EDGE('',*,*,#1796,.T.);
#2404=ORIENTED_EDGE('',*,*,#1675,.F.);
#2405=ORIENTED_EDGE('',*,*,#1681,.T.);
#2406=ORIENTED_EDGE('',*,*,#1797,.T.);
#2407=ORIENTED_EDGE('',*,*,#1798,.T.);
#2408=ORIENTED_EDGE('',*,*,#1799,.T.);
#2409=ORIENTED_EDGE('',*,*,#1800,.T.);
#2410=ORIENTED_EDGE('',*,*,#1797,.F.);
#2411=ORIENTED_EDGE('',*,*,#1680,.T.);
#2412=ORIENTED_EDGE('',*,*,#1789,.F.);
#2413=ORIENTED_EDGE('',*,*,#1793,.F.);
#2414=ORIENTED_EDGE('',*,*,#1801,.T.);
#2415=ORIENTED_EDGE('',*,*,#1802,.T.);
#2416=ORIENTED_EDGE('',*,*,#1803,.T.);
#2417=ORIENTED_EDGE('',*,*,#1804,.T.);
#2418=ORIENTED_EDGE('',*,*,#1805,.T.);
#2419=ORIENTED_EDGE('',*,*,#1806,.T.);
#2420=ORIENTED_EDGE('',*,*,#1790,.F.);
#2421=ORIENTED_EDGE('',*,*,#1679,.T.);
#2422=ORIENTED_EDGE('',*,*,#1807,.F.);
#2423=ORIENTED_EDGE('',*,*,#1664,.T.);
#2424=ORIENTED_EDGE('',*,*,#1787,.F.);
#2425=ORIENTED_EDGE('',*,*,#1808,.T.);
#2426=ORIENTED_EDGE('',*,*,#1809,.T.);
#2427=ORIENTED_EDGE('',*,*,#1810,.T.);
#2428=ORIENTED_EDGE('',*,*,#1811,.T.);
#2429=ORIENTED_EDGE('',*,*,#1812,.T.);
#2430=ORIENTED_EDGE('',*,*,#1813,.T.);
#2431=ORIENTED_EDGE('',*,*,#1759,.T.);
#2432=ORIENTED_EDGE('',*,*,#1814,.T.);
#2433=ORIENTED_EDGE('',*,*,#1815,.T.);
#2434=ORIENTED_EDGE('',*,*,#1816,.T.);
#2435=ORIENTED_EDGE('',*,*,#1817,.F.);
#2436=ORIENTED_EDGE('',*,*,#1818,.T.);
#2437=ORIENTED_EDGE('',*,*,#1814,.F.);
#2438=ORIENTED_EDGE('',*,*,#1758,.T.);
#2439=ORIENTED_EDGE('',*,*,#1749,.F.);
#2440=ORIENTED_EDGE('',*,*,#1747,.T.);
#2441=ORIENTED_EDGE('',*,*,#1746,.F.);
#2442=ORIENTED_EDGE('',*,*,#1819,.F.);
#2443=ORIENTED_EDGE('',*,*,#1820,.T.);
#2444=ORIENTED_EDGE('',*,*,#1816,.F.);
#2445=ORIENTED_EDGE('',*,*,#1821,.T.);
#2446=ORIENTED_EDGE('',*,*,#1822,.F.);
#2447=ORIENTED_EDGE('',*,*,#1823,.T.);
#2448=ORIENTED_EDGE('',*,*,#1824,.F.);
#2449=ORIENTED_EDGE('',*,*,#1825,.F.);
#2450=ORIENTED_EDGE('',*,*,#1826,.T.);
#2451=ORIENTED_EDGE('',*,*,#1827,.F.);
#2452=ORIENTED_EDGE('',*,*,#1821,.F.);
#2453=ORIENTED_EDGE('',*,*,#1815,.F.);
#2454=ORIENTED_EDGE('',*,*,#1828,.F.);
#2455=ORIENTED_EDGE('',*,*,#1829,.F.);
#2456=ORIENTED_EDGE('',*,*,#1830,.F.);
#2457=ORIENTED_EDGE('',*,*,#1776,.T.);
#2458=ORIENTED_EDGE('',*,*,#1774,.F.);
#2459=ORIENTED_EDGE('',*,*,#1770,.T.);
#2460=ORIENTED_EDGE('',*,*,#1768,.F.);
#2461=ORIENTED_EDGE('',*,*,#1831,.T.);
#2462=ORIENTED_EDGE('',*,*,#1818,.F.);
#2463=ORIENTED_EDGE('',*,*,#1832,.T.);
#2464=ORIENTED_EDGE('',*,*,#1833,.F.);
#2465=ORIENTED_EDGE('',*,*,#1828,.T.);
#2466=ORIENTED_EDGE('',*,*,#1834,.T.);
#2467=ORIENTED_EDGE('',*,*,#1835,.T.);
#2468=ORIENTED_EDGE('',*,*,#1836,.T.);
#2469=ORIENTED_EDGE('',*,*,#1829,.T.);
#2470=ORIENTED_EDGE('',*,*,#1834,.F.);
#2471=ORIENTED_EDGE('',*,*,#1833,.T.);
#2472=ORIENTED_EDGE('',*,*,#1837,.T.);
#2473=ORIENTED_EDGE('',*,*,#1838,.T.);
#2474=ORIENTED_EDGE('',*,*,#1839,.T.);
#2475=ORIENTED_EDGE('',*,*,#1840,.T.);
#2476=ORIENTED_EDGE('',*,*,#1837,.F.);
#2477=ORIENTED_EDGE('',*,*,#1841,.T.);
#2478=ORIENTED_EDGE('',*,*,#1839,.F.);
#2479=ORIENTED_EDGE('',*,*,#1842,.T.);
#2480=ORIENTED_EDGE('',*,*,#1843,.T.);
#2481=ORIENTED_EDGE('',*,*,#1844,.T.);
#2482=ORIENTED_EDGE('',*,*,#1845,.T.);
#2483=ORIENTED_EDGE('',*,*,#1846,.T.);
#2484=ORIENTED_EDGE('',*,*,#1843,.F.);
#2485=ORIENTED_EDGE('',*,*,#1847,.T.);
#2486=ORIENTED_EDGE('',*,*,#1845,.F.);
#2487=ORIENTED_EDGE('',*,*,#1848,.T.);
#2488=ORIENTED_EDGE('',*,*,#1849,.T.);
#2489=ORIENTED_EDGE('',*,*,#1850,.T.);
#2490=ORIENTED_EDGE('',*,*,#1851,.T.);
#2491=ORIENTED_EDGE('',*,*,#1852,.T.);
#2492=ORIENTED_EDGE('',*,*,#1849,.F.);
#2493=ORIENTED_EDGE('',*,*,#1642,.T.);
#2494=ORIENTED_EDGE('',*,*,#1851,.F.);
#2495=ORIENTED_EDGE('',*,*,#1853,.T.);
#2496=ORIENTED_EDGE('',*,*,#1836,.F.);
#2497=ORIENTED_EDGE('',*,*,#1854,.T.);
#2498=ORIENTED_EDGE('',*,*,#1798,.F.);
#2499=ORIENTED_EDGE('',*,*,#1855,.T.);
#2500=ORIENTED_EDGE('',*,*,#1842,.F.);
#2501=ORIENTED_EDGE('',*,*,#1856,.T.);
#2502=ORIENTED_EDGE('',*,*,#1724,.F.);
#2503=ORIENTED_EDGE('',*,*,#1857,.F.);
#2504=ORIENTED_EDGE('',*,*,#1799,.F.);
#2505=ORIENTED_EDGE('',*,*,#1856,.F.);
#2506=ORIENTED_EDGE('',*,*,#1841,.F.);
#2507=ORIENTED_EDGE('',*,*,#1832,.F.);
#2508=ORIENTED_EDGE('',*,*,#1817,.T.);
#2509=ORIENTED_EDGE('',*,*,#1745,.F.);
#2510=ORIENTED_EDGE('',*,*,#1684,.F.);
#2511=ORIENTED_EDGE('',*,*,#1858,.F.);
#2512=ORIENTED_EDGE('',*,*,#1859,.F.);
#2513=ORIENTED_EDGE('',*,*,#1860,.F.);
#2514=ORIENTED_EDGE('',*,*,#1835,.F.);
#2515=ORIENTED_EDGE('',*,*,#1838,.F.);
#2516=ORIENTED_EDGE('',*,*,#1840,.F.);
#2517=ORIENTED_EDGE('',*,*,#1844,.F.);
#2518=ORIENTED_EDGE('',*,*,#1846,.F.);
#2519=ORIENTED_EDGE('',*,*,#1850,.F.);
#2520=ORIENTED_EDGE('',*,*,#1852,.F.);
#2521=ORIENTED_EDGE('',*,*,#1854,.F.);
#2522=ORIENTED_EDGE('',*,*,#1861,.T.);
#2523=ORIENTED_EDGE('',*,*,#1862,.F.);
#2524=ORIENTED_EDGE('',*,*,#1863,.T.);
#2525=ORIENTED_EDGE('',*,*,#1864,.F.);
#2526=ORIENTED_EDGE('',*,*,#1865,.T.);
#2527=ORIENTED_EDGE('',*,*,#1866,.F.);
#2528=ORIENTED_EDGE('',*,*,#1867,.T.);
#2529=ORIENTED_EDGE('',*,*,#1868,.F.);
#2530=ORIENTED_EDGE('',*,*,#1869,.T.);
#2531=ORIENTED_EDGE('',*,*,#1870,.T.);
#2532=ORIENTED_EDGE('',*,*,#1871,.T.);
#2533=ORIENTED_EDGE('',*,*,#1872,.T.);
#2534=ORIENTED_EDGE('',*,*,#1869,.F.);
#2535=ORIENTED_EDGE('',*,*,#1873,.T.);
#2536=ORIENTED_EDGE('',*,*,#1874,.T.);
#2537=ORIENTED_EDGE('',*,*,#1875,.T.);
#2538=ORIENTED_EDGE('',*,*,#1876,.T.);
#2539=ORIENTED_EDGE('',*,*,#1877,.T.);
#2540=ORIENTED_EDGE('',*,*,#1874,.F.);
#2541=ORIENTED_EDGE('',*,*,#1878,.T.);
#2542=ORIENTED_EDGE('',*,*,#1876,.F.);
#2543=ORIENTED_EDGE('',*,*,#1879,.T.);
#2544=ORIENTED_EDGE('',*,*,#1880,.T.);
#2545=ORIENTED_EDGE('',*,*,#1881,.T.);
#2546=ORIENTED_EDGE('',*,*,#1882,.T.);
#2547=ORIENTED_EDGE('',*,*,#1883,.T.);
#2548=ORIENTED_EDGE('',*,*,#1880,.F.);
#2549=ORIENTED_EDGE('',*,*,#1884,.T.);
#2550=ORIENTED_EDGE('',*,*,#1882,.F.);
#2551=ORIENTED_EDGE('',*,*,#1885,.T.);
#2552=ORIENTED_EDGE('',*,*,#1886,.T.);
#2553=ORIENTED_EDGE('',*,*,#1887,.T.);
#2554=ORIENTED_EDGE('',*,*,#1888,.T.);
#2555=ORIENTED_EDGE('',*,*,#1889,.T.);
#2556=ORIENTED_EDGE('',*,*,#1886,.F.);
#2557=ORIENTED_EDGE('',*,*,#1890,.T.);
#2558=ORIENTED_EDGE('',*,*,#1888,.F.);
#2559=ORIENTED_EDGE('',*,*,#1891,.T.);
#2560=ORIENTED_EDGE('',*,*,#1871,.F.);
#2561=ORIENTED_EDGE('',*,*,#1892,.T.);
#2562=ORIENTED_EDGE('',*,*,#1879,.F.);
#2563=ORIENTED_EDGE('',*,*,#1893,.T.);
#2564=ORIENTED_EDGE('',*,*,#1862,.T.);
#2565=ORIENTED_EDGE('',*,*,#1894,.T.);
#2566=ORIENTED_EDGE('',*,*,#1878,.F.);
#2567=ORIENTED_EDGE('',*,*,#1895,.F.);
#2568=ORIENTED_EDGE('',*,*,#1863,.F.);
#2569=ORIENTED_EDGE('',*,*,#1893,.F.);
#2570=ORIENTED_EDGE('',*,*,#1873,.F.);
#2571=ORIENTED_EDGE('',*,*,#1896,.T.);
#2572=ORIENTED_EDGE('',*,*,#1864,.T.);
#2573=ORIENTED_EDGE('',*,*,#1895,.T.);
#2574=ORIENTED_EDGE('',*,*,#1872,.F.);
#2575=ORIENTED_EDGE('',*,*,#1897,.F.);
#2576=ORIENTED_EDGE('',*,*,#1865,.F.);
#2577=ORIENTED_EDGE('',*,*,#1896,.F.);
#2578=ORIENTED_EDGE('',*,*,#1870,.F.);
#2579=ORIENTED_EDGE('',*,*,#1875,.F.);
#2580=ORIENTED_EDGE('',*,*,#1877,.F.);
#2581=ORIENTED_EDGE('',*,*,#1881,.F.);
#2582=ORIENTED_EDGE('',*,*,#1883,.F.);
#2583=ORIENTED_EDGE('',*,*,#1887,.F.);
#2584=ORIENTED_EDGE('',*,*,#1889,.F.);
#2585=ORIENTED_EDGE('',*,*,#1892,.F.);
#2586=ORIENTED_EDGE('',*,*,#1796,.F.);
#2587=ORIENTED_EDGE('',*,*,#1795,.F.);
#2588=ORIENTED_EDGE('',*,*,#1857,.T.);
#2589=ORIENTED_EDGE('',*,*,#1726,.F.);
#2590=ORIENTED_EDGE('',*,*,#1779,.T.);
#2591=ORIENTED_EDGE('',*,*,#1676,.F.);
#2592=ORIENTED_EDGE('',*,*,#1853,.F.);
#2593=ORIENTED_EDGE('',*,*,#1641,.T.);
#2594=ORIENTED_EDGE('',*,*,#1777,.T.);
#2595=ORIENTED_EDGE('',*,*,#1830,.T.);
#2596=ORIENTED_EDGE('',*,*,#1848,.F.);
#2597=ORIENTED_EDGE('',*,*,#1898,.T.);
#2598=ORIENTED_EDGE('',*,*,#1899,.T.);
#2599=ORIENTED_EDGE('',*,*,#1643,.T.);
#2600=ORIENTED_EDGE('',*,*,#1788,.F.);
#2601=ORIENTED_EDGE('',*,*,#1662,.T.);
#2602=ORIENTED_EDGE('',*,*,#1660,.F.);
#2603=ORIENTED_EDGE('',*,*,#1655,.T.);
#2604=ORIENTED_EDGE('',*,*,#1632,.F.);
#2605=ORIENTED_EDGE('',*,*,#1900,.T.);
#2606=ORIENTED_EDGE('',*,*,#1898,.F.);
#2607=ORIENTED_EDGE('',*,*,#1847,.F.);
#2608=ORIENTED_EDGE('',*,*,#1855,.F.);
#2609=ORIENTED_EDGE('',*,*,#1800,.F.);
#2610=ORIENTED_EDGE('',*,*,#1891,.F.);
#2611=ORIENTED_EDGE('',*,*,#1901,.T.);
#2612=ORIENTED_EDGE('',*,*,#1866,.T.);
#2613=ORIENTED_EDGE('',*,*,#1897,.T.);
#2614=ORIENTED_EDGE('',*,*,#1885,.F.);
#2615=ORIENTED_EDGE('',*,*,#1902,.T.);
#2616=ORIENTED_EDGE('',*,*,#1868,.T.);
#2617=ORIENTED_EDGE('',*,*,#1903,.T.);
#2618=ORIENTED_EDGE('',*,*,#1884,.F.);
#2619=ORIENTED_EDGE('',*,*,#1894,.F.);
#2620=ORIENTED_EDGE('',*,*,#1861,.F.);
#2621=ORIENTED_EDGE('',*,*,#1902,.F.);
#2622=ORIENTED_EDGE('',*,*,#1665,.T.);
#2623=ORIENTED_EDGE('',*,*,#1807,.T.);
#2624=ORIENTED_EDGE('',*,*,#1678,.T.);
#2625=ORIENTED_EDGE('',*,*,#1666,.F.);
#2626=ORIENTED_EDGE('',*,*,#1651,.T.);
#2627=ORIENTED_EDGE('',*,*,#1658,.F.);
#2628=ORIENTED_EDGE('',*,*,#1737,.T.);
#2629=ORIENTED_EDGE('',*,*,#1756,.F.);
#2630=ORIENTED_EDGE('',*,*,#1761,.T.);
#2631=ORIENTED_EDGE('',*,*,#1904,.T.);
#2632=ORIENTED_EDGE('',*,*,#1905,.F.);
#2633=ORIENTED_EDGE('',*,*,#1764,.F.);
#2634=ORIENTED_EDGE('',*,*,#1823,.F.);
#2635=ORIENTED_EDGE('',*,*,#1906,.T.);
#2636=ORIENTED_EDGE('',*,*,#1904,.F.);
#2637=ORIENTED_EDGE('',*,*,#1760,.T.);
#2638=ORIENTED_EDGE('',*,*,#1820,.F.);
#2639=ORIENTED_EDGE('',*,*,#1907,.T.);
#2640=ORIENTED_EDGE('',*,*,#1908,.T.);
#2641=ORIENTED_EDGE('',*,*,#1909,.T.);
#2642=ORIENTED_EDGE('',*,*,#1910,.T.);
#2643=ORIENTED_EDGE('',*,*,#1911,.T.);
#2644=ORIENTED_EDGE('',*,*,#1912,.T.);
#2645=ORIENTED_EDGE('',*,*,#1826,.F.);
#2646=ORIENTED_EDGE('',*,*,#1913,.T.);
#2647=ORIENTED_EDGE('',*,*,#1914,.T.);
#2648=ORIENTED_EDGE('',*,*,#1915,.T.);
#2649=ORIENTED_EDGE('',*,*,#1916,.T.);
#2650=ORIENTED_EDGE('',*,*,#1917,.T.);
#2651=ORIENTED_EDGE('',*,*,#1918,.T.);
#2652=ORIENTED_EDGE('',*,*,#1713,.F.);
#2653=ORIENTED_EDGE('',*,*,#1919,.T.);
#2654=ORIENTED_EDGE('',*,*,#1920,.F.);
#2655=ORIENTED_EDGE('',*,*,#1921,.T.);
#2656=ORIENTED_EDGE('',*,*,#1711,.F.);
#2657=ORIENTED_EDGE('',*,*,#1921,.F.);
#2658=ORIENTED_EDGE('',*,*,#1922,.T.);
#2659=ORIENTED_EDGE('',*,*,#1923,.F.);
#2660=ORIENTED_EDGE('',*,*,#1705,.F.);
#2661=ORIENTED_EDGE('',*,*,#1923,.T.);
#2662=ORIENTED_EDGE('',*,*,#1924,.F.);
#2663=ORIENTED_EDGE('',*,*,#1925,.T.);
#2664=ORIENTED_EDGE('',*,*,#1702,.F.);
#2665=ORIENTED_EDGE('',*,*,#1925,.F.);
#2666=ORIENTED_EDGE('',*,*,#1926,.T.);
#2667=ORIENTED_EDGE('',*,*,#1927,.F.);
#2668=ORIENTED_EDGE('',*,*,#1719,.F.);
#2669=ORIENTED_EDGE('',*,*,#1860,.T.);
#2670=ORIENTED_EDGE('',*,*,#1928,.T.);
#2671=ORIENTED_EDGE('',*,*,#1929,.T.);
#2672=ORIENTED_EDGE('',*,*,#1699,.F.);
#2673=ORIENTED_EDGE('',*,*,#1927,.T.);
#2674=ORIENTED_EDGE('',*,*,#1930,.T.);
#2675=ORIENTED_EDGE('',*,*,#1858,.T.);
#2676=ORIENTED_EDGE('',*,*,#1859,.T.);
#2677=ORIENTED_EDGE('',*,*,#1930,.F.);
#2678=ORIENTED_EDGE('',*,*,#1931,.T.);
#2679=ORIENTED_EDGE('',*,*,#1928,.F.);
#2680=ORIENTED_EDGE('',*,*,#1920,.T.);
#2681=ORIENTED_EDGE('',*,*,#1932,.F.);
#2682=ORIENTED_EDGE('',*,*,#1931,.F.);
#2683=ORIENTED_EDGE('',*,*,#1926,.F.);
#2684=ORIENTED_EDGE('',*,*,#1924,.T.);
#2685=ORIENTED_EDGE('',*,*,#1922,.F.);
#2686=ORIENTED_EDGE('',*,*,#1810,.F.);
#2687=ORIENTED_EDGE('',*,*,#1933,.T.);
#2688=ORIENTED_EDGE('',*,*,#1934,.F.);
#2689=ORIENTED_EDGE('',*,*,#1935,.F.);
#2690=ORIENTED_EDGE('',*,*,#1811,.F.);
#2691=ORIENTED_EDGE('',*,*,#1935,.T.);
#2692=ORIENTED_EDGE('',*,*,#1936,.F.);
#2693=ORIENTED_EDGE('',*,*,#1937,.F.);
#2694=ORIENTED_EDGE('',*,*,#1812,.F.);
#2695=ORIENTED_EDGE('',*,*,#1937,.T.);
#2696=ORIENTED_EDGE('',*,*,#1938,.F.);
#2697=ORIENTED_EDGE('',*,*,#1939,.F.);
#2698=ORIENTED_EDGE('',*,*,#1813,.F.);
#2699=ORIENTED_EDGE('',*,*,#1939,.T.);
#2700=ORIENTED_EDGE('',*,*,#1940,.F.);
#2701=ORIENTED_EDGE('',*,*,#1941,.F.);
#2702=ORIENTED_EDGE('',*,*,#1794,.T.);
#2703=ORIENTED_EDGE('',*,*,#1941,.T.);
#2704=ORIENTED_EDGE('',*,*,#1942,.F.);
#2705=ORIENTED_EDGE('',*,*,#1943,.F.);
#2706=ORIENTED_EDGE('',*,*,#1808,.F.);
#2707=ORIENTED_EDGE('',*,*,#1786,.T.);
#2708=ORIENTED_EDGE('',*,*,#1809,.F.);
#2709=ORIENTED_EDGE('',*,*,#1943,.T.);
#2710=ORIENTED_EDGE('',*,*,#1944,.F.);
#2711=ORIENTED_EDGE('',*,*,#1933,.F.);
#2712=ORIENTED_EDGE('',*,*,#1944,.T.);
#2713=ORIENTED_EDGE('',*,*,#1942,.T.);
#2714=ORIENTED_EDGE('',*,*,#1940,.T.);
#2715=ORIENTED_EDGE('',*,*,#1938,.T.);
#2716=ORIENTED_EDGE('',*,*,#1936,.T.);
#2717=ORIENTED_EDGE('',*,*,#1934,.T.);
#2718=ORIENTED_EDGE('',*,*,#1945,.F.);
#2719=ORIENTED_EDGE('',*,*,#1803,.F.);
#2720=ORIENTED_EDGE('',*,*,#1946,.T.);
#2721=ORIENTED_EDGE('',*,*,#1947,.F.);
#2722=ORIENTED_EDGE('',*,*,#1948,.F.);
#2723=ORIENTED_EDGE('',*,*,#1804,.F.);
#2724=ORIENTED_EDGE('',*,*,#1948,.T.);
#2725=ORIENTED_EDGE('',*,*,#1949,.F.);
#2726=ORIENTED_EDGE('',*,*,#1950,.F.);
#2727=ORIENTED_EDGE('',*,*,#1805,.F.);
#2728=ORIENTED_EDGE('',*,*,#1950,.T.);
#2729=ORIENTED_EDGE('',*,*,#1951,.F.);
#2730=ORIENTED_EDGE('',*,*,#1952,.F.);
#2731=ORIENTED_EDGE('',*,*,#1806,.F.);
#2732=ORIENTED_EDGE('',*,*,#1952,.T.);
#2733=ORIENTED_EDGE('',*,*,#1953,.F.);
#2734=ORIENTED_EDGE('',*,*,#1954,.F.);
#2735=ORIENTED_EDGE('',*,*,#1791,.T.);
#2736=ORIENTED_EDGE('',*,*,#1954,.T.);
#2737=ORIENTED_EDGE('',*,*,#1955,.F.);
#2738=ORIENTED_EDGE('',*,*,#1956,.F.);
#2739=ORIENTED_EDGE('',*,*,#1801,.F.);
#2740=ORIENTED_EDGE('',*,*,#1792,.T.);
#2741=ORIENTED_EDGE('',*,*,#1802,.F.);
#2742=ORIENTED_EDGE('',*,*,#1956,.T.);
#2743=ORIENTED_EDGE('',*,*,#1957,.F.);
#2744=ORIENTED_EDGE('',*,*,#1946,.F.);
#2745=ORIENTED_EDGE('',*,*,#1957,.T.);
#2746=ORIENTED_EDGE('',*,*,#1955,.T.);
#2747=ORIENTED_EDGE('',*,*,#1953,.T.);
#2748=ORIENTED_EDGE('',*,*,#1951,.T.);
#2749=ORIENTED_EDGE('',*,*,#1949,.T.);
#2750=ORIENTED_EDGE('',*,*,#1947,.T.);
#2751=ORIENTED_EDGE('',*,*,#1958,.F.);
#2752=ORIENTED_EDGE('',*,*,#1945,.T.);
#2753=ORIENTED_EDGE('',*,*,#1959,.T.);
#2754=ORIENTED_EDGE('',*,*,#1645,.F.);
#2755=ORIENTED_EDGE('',*,*,#1959,.F.);
#2756=ORIENTED_EDGE('',*,*,#1958,.T.);
#2757=ORIENTED_EDGE('',*,*,#1960,.T.);
#2758=ORIENTED_EDGE('',*,*,#1646,.F.);
#2759=ORIENTED_EDGE('',*,*,#1960,.F.);
#2760=ORIENTED_EDGE('',*,*,#1910,.F.);
#2761=ORIENTED_EDGE('',*,*,#1961,.T.);
#2762=ORIENTED_EDGE('',*,*,#1962,.T.);
#2763=ORIENTED_EDGE('',*,*,#1963,.F.);
#2764=ORIENTED_EDGE('',*,*,#1909,.F.);
#2765=ORIENTED_EDGE('',*,*,#1964,.T.);
#2766=ORIENTED_EDGE('',*,*,#1965,.T.);
#2767=ORIENTED_EDGE('',*,*,#1961,.F.);
#2768=ORIENTED_EDGE('',*,*,#1908,.F.);
#2769=ORIENTED_EDGE('',*,*,#1966,.T.);
#2770=ORIENTED_EDGE('',*,*,#1967,.T.);
#2771=ORIENTED_EDGE('',*,*,#1964,.F.);
#2772=ORIENTED_EDGE('',*,*,#1968,.T.);
#2773=ORIENTED_EDGE('',*,*,#1969,.T.);
#2774=ORIENTED_EDGE('',*,*,#1966,.F.);
#2775=ORIENTED_EDGE('',*,*,#1907,.F.);
#2776=ORIENTED_EDGE('',*,*,#1819,.T.);
#2777=ORIENTED_EDGE('',*,*,#1912,.F.);
#2778=ORIENTED_EDGE('',*,*,#1970,.T.);
#2779=ORIENTED_EDGE('',*,*,#1971,.T.);
#2780=ORIENTED_EDGE('',*,*,#1968,.F.);
#2781=ORIENTED_EDGE('',*,*,#1827,.T.);
#2782=ORIENTED_EDGE('',*,*,#1911,.F.);
#2783=ORIENTED_EDGE('',*,*,#1963,.T.);
#2784=ORIENTED_EDGE('',*,*,#1972,.T.);
#2785=ORIENTED_EDGE('',*,*,#1970,.F.);
#2786=ORIENTED_EDGE('',*,*,#1972,.F.);
#2787=ORIENTED_EDGE('',*,*,#1962,.F.);
#2788=ORIENTED_EDGE('',*,*,#1965,.F.);
#2789=ORIENTED_EDGE('',*,*,#1967,.F.);
#2790=ORIENTED_EDGE('',*,*,#1969,.F.);
#2791=ORIENTED_EDGE('',*,*,#1971,.F.);
#2792=ORIENTED_EDGE('',*,*,#1973,.F.);
#2793=ORIENTED_EDGE('',*,*,#1916,.F.);
#2794=ORIENTED_EDGE('',*,*,#1974,.T.);
#2795=ORIENTED_EDGE('',*,*,#1975,.T.);
#2796=ORIENTED_EDGE('',*,*,#1976,.F.);
#2797=ORIENTED_EDGE('',*,*,#1915,.F.);
#2798=ORIENTED_EDGE('',*,*,#1977,.T.);
#2799=ORIENTED_EDGE('',*,*,#1978,.T.);
#2800=ORIENTED_EDGE('',*,*,#1974,.F.);
#2801=ORIENTED_EDGE('',*,*,#1914,.F.);
#2802=ORIENTED_EDGE('',*,*,#1979,.T.);
#2803=ORIENTED_EDGE('',*,*,#1980,.T.);
#2804=ORIENTED_EDGE('',*,*,#1977,.F.);
#2805=ORIENTED_EDGE('',*,*,#1981,.T.);
#2806=ORIENTED_EDGE('',*,*,#1982,.T.);
#2807=ORIENTED_EDGE('',*,*,#1979,.F.);
#2808=ORIENTED_EDGE('',*,*,#1913,.F.);
#2809=ORIENTED_EDGE('',*,*,#1825,.T.);
#2810=ORIENTED_EDGE('',*,*,#1918,.F.);
#2811=ORIENTED_EDGE('',*,*,#1983,.T.);
#2812=ORIENTED_EDGE('',*,*,#1984,.T.);
#2813=ORIENTED_EDGE('',*,*,#1981,.F.);
#2814=ORIENTED_EDGE('',*,*,#1824,.T.);
#2815=ORIENTED_EDGE('',*,*,#1917,.F.);
#2816=ORIENTED_EDGE('',*,*,#1976,.T.);
#2817=ORIENTED_EDGE('',*,*,#1985,.T.);
#2818=ORIENTED_EDGE('',*,*,#1983,.F.);
#2819=ORIENTED_EDGE('',*,*,#1985,.F.);
#2820=ORIENTED_EDGE('',*,*,#1975,.F.);
#2821=ORIENTED_EDGE('',*,*,#1978,.F.);
#2822=ORIENTED_EDGE('',*,*,#1980,.F.);
#2823=ORIENTED_EDGE('',*,*,#1982,.F.);
#2824=ORIENTED_EDGE('',*,*,#1984,.F.);
#2825=ORIENTED_EDGE('',*,*,#1986,.F.);
#2826=ORIENTED_EDGE('',*,*,#1973,.T.);
#2827=ORIENTED_EDGE('',*,*,#1987,.T.);
#2828=ORIENTED_EDGE('',*,*,#1647,.F.);
#2829=ORIENTED_EDGE('',*,*,#1987,.F.);
#2830=ORIENTED_EDGE('',*,*,#1986,.T.);
#2831=ORIENTED_EDGE('',*,*,#1988,.T.);
#2832=ORIENTED_EDGE('',*,*,#1648,.F.);
#2833=ORIENTED_EDGE('',*,*,#1988,.F.);
#2834=ORIENTED_EDGE('',*,*,#1716,.F.);
#2835=ORIENTED_EDGE('',*,*,#1929,.F.);
#2836=ORIENTED_EDGE('',*,*,#1932,.T.);
#2837=ORIENTED_EDGE('',*,*,#1919,.F.);
#2838=ORIENTED_EDGE('',*,*,#1989,.F.);
#2839=ORIENTED_EDGE('',*,*,#1990,.F.);
#2840=ORIENTED_EDGE('',*,*,#1991,.T.);
#2841=ORIENTED_EDGE('',*,*,#1992,.F.);
#2842=ORIENTED_EDGE('',*,*,#1993,.F.);
#2843=ORIENTED_EDGE('',*,*,#1994,.F.);
#2844=ORIENTED_EDGE('',*,*,#1995,.F.);
#2845=ORIENTED_EDGE('',*,*,#1993,.T.);
#2846=ORIENTED_EDGE('',*,*,#1996,.F.);
#2847=ORIENTED_EDGE('',*,*,#1991,.F.);
#2848=ORIENTED_EDGE('',*,*,#1996,.T.);
#2849=ORIENTED_EDGE('',*,*,#1992,.T.);
#2850=ORIENTED_EDGE('',*,*,#1994,.T.);
#2851=ORIENTED_EDGE('',*,*,#1997,.F.);
#2852=ORIENTED_EDGE('',*,*,#1990,.T.);
#2853=ORIENTED_EDGE('',*,*,#1998,.F.);
#2854=ORIENTED_EDGE('',*,*,#1999,.F.);
#2855=ORIENTED_EDGE('',*,*,#2000,.T.);
#2856=ORIENTED_EDGE('',*,*,#2001,.F.);
#2857=ORIENTED_EDGE('',*,*,#2000,.F.);
#2858=ORIENTED_EDGE('',*,*,#1999,.T.);
#2859=ORIENTED_EDGE('',*,*,#1997,.T.);
#2860=ORIENTED_EDGE('',*,*,#1995,.T.);
#2861=ORIENTED_EDGE('',*,*,#2002,.T.);
#2862=ORIENTED_EDGE('',*,*,#2001,.T.);
#2863=ORIENTED_EDGE('',*,*,#2002,.F.);
#2864=ORIENTED_EDGE('',*,*,#2003,.T.);
#2865=ORIENTED_EDGE('',*,*,#1780,.F.);
#2866=ORIENTED_EDGE('',*,*,#1708,.T.);
#2867=ORIENTED_EDGE('',*,*,#1781,.F.);
#2868=ORIENTED_EDGE('',*,*,#2003,.F.);
#2869=ORIENTED_EDGE('',*,*,#1989,.T.);
#2870=ORIENTED_EDGE('',*,*,#1998,.T.);
#2871=ORIENTED_EDGE('',*,*,#1763,.T.);
#2872=ORIENTED_EDGE('',*,*,#2004,.T.);
#2873=ORIENTED_EDGE('',*,*,#1782,.F.);
#2874=ORIENTED_EDGE('',*,*,#2004,.F.);
#2875=ORIENTED_EDGE('',*,*,#1762,.T.);
#2876=ORIENTED_EDGE('',*,*,#2005,.T.);
#2877=ORIENTED_EDGE('',*,*,#1783,.F.);
#2878=ORIENTED_EDGE('',*,*,#2005,.F.);
#2879=ORIENTED_EDGE('',*,*,#1765,.F.);
#2880=ORIENTED_EDGE('',*,*,#1905,.T.);
#2881=ORIENTED_EDGE('',*,*,#1906,.F.);
#2882=ORIENTED_EDGE('',*,*,#1822,.T.);
#2883=ORIENTED_EDGE('',*,*,#1831,.F.);
#2884=ORIENTED_EDGE('',*,*,#1767,.F.);
#2885=ORIENTED_EDGE('',*,*,#1683,.F.);
#2886=ORIENTED_EDGE('',*,*,#2006,.T.);
#2887=ORIENTED_EDGE('',*,*,#1784,.T.);
#2888=ORIENTED_EDGE('',*,*,#2006,.F.);
#2889=ORIENTED_EDGE('',*,*,#1682,.F.);
#2890=ORIENTED_EDGE('',*,*,#2007,.T.);
#2891=ORIENTED_EDGE('',*,*,#1785,.T.);
#2892=ORIENTED_EDGE('',*,*,#2007,.F.);
#2893=ORIENTED_EDGE('',*,*,#1629,.F.);
#2894=ORIENTED_EDGE('',*,*,#1644,.F.);
#2895=ORIENTED_EDGE('',*,*,#1899,.F.);
#2896=ORIENTED_EDGE('',*,*,#1900,.F.);
#2897=ORIENTED_EDGE('',*,*,#1631,.F.);
#2898=ORIENTED_EDGE('',*,*,#1890,.F.);
#2899=ORIENTED_EDGE('',*,*,#1903,.F.);
#2900=ORIENTED_EDGE('',*,*,#1867,.F.);
#2901=ORIENTED_EDGE('',*,*,#1901,.F.);
#2902=PLANE('',#3237);
#2903=PLANE('',#3238);
#2904=PLANE('',#3239);
#2905=PLANE('',#3240);
#2906=PLANE('',#3241);
#2907=PLANE('',#3242);
#2908=PLANE('',#3243);
#2909=PLANE('',#3244);
#2910=PLANE('',#3254);
#2911=PLANE('',#3261);
#2912=PLANE('',#3270);
#2913=PLANE('',#3271);
#2914=PLANE('',#3272);
#2915=PLANE('',#3276);
#2916=PLANE('',#3277);
#2917=PLANE('',#3278);
#2918=PLANE('',#3279);
#2919=PLANE('',#3280);
#2920=PLANE('',#3281);
#2921=PLANE('',#3282);
#2922=PLANE('',#3283);
#2923=PLANE('',#3284);
#2924=PLANE('',#3285);
#2925=PLANE('',#3287);
#2926=PLANE('',#3288);
#2927=PLANE('',#3289);
#2928=PLANE('',#3294);
#2929=PLANE('',#3295);
#2930=PLANE('',#3296);
#2931=PLANE('',#3297);
#2932=PLANE('',#3298);
#2933=PLANE('',#3299);
#2934=PLANE('',#3303);
#2935=PLANE('',#3307);
#2936=PLANE('',#3311);
#2937=PLANE('',#3315);
#2938=PLANE('',#3319);
#2939=PLANE('',#3320);
#2940=PLANE('',#3321);
#2941=PLANE('',#3322);
#2942=PLANE('',#3323);
#2943=PLANE('',#3325);
#2944=PLANE('',#3326);
#2945=PLANE('',#3327);
#2946=PLANE('',#3328);
#2947=PLANE('',#3332);
#2948=PLANE('',#3336);
#2949=PLANE('',#3337);
#2950=PLANE('',#3340);
#2951=PLANE('',#3345);
#2952=PLANE('',#3348);
#2953=PLANE('',#3349);
#2954=PLANE('',#3353);
#2955=PLANE('',#3354);
#2956=PLANE('',#3355);
#2957=PLANE('',#3356);
#2958=PLANE('',#3357);
#2959=PLANE('',#3358);
#2960=PLANE('',#3361);
#2961=PLANE('',#3362);
#2962=PLANE('',#3369);
#2963=PLANE('',#3372);
#2964=PLANE('',#3373);
#2965=PLANE('',#3374);
#2966=PLANE('',#3377);
#2967=PLANE('',#3378);
#2968=PLANE('',#3381);
#2969=PLANE('',#3384);
#2970=PLANE('',#3388);
#2971=PLANE('',#3392);
#2972=PLANE('',#3397);
#2973=PLANE('',#3398);
#2974=PLANE('',#3403);
#2975=PLANE('',#3407);
#2976=PLANE('',#3411);
#2977=PLANE('',#3415);
#2978=PLANE('',#3420);
#2979=PLANE('',#3422);
#2980=PLANE('',#3423);
#2981=PLANE('',#3428);
#2982=PLANE('',#3431);
#2983=PLANE('',#3432);
#2984=PLANE('',#3433);
#2985=PLANE('',#3434);
#2986=PLANE('',#3435);
#2987=PLANE('',#3436);
#2988=PLANE('',#3437);
#2989=PLANE('',#3438);
#2990=PLANE('',#3439);
#2991=PLANE('',#3440);
#2992=PLANE('',#3441);
#2993=PLANE('',#3442);
#2994=PLANE('',#3443);
#2995=PLANE('',#3444);
#2996=PLANE('',#3445);
#2997=PLANE('',#3446);
#2998=PLANE('',#3447);
#2999=PLANE('',#3448);
#3000=PLANE('',#3449);
#3001=PLANE('',#3451);
#3002=PLANE('',#3452);
#3003=PLANE('',#3453);
#3004=PLANE('',#3454);
#3005=PLANE('',#3455);
#3006=PLANE('',#3456);
#3007=PLANE('',#3457);
#3008=PLANE('',#3461);
#3009=PLANE('',#3462);
#3010=PLANE('',#3463);
#3011=PLANE('',#3464);
#3012=PLANE('',#3465);
#3013=PLANE('',#3466);
#3014=PLANE('',#3467);
#3015=PLANE('',#3469);
#3016=PLANE('',#3470);
#3017=PLANE('',#3471);
#3018=PLANE('',#3472);
#3019=PLANE('',#3473);
#3020=PLANE('',#3474);
#3021=PLANE('',#3475);
#3022=PLANE('',#3479);
#3023=PLANE('',#3480);
#3024=PLANE('',#3484);
#3025=PLANE('',#3491);
#3026=PLANE('',#3492);
#3027=PLANE('',#3495);
#3028=PLANE('',#3498);
#3029=PLANE('',#3501);
#3030=PLANE('',#3502);
#3031=ADVANCED_FACE('',(#196),#2902,.T.);
#3032=ADVANCED_FACE('',(#197),#2903,.T.);
#3033=ADVANCED_FACE('',(#198),#2904,.T.);
#3034=ADVANCED_FACE('',(#199),#2905,.T.);
#3035=ADVANCED_FACE('',(#200),#2906,.T.);
#3036=ADVANCED_FACE('',(#201),#2907,.T.);
#3037=ADVANCED_FACE('',(#202),#2908,.T.);
#3038=ADVANCED_FACE('',(#203,#87,#88),#2909,.T.);
#3039=ADVANCED_FACE('',(#204),#84,.T.);
#3040=ADVANCED_FACE('',(#205),#56,.T.);
#3041=ADVANCED_FACE('',(#206),#2910,.T.);
#3042=ADVANCED_FACE('',(#207),#85,.T.);
#3043=ADVANCED_FACE('',(#208),#57,.T.);
#3044=ADVANCED_FACE('',(#209,#89),#2911,.T.);
#3045=ADVANCED_FACE('',(#210),#86,.T.);
#3046=ADVANCED_FACE('',(#211,#90),#58,.T.);
#3047=ADVANCED_FACE('',(#212),#2912,.T.);
#3048=ADVANCED_FACE('',(#213),#2913,.T.);
#3049=ADVANCED_FACE('',(#214),#2914,.T.);
#3050=ADVANCED_FACE('',(#215),#59,.T.);
#3051=ADVANCED_FACE('',(#216),#2915,.F.);
#3052=ADVANCED_FACE('',(#217),#2916,.T.);
#3053=ADVANCED_FACE('',(#218),#2917,.T.);
#3054=ADVANCED_FACE('',(#219),#2918,.T.);
#3055=ADVANCED_FACE('',(#220),#2919,.T.);
#3056=ADVANCED_FACE('',(#221),#2920,.T.);
#3057=ADVANCED_FACE('',(#222),#2921,.T.);
#3058=ADVANCED_FACE('',(#223),#2922,.T.);
#3059=ADVANCED_FACE('',(#224),#2923,.T.);
#3060=ADVANCED_FACE('',(#225),#2924,.F.);
#3061=ADVANCED_FACE('',(#226),#2925,.T.);
#3062=ADVANCED_FACE('',(#227),#2926,.T.);
#3063=ADVANCED_FACE('',(#228,#91,#92,#93,#94),#2927,.T.);
#3064=ADVANCED_FACE('',(#229),#2928,.T.);
#3065=ADVANCED_FACE('',(#230),#2929,.T.);
#3066=ADVANCED_FACE('',(#231),#2930,.T.);
#3067=ADVANCED_FACE('',(#232),#2931,.T.);
#3068=ADVANCED_FACE('',(#233),#2932,.T.);
#3069=ADVANCED_FACE('',(#234),#2933,.T.);
#3070=ADVANCED_FACE('',(#235),#28,.T.);
#3071=ADVANCED_FACE('',(#236),#2934,.T.);
#3072=ADVANCED_FACE('',(#237),#29,.T.);
#3073=ADVANCED_FACE('',(#238,#95,#96),#2935,.F.);
#3074=ADVANCED_FACE('',(#239),#2936,.T.);
#3075=ADVANCED_FACE('',(#240),#30,.T.);
#3076=ADVANCED_FACE('',(#241),#2937,.T.);
#3077=ADVANCED_FACE('',(#242),#31,.T.);
#3078=ADVANCED_FACE('',(#243),#2938,.T.);
#3079=ADVANCED_FACE('',(#244),#2939,.T.);
#3080=ADVANCED_FACE('',(#245),#2940,.T.);
#3081=ADVANCED_FACE('',(#246),#2941,.T.);
#3082=ADVANCED_FACE('',(#247),#2942,.T.);
#3083=ADVANCED_FACE('',(#248),#2943,.T.);
#3084=ADVANCED_FACE('',(#249),#2944,.T.);
#3085=ADVANCED_FACE('',(#250),#2945,.T.);
#3086=ADVANCED_FACE('',(#251),#2946,.T.);
#3087=ADVANCED_FACE('',(#252),#32,.T.);
#3088=ADVANCED_FACE('',(#253),#2947,.T.);
#3089=ADVANCED_FACE('',(#254),#33,.T.);
#3090=ADVANCED_FACE('',(#255),#2948,.T.);
#3091=ADVANCED_FACE('',(#256),#2949,.F.);
#3092=ADVANCED_FACE('',(#257),#60,.T.);
#3093=ADVANCED_FACE('',(#258),#2950,.F.);
#3094=ADVANCED_FACE('',(#259),#61,.T.);
#3095=ADVANCED_FACE('',(#260),#34,.T.);
#3096=ADVANCED_FACE('',(#261),#2951,.T.);
#3097=ADVANCED_FACE('',(#262),#35,.T.);
#3098=ADVANCED_FACE('',(#263),#2952,.T.);
#3099=ADVANCED_FACE('',(#264,#97,#98),#2953,.T.);
#3100=ADVANCED_FACE('',(#265),#2954,.T.);
#3101=ADVANCED_FACE('',(#266),#2955,.T.);
#3102=ADVANCED_FACE('',(#267),#2956,.F.);
#3103=ADVANCED_FACE('',(#268),#2957,.T.);
#3104=ADVANCED_FACE('',(#269),#2958,.T.);
#3105=ADVANCED_FACE('',(#270),#2959,.F.);
#3106=ADVANCED_FACE('',(#271),#62,.T.);
#3107=ADVANCED_FACE('',(#272),#2960,.T.);
#3108=ADVANCED_FACE('',(#273,#99,#100,#101,#102),#2961,.T.);
#3109=ADVANCED_FACE('',(#274),#2962,.T.);
#3110=ADVANCED_FACE('',(#275),#36,.T.);
#3111=ADVANCED_FACE('',(#276),#2963,.T.);
#3112=ADVANCED_FACE('',(#277),#2964,.T.);
#3113=ADVANCED_FACE('',(#278),#2965,.T.);
#3114=ADVANCED_FACE('',(#279),#37,.T.);
#3115=ADVANCED_FACE('',(#280),#2966,.T.);
#3116=ADVANCED_FACE('',(#281),#2967,.T.);
#3117=ADVANCED_FACE('',(#282),#63,.T.);
#3118=ADVANCED_FACE('',(#283),#2968,.T.);
#3119=ADVANCED_FACE('',(#284),#38,.T.);
#3120=ADVANCED_FACE('',(#285),#2969,.T.);
#3121=ADVANCED_FACE('',(#286),#39,.T.);
#3122=ADVANCED_FACE('',(#287),#2970,.T.);
#3123=ADVANCED_FACE('',(#288),#40,.T.);
#3124=ADVANCED_FACE('',(#289),#2971,.T.);
#3125=ADVANCED_FACE('',(#290),#41,.T.);
#3126=ADVANCED_FACE('',(#291),#64,.T.);
#3127=ADVANCED_FACE('',(#292),#2972,.T.);
#3128=ADVANCED_FACE('',(#293,#103),#2973,.F.);
#3129=ADVANCED_FACE('',(#294),#2974,.T.);
#3130=ADVANCED_FACE('',(#295),#42,.T.);
#3131=ADVANCED_FACE('',(#296),#2975,.T.);
#3132=ADVANCED_FACE('',(#297),#43,.T.);
#3133=ADVANCED_FACE('',(#298),#2976,.T.);
#3134=ADVANCED_FACE('',(#299),#44,.T.);
#3135=ADVANCED_FACE('',(#300),#2977,.T.);
#3136=ADVANCED_FACE('',(#301),#45,.T.);
#3137=ADVANCED_FACE('',(#302),#65,.T.);
#3138=ADVANCED_FACE('',(#303),#2978,.T.);
#3139=ADVANCED_FACE('',(#304),#66,.T.);
#3140=ADVANCED_FACE('',(#305),#2979,.T.);
#3141=ADVANCED_FACE('',(#306),#2980,.F.);
#3142=ADVANCED_FACE('',(#307),#67,.T.);
#3143=ADVANCED_FACE('',(#308),#68,.T.);
#3144=ADVANCED_FACE('',(#309),#69,.T.);
#3145=ADVANCED_FACE('',(#310),#2981,.T.);
#3146=ADVANCED_FACE('',(#311),#70,.T.);
#3147=ADVANCED_FACE('',(#312),#71,.T.);
#3148=ADVANCED_FACE('',(#313),#2982,.T.);
#3149=ADVANCED_FACE('',(#314),#2983,.T.);
#3150=ADVANCED_FACE('',(#315),#2984,.T.);
#3151=ADVANCED_FACE('',(#316),#2985,.F.);
#3152=ADVANCED_FACE('',(#317),#2986,.T.);
#3153=ADVANCED_FACE('',(#318),#2987,.F.);
#3154=ADVANCED_FACE('',(#319),#2988,.T.);
#3155=ADVANCED_FACE('',(#320),#2989,.F.);
#3156=ADVANCED_FACE('',(#321),#2990,.T.);
#3157=ADVANCED_FACE('',(#322),#2991,.T.);
#3158=ADVANCED_FACE('',(#323),#2992,.T.);
#3159=ADVANCED_FACE('',(#324),#2993,.F.);
#3160=ADVANCED_FACE('',(#325),#2994,.T.);
#3161=ADVANCED_FACE('',(#326),#2995,.T.);
#3162=ADVANCED_FACE('',(#327),#2996,.T.);
#3163=ADVANCED_FACE('',(#328),#2997,.T.);
#3164=ADVANCED_FACE('',(#329),#2998,.T.);
#3165=ADVANCED_FACE('',(#330),#2999,.T.);
#3166=ADVANCED_FACE('',(#331,#104),#3000,.F.);
#3167=ADVANCED_FACE('',(#332),#3001,.T.);
#3168=ADVANCED_FACE('',(#333),#3002,.T.);
#3169=ADVANCED_FACE('',(#334),#3003,.T.);
#3170=ADVANCED_FACE('',(#335),#3004,.T.);
#3171=ADVANCED_FACE('',(#336),#3005,.T.);
#3172=ADVANCED_FACE('',(#337),#3006,.T.);
#3173=ADVANCED_FACE('',(#338,#105),#3007,.F.);
#3174=ADVANCED_FACE('',(#339),#72,.F.);
#3175=ADVANCED_FACE('',(#340),#73,.F.);
#3176=ADVANCED_FACE('',(#341),#3008,.F.);
#3177=ADVANCED_FACE('',(#342),#3009,.F.);
#3178=ADVANCED_FACE('',(#343),#3010,.F.);
#3179=ADVANCED_FACE('',(#344),#3011,.F.);
#3180=ADVANCED_FACE('',(#345),#3012,.F.);
#3181=ADVANCED_FACE('',(#346),#3013,.F.);
#3182=ADVANCED_FACE('',(#347,#106),#3014,.T.);
#3183=ADVANCED_FACE('',(#348),#3015,.F.);
#3184=ADVANCED_FACE('',(#349),#3016,.F.);
#3185=ADVANCED_FACE('',(#350),#3017,.F.);
#3186=ADVANCED_FACE('',(#351),#3018,.F.);
#3187=ADVANCED_FACE('',(#352),#3019,.F.);
#3188=ADVANCED_FACE('',(#353),#3020,.F.);
#3189=ADVANCED_FACE('',(#354,#107),#3021,.T.);
#3190=ADVANCED_FACE('',(#355),#74,.F.);
#3191=ADVANCED_FACE('',(#356),#75,.F.);
#3192=ADVANCED_FACE('',(#357),#3022,.F.);
#3193=ADVANCED_FACE('',(#358),#3023,.T.);
#3194=ADVANCED_FACE('',(#359),#76,.T.);
#3195=ADVANCED_FACE('',(#360),#3024,.T.);
#3196=ADVANCED_FACE('',(#361),#77,.F.);
#3197=ADVANCED_FACE('',(#362),#78,.T.);
#3198=ADVANCED_FACE('',(#363,#108),#3025,.T.);
#3199=ADVANCED_FACE('',(#364,#109),#3026,.T.);
#3200=ADVANCED_FACE('',(#365),#79,.T.);
#3201=ADVANCED_FACE('',(#366),#3027,.T.);
#3202=ADVANCED_FACE('',(#367),#80,.F.);
#3203=ADVANCED_FACE('',(#368),#81,.F.);
#3204=ADVANCED_FACE('',(#369),#3028,.F.);
#3205=ADVANCED_FACE('',(#370),#82,.F.);
#3206=ADVANCED_FACE('',(#371),#83,.F.);
#3207=ADVANCED_FACE('',(#372),#3029,.T.);
#3208=ADVANCED_FACE('',(#373),#3030,.T.);
#3209=CLOSED_SHELL('',(#3031,#3032,#3033,#3034,#3035,#3036,#3037,#3038,
#3039,#3040,#3041,#3042,#3043,#3044,#3045,#3046,#3047,#3048,#3049,#3050,
#3051,#3052));
#3210=CLOSED_SHELL('',(#3053,#3054,#3055,#3056,#3057,#3058,#3059,#3060));
#3211=CLOSED_SHELL('',(#3061,#3062,#3063,#3064,#3065,#3066,#3067,#3068,
#3069,#3070,#3071,#3072,#3073,#3074,#3075,#3076,#3077,#3078,#3079,#3080,
#3081,#3082,#3083,#3084,#3085,#3086,#3087,#3088,#3089,#3090,#3091,#3092,
#3093,#3094,#3095,#3096,#3097,#3098,#3099,#3100,#3101,#3102,#3103,#3104,
#3105,#3106,#3107,#3108,#3109,#3110,#3111,#3112,#3113,#3114,#3115,#3116,
#3117,#3118,#3119,#3120,#3121,#3122,#3123,#3124,#3125,#3126,#3127,#3128,
#3129,#3130,#3131,#3132,#3133,#3134,#3135,#3136,#3137,#3138,#3139,#3140,
#3141,#3142,#3143,#3144,#3145,#3146,#3147,#3148,#3149,#3150,#3151,#3152,
#3153,#3154,#3155,#3156,#3157,#3158,#3159,#3160,#3161,#3162,#3163,#3164,
#3165,#3166,#3167,#3168,#3169,#3170,#3171,#3172,#3173,#3174,#3175,#3176,
#3177,#3178,#3179,#3180,#3181,#3182,#3183,#3184,#3185,#3186,#3187,#3188,
#3189,#3190,#3191,#3192,#3193,#3194,#3195,#3196,#3197,#3198,#3199,#3200,
#3201,#3202,#3203,#3204,#3205,#3206,#3207,#3208));
#3212=DERIVED_UNIT_ELEMENT(#3216,1.);
#3213=DERIVED_UNIT_ELEMENT(#5350,-3.);
#3214=DERIVED_UNIT_ELEMENT(#3216,1.);
#3215=DERIVED_UNIT_ELEMENT(#5350,-3.);
#3216=(
MASS_UNIT()
NAMED_UNIT(*)
SI_UNIT(.KILO.,.GRAM.)
);
#3217=DERIVED_UNIT((#3212,#3213));
#3218=DERIVED_UNIT((#3214,#3215));
#3219=MEASURE_REPRESENTATION_ITEM('density measure',
POSITIVE_RATIO_MEASURE(7850.),#3217);
#3220=MEASURE_REPRESENTATION_ITEM('density measure',
POSITIVE_RATIO_MEASURE(7850.),#3218);
#3221=PROPERTY_DEFINITION_REPRESENTATION(#3231,#3225);
#3222=PROPERTY_DEFINITION_REPRESENTATION(#3232,#3226);
#3223=PROPERTY_DEFINITION_REPRESENTATION(#3233,#3227);
#3224=PROPERTY_DEFINITION_REPRESENTATION(#3234,#3228);
#3225=REPRESENTATION('material name',(#3229),#5346);
#3226=REPRESENTATION('density',(#3219),#5346);
#3227=REPRESENTATION('material name',(#3230),#5347);
#3228=REPRESENTATION('density',(#3220),#5347);
#3229=DESCRIPTIVE_REPRESENTATION_ITEM('Steel','Steel');
#3230=DESCRIPTIVE_REPRESENTATION_ITEM('Steel','Steel');
#3231=PROPERTY_DEFINITION('material property','material name',#5366);
#3232=PROPERTY_DEFINITION('material property','density of part',#5366);
#3233=PROPERTY_DEFINITION('material property','material name',#5367);
#3234=PROPERTY_DEFINITION('material property','density of part',#5367);
#3235=AXIS2_PLACEMENT_3D('',#4397,#3505,#3506);
#3236=AXIS2_PLACEMENT_3D('',#4398,#3507,#3508);
#3237=AXIS2_PLACEMENT_3D('',#4399,#3509,#3510);
#3238=AXIS2_PLACEMENT_3D('',#4408,#3515,#3516);
#3239=AXIS2_PLACEMENT_3D('',#4418,#3522,#3523);
#3240=AXIS2_PLACEMENT_3D('',#4422,#3526,#3527);
#3241=AXIS2_PLACEMENT_3D('',#4426,#3530,#3531);
#3242=AXIS2_PLACEMENT_3D('',#4430,#3534,#3535);
#3243=AXIS2_PLACEMENT_3D('',#4434,#3538,#3539);
#3244=AXIS2_PLACEMENT_3D('',#4436,#3541,#3542);
#3245=AXIS2_PLACEMENT_3D('',#4438,#3543,#3544);
#3246=AXIS2_PLACEMENT_3D('',#4440,#3545,#3546);
#3247=AXIS2_PLACEMENT_3D('',#4441,#3547,#3548);
#3248=AXIS2_PLACEMENT_3D('',#4443,#3549,#3550);
#3249=AXIS2_PLACEMENT_3D('',#4445,#3551,#3552);
#3250=AXIS2_PLACEMENT_3D('',#4447,#3553,#3554);
#3251=AXIS2_PLACEMENT_3D('',#4448,#3555,#3556);
#3252=AXIS2_PLACEMENT_3D('',#4449,#3557,#3558);
#3253=AXIS2_PLACEMENT_3D('',#4452,#3560,#3561);
#3254=AXIS2_PLACEMENT_3D('',#4453,#3562,#3563);
#3255=AXIS2_PLACEMENT_3D('',#4454,#3564,#3565);
#3256=AXIS2_PLACEMENT_3D('',#4456,#3566,#3567);
#3257=AXIS2_PLACEMENT_3D('',#4458,#3568,#3569);
#3258=AXIS2_PLACEMENT_3D('',#4460,#3570,#3571);
#3259=AXIS2_PLACEMENT_3D('',#4461,#3572,#3573);
#3260=AXIS2_PLACEMENT_3D('',#4462,#3574,#3575);
#3261=AXIS2_PLACEMENT_3D('',#4464,#3577,#3578);
#3262=AXIS2_PLACEMENT_3D('',#4465,#3579,#3580);
#3263=AXIS2_PLACEMENT_3D('',#4467,#3581,#3582);
#3264=AXIS2_PLACEMENT_3D('',#4469,#3583,#3584);
#3265=AXIS2_PLACEMENT_3D('',#4471,#3585,#3586);
#3266=AXIS2_PLACEMENT_3D('',#4472,#3587,#3588);
#3267=AXIS2_PLACEMENT_3D('',#4473,#3589,#3590);
#3268=AXIS2_PLACEMENT_3D('',#4477,#3592,#3593);
#3269=AXIS2_PLACEMENT_3D('',#4481,#3595,#3596);
#3270=AXIS2_PLACEMENT_3D('',#4483,#3598,#3599);
#3271=AXIS2_PLACEMENT_3D('',#4484,#3600,#3601);
#3272=AXIS2_PLACEMENT_3D('',#4490,#3605,#3606);
#3273=AXIS2_PLACEMENT_3D('',#4496,#3610,#3611);
#3274=AXIS2_PLACEMENT_3D('',#4497,#3612,#3613);
#3275=AXIS2_PLACEMENT_3D('',#4498,#3614,#3615);
#3276=AXIS2_PLACEMENT_3D('',#4499,#3616,#3617);
#3277=AXIS2_PLACEMENT_3D('',#4500,#3618,#3619);
#3278=AXIS2_PLACEMENT_3D('',#4501,#3620,#3621);
#3279=AXIS2_PLACEMENT_3D('',#4510,#3626,#3627);
#3280=AXIS2_PLACEMENT_3D('',#4520,#3633,#3634);
#3281=AXIS2_PLACEMENT_3D('',#4524,#3637,#3638);
#3282=AXIS2_PLACEMENT_3D('',#4528,#3641,#3642);
#3283=AXIS2_PLACEMENT_3D('',#4532,#3645,#3646);
#3284=AXIS2_PLACEMENT_3D('',#4536,#3649,#3650);
#3285=AXIS2_PLACEMENT_3D('',#4538,#3652,#3653);
#3286=AXIS2_PLACEMENT_3D('',#4539,#3654,#3655);
#3287=AXIS2_PLACEMENT_3D('',#4540,#3656,#3657);
#3288=AXIS2_PLACEMENT_3D('',#4549,#3662,#3663);
#3289=AXIS2_PLACEMENT_3D('',#4555,#3667,#3668);
#3290=AXIS2_PLACEMENT_3D('',#4578,#3680,#3681);
#3291=AXIS2_PLACEMENT_3D('',#4580,#3682,#3683);
#3292=AXIS2_PLACEMENT_3D('',#4582,#3684,#3685);
#3293=AXIS2_PLACEMENT_3D('',#4584,#3686,#3687);
#3294=AXIS2_PLACEMENT_3D('',#4585,#3688,#3689);
#3295=AXIS2_PLACEMENT_3D('',#4597,#3696,#3697);
#3296=AXIS2_PLACEMENT_3D('',#4601,#3700,#3701);
#3297=AXIS2_PLACEMENT_3D('',#4607,#3705,#3706);
#3298=AXIS2_PLACEMENT_3D('',#4611,#3709,#3710);
#3299=AXIS2_PLACEMENT_3D('',#4619,#3715,#3716);
#3300=AXIS2_PLACEMENT_3D('',#4625,#3720,#3721);
#3301=AXIS2_PLACEMENT_3D('',#4629,#3723,#3724);
#3302=AXIS2_PLACEMENT_3D('',#4630,#3725,#3726);
#3303=AXIS2_PLACEMENT_3D('',#4631,#3727,#3728);
#3304=AXIS2_PLACEMENT_3D('',#4637,#3732,#3733);
#3305=AXIS2_PLACEMENT_3D('',#4644,#3734,#3735);
#3306=AXIS2_PLACEMENT_3D('',#4645,#3736,#3737);
#3307=AXIS2_PLACEMENT_3D('',#4646,#3738,#3739);
#3308=AXIS2_PLACEMENT_3D('',#4653,#3743,#3744);
#3309=AXIS2_PLACEMENT_3D('',#4655,#3745,#3746);
#3310=AXIS2_PLACEMENT_3D('',#4657,#3747,#3748);
#3311=AXIS2_PLACEMENT_3D('',#4658,#3749,#3750);
#3312=AXIS2_PLACEMENT_3D('',#4667,#3755,#3756);
#3313=AXIS2_PLACEMENT_3D('',#4669,#3757,#3758);
#3314=AXIS2_PLACEMENT_3D('',#4672,#3760,#3761);
#3315=AXIS2_PLACEMENT_3D('',#4673,#3762,#3763);
#3316=AXIS2_PLACEMENT_3D('',#4679,#3767,#3768);
#3317=AXIS2_PLACEMENT_3D('',#4681,#3769,#3770);
#3318=AXIS2_PLACEMENT_3D('',#4684,#3772,#3773);
#3319=AXIS2_PLACEMENT_3D('',#4685,#3774,#3775);
#3320=AXIS2_PLACEMENT_3D('',#4688,#3778,#3779);
#3321=AXIS2_PLACEMENT_3D('',#4694,#3783,#3784);
#3322=AXIS2_PLACEMENT_3D('',#4700,#3788,#3789);
#3323=AXIS2_PLACEMENT_3D('',#4706,#3793,#3794);
#3324=AXIS2_PLACEMENT_3D('',#4709,#3795,#3796);
#3325=AXIS2_PLACEMENT_3D('',#4716,#3801,#3802);
#3326=AXIS2_PLACEMENT_3D('',#4722,#3806,#3807);
#3327=AXIS2_PLACEMENT_3D('',#4728,#3811,#3812);
#3328=AXIS2_PLACEMENT_3D('',#4734,#3816,#3817);
#3329=AXIS2_PLACEMENT_3D('',#4740,#3821,#3822);
#3330=AXIS2_PLACEMENT_3D('',#4744,#3824,#3825);
#3331=AXIS2_PLACEMENT_3D('',#4745,#3826,#3827);
#3332=AXIS2_PLACEMENT_3D('',#4746,#3828,#3829);
#3333=AXIS2_PLACEMENT_3D('',#4752,#3833,#3834);
#3334=AXIS2_PLACEMENT_3D('',#4755,#3836,#3837);
#3335=AXIS2_PLACEMENT_3D('',#4756,#3838,#3839);
#3336=AXIS2_PLACEMENT_3D('',#4757,#3840,#3841);
#3337=AXIS2_PLACEMENT_3D('',#4759,#3843,#3844);
#3338=AXIS2_PLACEMENT_3D('',#4771,#3851,#3852);
#3339=AXIS2_PLACEMENT_3D('',#4774,#3854,#3855);
#3340=AXIS2_PLACEMENT_3D('',#4775,#3856,#3857);
#3341=AXIS2_PLACEMENT_3D('',#4779,#3860,#3861);
#3342=AXIS2_PLACEMENT_3D('',#4797,#3863,#3864);
#3343=AXIS2_PLACEMENT_3D('',#4798,#3865,#3866);
#3344=AXIS2_PLACEMENT_3D('',#4805,#3867,#3868);
#3345=AXIS2_PLACEMENT_3D('',#4807,#3870,#3871);
#3346=AXIS2_PLACEMENT_3D('',#4811,#3874,#3875);
#3347=AXIS2_PLACEMENT_3D('',#4814,#3877,#3878);
#3348=AXIS2_PLACEMENT_3D('',#4815,#3879,#3880);
#3349=AXIS2_PLACEMENT_3D('',#4819,#3883,#3884);
#3350=AXIS2_PLACEMENT_3D('',#4821,#3885,#3886);
#3351=AXIS2_PLACEMENT_3D('',#4828,#3890,#3891);
#3352=AXIS2_PLACEMENT_3D('',#4830,#3892,#3893);
#3353=AXIS2_PLACEMENT_3D('',#4831,#3894,#3895);
#3354=AXIS2_PLACEMENT_3D('',#4837,#3899,#3900);
#3355=AXIS2_PLACEMENT_3D('',#4843,#3904,#3905);
#3356=AXIS2_PLACEMENT_3D('',#4847,#3908,#3909);
#3357=AXIS2_PLACEMENT_3D('',#4851,#3912,#3913);
#3358=AXIS2_PLACEMENT_3D('',#4855,#3916,#3917);
#3359=AXIS2_PLACEMENT_3D('',#4858,#3919,#3920);
#3360=AXIS2_PLACEMENT_3D('',#4859,#3921,#3922);
#3361=AXIS2_PLACEMENT_3D('',#4861,#3924,#3925);
#3362=AXIS2_PLACEMENT_3D('',#4863,#3927,#3928);
#3363=AXIS2_PLACEMENT_3D('',#4865,#3929,#3930);
#3364=AXIS2_PLACEMENT_3D('',#4866,#3931,#3932);
#3365=AXIS2_PLACEMENT_3D('',#4868,#3933,#3934);
#3366=AXIS2_PLACEMENT_3D('',#4870,#3935,#3936);
#3367=AXIS2_PLACEMENT_3D('',#4872,#3937,#3938);
#3368=AXIS2_PLACEMENT_3D('',#4874,#3939,#3940);
#3369=AXIS2_PLACEMENT_3D('',#4875,#3941,#3942);
#3370=AXIS2_PLACEMENT_3D('',#4892,#3952,#3953);
#3371=AXIS2_PLACEMENT_3D('',#4911,#3955,#3956);
#3372=AXIS2_PLACEMENT_3D('',#4915,#3957,#3958);
#3373=AXIS2_PLACEMENT_3D('',#4917,#3960,#3961);
#3374=AXIS2_PLACEMENT_3D('',#4941,#3975,#3976);
#3375=AXIS2_PLACEMENT_3D('',#4947,#3980,#3981);
#3376=AXIS2_PLACEMENT_3D('',#4952,#3982,#3983);
#3377=AXIS2_PLACEMENT_3D('',#4953,#3984,#3985);
#3378=AXIS2_PLACEMENT_3D('',#4971,#3995,#3996);
#3379=AXIS2_PLACEMENT_3D('',#4978,#4001,#4002);
#3380=AXIS2_PLACEMENT_3D('',#4981,#4004,#4005);
#3381=AXIS2_PLACEMENT_3D('',#4982,#4006,#4007);
#3382=AXIS2_PLACEMENT_3D('',#4988,#4011,#4012);
#3383=AXIS2_PLACEMENT_3D('',#4991,#4014,#4015);
#3384=AXIS2_PLACEMENT_3D('',#4992,#4016,#4017);
#3385=AXIS2_PLACEMENT_3D('',#4998,#4021,#4022);
#3386=AXIS2_PLACEMENT_3D('',#5000,#4023,#4024);
#3387=AXIS2_PLACEMENT_3D('',#5003,#4026,#4027);
#3388=AXIS2_PLACEMENT_3D('',#5004,#4028,#4029);
#3389=AXIS2_PLACEMENT_3D('',#5010,#4033,#4034);
#3390=AXIS2_PLACEMENT_3D('',#5011,#4035,#4036);
#3391=AXIS2_PLACEMENT_3D('',#5014,#4038,#4039);
#3392=AXIS2_PLACEMENT_3D('',#5015,#4040,#4041);
#3393=AXIS2_PLACEMENT_3D('',#5019,#4044,#4045);
#3394=AXIS2_PLACEMENT_3D('',#5020,#4046,#4047);
#3395=AXIS2_PLACEMENT_3D('',#5021,#4048,#4049);
#3396=AXIS2_PLACEMENT_3D('',#5022,#4050,#4051);
#3397=AXIS2_PLACEMENT_3D('',#5025,#4054,#4055);
#3398=AXIS2_PLACEMENT_3D('',#5032,#4060,#4061);
#3399=AXIS2_PLACEMENT_3D('',#5037,#4063,#4064);
#3400=AXIS2_PLACEMENT_3D('',#5041,#4066,#4067);
#3401=AXIS2_PLACEMENT_3D('',#5045,#4069,#4070);
#3402=AXIS2_PLACEMENT_3D('',#5048,#4072,#4073);
#3403=AXIS2_PLACEMENT_3D('',#5049,#4074,#4075);
#3404=AXIS2_PLACEMENT_3D('',#5058,#4080,#4081);
#3405=AXIS2_PLACEMENT_3D('',#5060,#4082,#4083);
#3406=AXIS2_PLACEMENT_3D('',#5063,#4085,#4086);
#3407=AXIS2_PLACEMENT_3D('',#5064,#4087,#4088);
#3408=AXIS2_PLACEMENT_3D('',#5070,#4092,#4093);
#3409=AXIS2_PLACEMENT_3D('',#5072,#4094,#4095);
#3410=AXIS2_PLACEMENT_3D('',#5075,#4097,#4098);
#3411=AXIS2_PLACEMENT_3D('',#5076,#4099,#4100);
#3412=AXIS2_PLACEMENT_3D('',#5082,#4104,#4105);
#3413=AXIS2_PLACEMENT_3D('',#5084,#4106,#4107);
#3414=AXIS2_PLACEMENT_3D('',#5087,#4109,#4110);
#3415=AXIS2_PLACEMENT_3D('',#5088,#4111,#4112);
#3416=AXIS2_PLACEMENT_3D('',#5094,#4116,#4117);
#3417=AXIS2_PLACEMENT_3D('',#5095,#4118,#4119);
#3418=AXIS2_PLACEMENT_3D('',#5096,#4120,#4121);
#3419=AXIS2_PLACEMENT_3D('',#5097,#4122,#4123);
#3420=AXIS2_PLACEMENT_3D('',#5100,#4126,#4127);
#3421=AXIS2_PLACEMENT_3D('',#5102,#4129,#4130);
#3422=AXIS2_PLACEMENT_3D('',#5104,#4132,#4133);
#3423=AXIS2_PLACEMENT_3D('',#5106,#4135,#4136);
#3424=AXIS2_PLACEMENT_3D('',#5107,#4137,#4138);
#3425=AXIS2_PLACEMENT_3D('',#5108,#4139,#4140);
#3426=AXIS2_PLACEMENT_3D('',#5109,#4141,#4142);
#3427=AXIS2_PLACEMENT_3D('',#5112,#4144,#4145);
#3428=AXIS2_PLACEMENT_3D('',#5113,#4146,#4147);
#3429=AXIS2_PLACEMENT_3D('',#5115,#4149,#4150);
#3430=AXIS2_PLACEMENT_3D('',#5117,#4152,#4153);
#3431=AXIS2_PLACEMENT_3D('',#5120,#4156,#4157);
#3432=AXIS2_PLACEMENT_3D('',#5121,#4158,#4159);
#3433=AXIS2_PLACEMENT_3D('',#5122,#4160,#4161);
#3434=AXIS2_PLACEMENT_3D('',#5126,#4164,#4165);
#3435=AXIS2_PLACEMENT_3D('',#5150,#4179,#4180);
#3436=AXIS2_PLACEMENT_3D('',#5156,#4184,#4185);
#3437=AXIS2_PLACEMENT_3D('',#5160,#4188,#4189);
#3438=AXIS2_PLACEMENT_3D('',#5164,#4192,#4193);
#3439=AXIS2_PLACEMENT_3D('',#5168,#4196,#4197);
#3440=AXIS2_PLACEMENT_3D('',#5172,#4200,#4201);
#3441=AXIS2_PLACEMENT_3D('',#5174,#4203,#4204);
#3442=AXIS2_PLACEMENT_3D('',#5176,#4206,#4207);
#3443=AXIS2_PLACEMENT_3D('',#5178,#4209,#4210);
#3444=AXIS2_PLACEMENT_3D('',#5184,#4214,#4215);
#3445=AXIS2_PLACEMENT_3D('',#5188,#4218,#4219);
#3446=AXIS2_PLACEMENT_3D('',#5192,#4222,#4223);
#3447=AXIS2_PLACEMENT_3D('',#5196,#4226,#4227);
#3448=AXIS2_PLACEMENT_3D('',#5200,#4230,#4231);
#3449=AXIS2_PLACEMENT_3D('',#5202,#4233,#4234);
#3450=AXIS2_PLACEMENT_3D('',#5204,#4235,#4236);
#3451=AXIS2_PLACEMENT_3D('',#5205,#4237,#4238);
#3452=AXIS2_PLACEMENT_3D('',#5211,#4242,#4243);
#3453=AXIS2_PLACEMENT_3D('',#5215,#4246,#4247);
#3454=AXIS2_PLACEMENT_3D('',#5219,#4250,#4251);
#3455=AXIS2_PLACEMENT_3D('',#5223,#4254,#4255);
#3456=AXIS2_PLACEMENT_3D('',#5227,#4258,#4259);
#3457=AXIS2_PLACEMENT_3D('',#5229,#4261,#4262);
#3458=AXIS2_PLACEMENT_3D('',#5231,#4263,#4264);
#3459=AXIS2_PLACEMENT_3D('',#5232,#4265,#4266);
#3460=AXIS2_PLACEMENT_3D('',#5234,#4268,#4269);
#3461=AXIS2_PLACEMENT_3D('',#5236,#4271,#4272);
#3462=AXIS2_PLACEMENT_3D('',#5242,#4276,#4277);
#3463=AXIS2_PLACEMENT_3D('',#5246,#4280,#4281);
#3464=AXIS2_PLACEMENT_3D('',#5250,#4284,#4285);
#3465=AXIS2_PLACEMENT_3D('',#5254,#4288,#4289);
#3466=AXIS2_PLACEMENT_3D('',#5258,#4292,#4293);
#3467=AXIS2_PLACEMENT_3D('',#5260,#4295,#4296);
#3468=AXIS2_PLACEMENT_3D('',#5262,#4297,#4298);
#3469=AXIS2_PLACEMENT_3D('',#5263,#4299,#4300);
#3470=AXIS2_PLACEMENT_3D('',#5269,#4304,#4305);
#3471=AXIS2_PLACEMENT_3D('',#5273,#4308,#4309);
#3472=AXIS2_PLACEMENT_3D('',#5277,#4312,#4313);
#3473=AXIS2_PLACEMENT_3D('',#5281,#4316,#4317);
#3474=AXIS2_PLACEMENT_3D('',#5285,#4320,#4321);
#3475=AXIS2_PLACEMENT_3D('',#5287,#4323,#4324);
#3476=AXIS2_PLACEMENT_3D('',#5289,#4325,#4326);
#3477=AXIS2_PLACEMENT_3D('',#5290,#4327,#4328);
#3478=AXIS2_PLACEMENT_3D('',#5292,#4330,#4331);
#3479=AXIS2_PLACEMENT_3D('',#5294,#4333,#4334);
#3480=AXIS2_PLACEMENT_3D('',#5295,#4335,#4336);
#3481=AXIS2_PLACEMENT_3D('',#5308,#4343,#4344);
#3482=AXIS2_PLACEMENT_3D('',#5309,#4345,#4346);
#3483=AXIS2_PLACEMENT_3D('',#5310,#4347,#4348);
#3484=AXIS2_PLACEMENT_3D('',#5311,#4349,#4350);
#3485=AXIS2_PLACEMENT_3D('',#5312,#4351,#4352);
#3486=AXIS2_PLACEMENT_3D('',#5313,#4353,#4354);
#3487=AXIS2_PLACEMENT_3D('',#5314,#4355,#4356);
#3488=AXIS2_PLACEMENT_3D('',#5315,#4357,#4358);
#3489=AXIS2_PLACEMENT_3D('',#5317,#4359,#4360);
#3490=AXIS2_PLACEMENT_3D('',#5320,#4362,#4363);
#3491=AXIS2_PLACEMENT_3D('',#5321,#4364,#4365);
#3492=AXIS2_PLACEMENT_3D('',#5322,#4366,#4367);
#3493=AXIS2_PLACEMENT_3D('',#5324,#4368,#4369);
#3494=AXIS2_PLACEMENT_3D('',#5325,#4370,#4371);
#3495=AXIS2_PLACEMENT_3D('',#5327,#4373,#4374);
#3496=AXIS2_PLACEMENT_3D('',#5328,#4375,#4376);
#3497=AXIS2_PLACEMENT_3D('',#5330,#4378,#4379);
#3498=AXIS2_PLACEMENT_3D('',#5332,#4381,#4382);
#3499=AXIS2_PLACEMENT_3D('',#5333,#4383,#4384);
#3500=AXIS2_PLACEMENT_3D('',#5335,#4386,#4387);
#3501=AXIS2_PLACEMENT_3D('',#5337,#4389,#4390);
#3502=AXIS2_PLACEMENT_3D('',#5338,#4391,#4392);
#3503=AXIS2_PLACEMENT_3D('',#5339,#4393,#4394);
#3504=AXIS2_PLACEMENT_3D('',#5340,#4395,#4396);
#3505=DIRECTION('axis',(0.,0.,1.));
#3506=DIRECTION('refdir',(1.,0.,0.));
#3507=DIRECTION('axis',(0.,0.,1.));
#3508=DIRECTION('refdir',(1.,0.,0.));
#3509=DIRECTION('center_axis',(-0.707106781186552,0.707106781186543,-4.79118720294488E-16));
#3510=DIRECTION('ref_axis',(-6.77576192227302E-16,0.,1.));
#3511=DIRECTION('',(-0.707106781186543,-0.707106781186552,-3.05927509047396E-16));
#3512=DIRECTION('',(0.,6.77576192227311E-16,1.));
#3513=DIRECTION('',(0.707106781186543,0.707106781186552,-8.65956056235498E-17));
#3514=DIRECTION('',(0.,-6.77576192227311E-16,-1.));
#3515=DIRECTION('center_axis',(0.,1.22464679914735E-16,1.));
#3516=DIRECTION('ref_axis',(0.,1.,-1.22464679914735E-16));
#3517=DIRECTION('',(0.,1.,-1.22464679914735E-16));
#3518=DIRECTION('',(-0.707106781186543,0.707106781186552,-8.65956056235499E-17));
#3519=DIRECTION('',(-1.,0.,0.));
#3520=DIRECTION('',(0.,-1.,1.22464679914735E-16));
#3521=DIRECTION('',(-1.,0.,0.));
#3522=DIRECTION('center_axis',(-1.,0.,0.));
#3523=DIRECTION('ref_axis',(0.,0.,1.));
#3524=DIRECTION('',(0.,-1.,-4.32646832397843E-16));
#3525=DIRECTION('',(0.,4.32646832397838E-16,-1.));
#3526=DIRECTION('center_axis',(-0.707106781186552,-0.707106781186543,-3.05927509047389E-16));
#3527=DIRECTION('ref_axis',(-4.32646832397832E-16,0.,1.));
#3528=DIRECTION('',(0.707106781186543,-0.707106781186552,-3.05927509047396E-16));
#3529=DIRECTION('',(0.,-4.32646832397838E-16,1.));
#3530=DIRECTION('center_axis',(0.,1.,-6.77576192227311E-16));
#3531=DIRECTION('ref_axis',(0.,-6.77576192227311E-16,-1.));
#3532=DIRECTION('',(0.,6.77576192227311E-16,1.));
#3533=DIRECTION('',(-1.,0.,0.));
#3534=DIRECTION('center_axis',(0.,-1.,-4.32646832397838E-16));
#3535=DIRECTION('ref_axis',(0.,-4.32646832397838E-16,1.));
#3536=DIRECTION('',(-1.,0.,0.));
#3537=DIRECTION('',(0.,4.32646832397838E-16,-1.));
#3538=DIRECTION('center_axis',(0.,4.32646832397843E-16,-1.));
#3539=DIRECTION('ref_axis',(0.,-1.,-4.32646832397843E-16));
#3540=DIRECTION('',(0.,1.,4.32646832397843E-16));
#3541=DIRECTION('center_axis',(-1.,0.,0.));
#3542=DIRECTION('ref_axis',(0.,0.,1.));
#3543=DIRECTION('center_axis',(-1.,0.,0.));
#3544=DIRECTION('ref_axis',(0.,1.,0.));
#3545=DIRECTION('center_axis',(-1.,0.,0.));
#3546=DIRECTION('ref_axis',(0.,1.,0.));
#3547=DIRECTION('center_axis',(-1.,0.,0.));
#3548=DIRECTION('ref_axis',(0.,0.,1.));
#3549=DIRECTION('center_axis',(1.,0.,0.));
#3550=DIRECTION('ref_axis',(0.,1.,0.));
#3551=DIRECTION('center_axis',(0.,-1.,1.22464679914735E-16));
#3552=DIRECTION('ref_axis',(0.,-1.22464679914735E-16,-1.));
#3553=DIRECTION('center_axis',(-1.,0.,0.));
#3554=DIRECTION('ref_axis',(0.,1.,0.));
#3555=DIRECTION('center_axis',(-1.,0.,0.));
#3556=DIRECTION('ref_axis',(0.,1.,0.));
#3557=DIRECTION('center_axis',(-1.,0.,0.));
#3558=DIRECTION('ref_axis',(0.,1.,0.));
#3559=DIRECTION('',(1.,0.,0.));
#3560=DIRECTION('center_axis',(1.,0.,0.));
#3561=DIRECTION('ref_axis',(0.,1.,0.));
#3562=DIRECTION('center_axis',(-1.,0.,0.));
#3563=DIRECTION('ref_axis',(0.,0.,1.));
#3564=DIRECTION('center_axis',(-1.,0.,0.));
#3565=DIRECTION('ref_axis',(0.,0.,1.));
#3566=DIRECTION('center_axis',(1.,0.,0.));
#3567=DIRECTION('ref_axis',(0.,1.,0.));
#3568=DIRECTION('center_axis',(0.,-1.,1.22464679914735E-16));
#3569=DIRECTION('ref_axis',(0.,-1.22464679914735E-16,-1.));
#3570=DIRECTION('center_axis',(-1.,0.,0.));
#3571=DIRECTION('ref_axis',(0.,1.,0.));
#3572=DIRECTION('center_axis',(-1.,0.,0.));
#3573=DIRECTION('ref_axis',(0.,1.,0.));
#3574=DIRECTION('center_axis',(-1.,0.,0.));
#3575=DIRECTION('ref_axis',(0.,1.,0.));
#3576=DIRECTION('',(1.,0.,0.));
#3577=DIRECTION('center_axis',(-1.,0.,0.));
#3578=DIRECTION('ref_axis',(0.,0.,1.));
#3579=DIRECTION('center_axis',(1.,0.,0.));
#3580=DIRECTION('ref_axis',(0.,0.,-1.));
#3581=DIRECTION('center_axis',(-1.,0.,0.));
#3582=DIRECTION('ref_axis',(0.,1.,0.));
#3583=DIRECTION('center_axis',(0.,-1.,-1.22464679914735E-16));
#3584=DIRECTION('ref_axis',(0.,-1.22464679914735E-16,1.));
#3585=DIRECTION('center_axis',(1.,0.,0.));
#3586=DIRECTION('ref_axis',(0.,1.,0.));
#3587=DIRECTION('center_axis',(1.,0.,0.));
#3588=DIRECTION('ref_axis',(0.,1.,0.));
#3589=DIRECTION('center_axis',(-1.,0.,0.));
#3590=DIRECTION('ref_axis',(0.,1.,0.));
#3591=DIRECTION('',(1.,0.,0.));
#3592=DIRECTION('center_axis',(-1.,0.,0.));
#3593=DIRECTION('ref_axis',(0.,1.,0.));
#3594=DIRECTION('',(-1.,0.,0.));
#3595=DIRECTION('center_axis',(1.,0.,0.));
#3596=DIRECTION('ref_axis',(0.,1.,0.));
#3597=DIRECTION('',(1.,0.,0.));
#3598=DIRECTION('center_axis',(1.,0.,0.));
#3599=DIRECTION('ref_axis',(0.,1.,0.));
#3600=DIRECTION('center_axis',(0.,5.51855669985443E-16,-1.));
#3601=DIRECTION('ref_axis',(0.,-1.,-5.51855669985443E-16));
#3602=DIRECTION('',(0.,1.,5.51855669985443E-16));
#3603=DIRECTION('',(-1.,0.,0.));
#3604=DIRECTION('',(0.,-1.,-5.51855669985443E-16));
#3605=DIRECTION('center_axis',(0.,0.,1.));
#3606=DIRECTION('ref_axis',(0.,1.,0.));
#3607=DIRECTION('',(0.,-1.,0.));
#3608=DIRECTION('',(0.,1.,0.));
#3609=DIRECTION('',(-1.,0.,0.));
#3610=DIRECTION('center_axis',(-1.,0.,0.));
#3611=DIRECTION('ref_axis',(0.,1.,0.));
#3612=DIRECTION('center_axis',(1.,0.,0.));
#3613=DIRECTION('ref_axis',(0.,1.,0.));
#3614=DIRECTION('center_axis',(-1.,0.,0.));
#3615=DIRECTION('ref_axis',(0.,1.,0.));
#3616=DIRECTION('center_axis',(-1.,0.,0.));
#3617=DIRECTION('ref_axis',(0.,0.,1.));
#3618=DIRECTION('center_axis',(-1.,0.,0.));
#3619=DIRECTION('ref_axis',(0.,0.,1.));
#3620=DIRECTION('center_axis',(-0.707106781186552,-0.707106781186543,3.92523114670939E-16));
#3621=DIRECTION('ref_axis',(5.55111512312568E-16,0.,1.));
#3622=DIRECTION('',(-0.707106781186543,0.707106781186552,3.92523114670946E-16));
#3623=DIRECTION('',(0.,-5.55111512312575E-16,-1.));
#3624=DIRECTION('',(0.707106781186543,-0.707106781186552,0.));
#3625=DIRECTION('',(0.,5.55111512312575E-16,1.));
#3626=DIRECTION('center_axis',(0.,0.,-1.));
#3627=DIRECTION('ref_axis',(0.,-1.,0.));
#3628=DIRECTION('',(0.,-1.,0.));
#3629=DIRECTION('',(-0.707106781186543,-0.707106781186552,0.));
#3630=DIRECTION('',(-1.,0.,0.));
#3631=DIRECTION('',(0.,1.,0.));
#3632=DIRECTION('',(-1.,0.,0.));
#3633=DIRECTION('center_axis',(-1.,0.,0.));
#3634=DIRECTION('ref_axis',(0.,0.,1.));
#3635=DIRECTION('',(0.,1.,5.55111512312578E-16));
#3636=DIRECTION('',(0.,-5.55111512312573E-16,1.));
#3637=DIRECTION('center_axis',(-0.707106781186552,0.707106781186543,3.92523114670937E-16));
#3638=DIRECTION('ref_axis',(5.55111512312566E-16,0.,1.));
#3639=DIRECTION('',(0.707106781186543,0.707106781186552,3.92523114670946E-16));
#3640=DIRECTION('',(0.,5.55111512312573E-16,-1.));
#3641=DIRECTION('center_axis',(0.,-1.,5.55111512312575E-16));
#3642=DIRECTION('ref_axis',(0.,5.55111512312575E-16,1.));
#3643=DIRECTION('',(0.,-5.55111512312575E-16,-1.));
#3644=DIRECTION('',(-1.,0.,0.));
#3645=DIRECTION('center_axis',(0.,1.,5.55111512312573E-16));
#3646=DIRECTION('ref_axis',(0.,5.55111512312573E-16,-1.));
#3647=DIRECTION('',(-1.,0.,0.));
#3648=DIRECTION('',(0.,-5.55111512312573E-16,1.));
#3649=DIRECTION('center_axis',(0.,-5.55111512312578E-16,1.));
#3650=DIRECTION('ref_axis',(0.,1.,5.55111512312578E-16));
#3651=DIRECTION('',(0.,-1.,-5.55111512312578E-16));
#3652=DIRECTION('center_axis',(-1.,0.,0.));
#3653=DIRECTION('ref_axis',(0.,0.,1.));
#3654=DIRECTION('axis',(0.,0.,1.));
#3655=DIRECTION('refdir',(1.,0.,0.));
#3656=DIRECTION('center_axis',(-0.70710678118655,0.707106781186545,0.));
#3657=DIRECTION('ref_axis',(0.,0.,1.));
#3658=DIRECTION('',(0.,0.,-1.));
#3659=DIRECTION('',(-0.707106781186545,-0.70710678118655,0.));
#3660=DIRECTION('',(0.,0.,1.));
#3661=DIRECTION('',(0.678598344545844,0.678598344545854,0.28108463771481));
#3662=DIRECTION('center_axis',(-0.707106781186548,0.5,0.5));
#3663=DIRECTION('ref_axis',(0.577350269189626,0.,0.816496580927726));
#3664=DIRECTION('',(0.,-0.707106781186548,0.707106781186547));
#3665=DIRECTION('',(-0.577350269189626,0.,-0.816496580927726));
#3666=DIRECTION('',(0.,0.707106781186548,-0.707106781186547));
#3667=DIRECTION('center_axis',(0.,0.,-1.));
#3668=DIRECTION('ref_axis',(0.,1.,0.));
#3669=DIRECTION('',(1.,0.,0.));
#3670=DIRECTION('',(-0.707106781186545,0.70710678118655,0.));
#3671=DIRECTION('',(0.,1.,0.));
#3672=DIRECTION('',(0.707106781186545,0.70710678118655,0.));
#3673=DIRECTION('',(1.,0.,0.));
#3674=DIRECTION('',(0.707106781186548,-0.707106781186548,0.));
#3675=DIRECTION('',(0.,-1.,0.));
#3676=DIRECTION('',(1.,0.,0.));
#3677=DIRECTION('',(0.,-1.,0.));
#3678=DIRECTION('',(-1.,0.,0.));
#3679=DIRECTION('',(0.,1.,0.));
#3680=DIRECTION('center_axis',(0.,0.,1.));
#3681=DIRECTION('ref_axis',(1.,0.,0.));
#3682=DIRECTION('center_axis',(0.,0.,1.));
#3683=DIRECTION('ref_axis',(1.,0.,0.));
#3684=DIRECTION('center_axis',(0.,0.,1.));
#3685=DIRECTION('ref_axis',(1.,0.,0.));
#3686=DIRECTION('center_axis',(0.,0.,1.));
#3687=DIRECTION('ref_axis',(1.,0.,0.));
#3688=DIRECTION('center_axis',(0.,1.,0.));
#3689=DIRECTION('ref_axis',(0.,0.,1.));
#3690=DIRECTION('',(1.,0.,0.));
#3691=DIRECTION('',(0.,0.,1.));
#3692=DIRECTION('',(-1.,0.,0.));
#3693=DIRECTION('',(0.,0.,-1.));
#3694=DIRECTION('',(-1.,0.,0.));
#3695=DIRECTION('',(0.,0.,1.));
#3696=DIRECTION('center_axis',(0.,0.707106781186547,0.707106781186548));
#3697=DIRECTION('ref_axis',(0.,-0.707106781186548,0.707106781186547));
#3698=DIRECTION('',(-1.,0.,0.));
#3699=DIRECTION('',(0.,-0.707106781186548,0.707106781186547));
#3700=DIRECTION('center_axis',(0.707106781186546,0.707106781186549,0.));
#3701=DIRECTION('ref_axis',(0.,0.,-1.));
#3702=DIRECTION('',(0.,0.,-1.));
#3703=DIRECTION('',(0.577350269189626,-0.577350269189624,0.577350269189628));
#3704=DIRECTION('',(0.678598344545844,-0.678598344545852,-0.281084637714816));
#3705=DIRECTION('center_axis',(0.70710678118655,0.499999999999998,0.499999999999998));
#3706=DIRECTION('ref_axis',(0.577350269189623,0.,-0.816496580927728));
#3707=DIRECTION('',(-0.577350269189623,0.,0.816496580927728));
#3708=DIRECTION('',(0.,0.707106781186548,-0.707106781186547));
#3709=DIRECTION('center_axis',(1.,0.,0.));
#3710=DIRECTION('ref_axis',(0.,0.,-1.));
#3711=DIRECTION('',(0.,0.,1.));
#3712=DIRECTION('',(0.,0.707106781186548,-0.707106781186548));
#3713=DIRECTION('',(0.,-1.,0.));
#3714=DIRECTION('',(0.,0.707106781186545,-0.70710678118655));
#3715=DIRECTION('center_axis',(-0.70710678118655,0.707106781186545,0.));
#3716=DIRECTION('ref_axis',(0.,0.,1.));
#3717=DIRECTION('',(0.577350269189622,0.577350269189626,-0.57735026918963));
#3718=DIRECTION('',(0.,0.,1.));
#3719=DIRECTION('',(0.707106781186545,0.70710678118655,1.30841038223648E-15));
#3720=DIRECTION('center_axis',(1.,0.,0.));
#3721=DIRECTION('ref_axis',(0.,0.923879532511287,0.38268343236509));
#3722=DIRECTION('',(0.707106781186547,0.5,0.5));
#3723=DIRECTION('center_axis',(-1.,0.,0.));
#3724=DIRECTION('ref_axis',(0.,0.923879532511287,0.38268343236509));
#3725=DIRECTION('center_axis',(1.,0.,0.));
#3726=DIRECTION('ref_axis',(0.,0.923879532511287,0.38268343236509));
#3727=DIRECTION('center_axis',(-0.707106781186546,0.500000000000001,0.500000000000001));
#3728=DIRECTION('ref_axis',(0.577350269189627,0.,0.816496580927725));
#3729=DIRECTION('',(0.,-0.707106781186548,0.707106781186547));
#3730=DIRECTION('',(0.707106781186549,0.499999999999999,0.499999999999999));
#3731=DIRECTION('',(0.,0.707106781186548,-0.707106781186547));
#3732=DIRECTION('center_axis',(1.,0.,0.));
#3733=DIRECTION('ref_axis',(0.,0.38268343236509,0.923879532511287));
#3734=DIRECTION('center_axis',(-1.,0.,0.));
#3735=DIRECTION('ref_axis',(0.,0.38268343236509,0.923879532511287));
#3736=DIRECTION('center_axis',(1.,0.,0.));
#3737=DIRECTION('ref_axis',(0.,0.38268343236509,0.923879532511287));
#3738=DIRECTION('center_axis',(1.,0.,0.));
#3739=DIRECTION('ref_axis',(0.,0.,-1.));
#3740=DIRECTION('',(0.,-0.707106781186545,0.70710678118655));
#3741=DIRECTION('',(0.,1.,0.));
#3742=DIRECTION('',(0.,0.,-1.));
#3743=DIRECTION('center_axis',(-1.,0.,0.));
#3744=DIRECTION('ref_axis',(0.,0.707106781186548,0.707106781186548));
#3745=DIRECTION('center_axis',(1.,0.,0.));
#3746=DIRECTION('ref_axis',(0.,1.,0.));
#3747=DIRECTION('center_axis',(1.,0.,0.));
#3748=DIRECTION('ref_axis',(0.,1.,0.));
#3749=DIRECTION('center_axis',(0.70710678118655,0.,0.707106781186545));
#3750=DIRECTION('ref_axis',(0.707106781186545,0.,-0.70710678118655));
#3751=DIRECTION('',(0.,-1.,0.));
#3752=DIRECTION('',(0.707106781186545,0.,-0.70710678118655));
#3753=DIRECTION('',(0.,1.,0.));
#3754=DIRECTION('',(-0.678598344545844,0.281084637714822,0.678598344545849));
#3755=DIRECTION('center_axis',(-1.,0.,0.));
#3756=DIRECTION('ref_axis',(0.,-0.38268343236509,0.923879532511287));
#3757=DIRECTION('center_axis',(1.,0.,0.));
#3758=DIRECTION('ref_axis',(0.,-0.38268343236509,0.923879532511287));
#3759=DIRECTION('',(0.707106781186544,0.500000000000003,-0.500000000000003));
#3760=DIRECTION('center_axis',(-1.,0.,0.));
#3761=DIRECTION('ref_axis',(0.,-0.38268343236509,0.923879532511287));
#3762=DIRECTION('center_axis',(0.707106781186562,-0.49999999999999,0.49999999999999));
#3763=DIRECTION('ref_axis',(0.57735026918961,0.,-0.816496580927737));
#3764=DIRECTION('',(0.707106781186533,0.500000000000008,-0.500000000000013));
#3765=DIRECTION('',(0.,0.707106781186548,0.707106781186547));
#3766=DIRECTION('',(0.,-0.707106781186548,-0.707106781186547));
#3767=DIRECTION('center_axis',(-1.,0.,0.));
#3768=DIRECTION('ref_axis',(0.,-0.923879532511287,0.38268343236509));
#3769=DIRECTION('center_axis',(1.,0.,0.));
#3770=DIRECTION('ref_axis',(0.,-0.923879532511287,0.38268343236509));
#3771=DIRECTION('',(0.707106781186545,0.70710678118655,0.));
#3772=DIRECTION('center_axis',(-1.,0.,0.));
#3773=DIRECTION('ref_axis',(0.,-0.923879532511287,0.38268343236509));
#3774=DIRECTION('center_axis',(0.70710678118655,-0.707106781186545,0.));
#3775=DIRECTION('ref_axis',(0.,0.,-1.));
#3776=DIRECTION('',(0.,0.,1.));
#3777=DIRECTION('',(0.,0.,-1.));
#3778=DIRECTION('center_axis',(0.707106781186549,0.499999999999999,0.499999999999999));
#3779=DIRECTION('ref_axis',(0.577350269189624,0.,-0.816496580927727));
#3780=DIRECTION('',(0.,-0.707106781186548,0.707106781186547));
#3781=DIRECTION('',(0.,0.707106781186548,-0.707106781186547));
#3782=DIRECTION('',(-0.678598344545839,0.678598344545855,0.281084637714821));
#3783=DIRECTION('center_axis',(0.707106781186555,0.70710678118654,2.77075139767722E-16));
#3784=DIRECTION('ref_axis',(3.91843420455929E-16,0.,-1.));
#3785=DIRECTION('',(0.,-3.91843420455938E-16,1.));
#3786=DIRECTION('',(0.,3.91843420455938E-16,-1.));
#3787=DIRECTION('',(-0.678598344545839,0.678598344545852,0.281084637714827));
#3788=DIRECTION('center_axis',(0.70710678118655,0.499999999999998,0.499999999999999));
#3789=DIRECTION('ref_axis',(0.577350269189623,0.,-0.816496580927728));
#3790=DIRECTION('',(0.,-0.707106781186548,0.707106781186547));
#3791=DIRECTION('',(0.,0.707106781186548,-0.707106781186547));
#3792=DIRECTION('',(-0.678598344545839,0.281084637714823,0.678598344545854));
#3793=DIRECTION('center_axis',(0.707106781186555,0.,0.70710678118654));
#3794=DIRECTION('ref_axis',(0.70710678118654,0.,-0.707106781186555));
#3795=DIRECTION('center_axis',(0.707106781186555,0.,0.70710678118654));
#3796=DIRECTION('ref_axis',(-0.70710678118654,0.,0.707106781186555));
#3797=DIRECTION('',(0.,1.,0.));
#3798=DIRECTION('',(-0.678598344545839,-0.281084637714822,0.678598344545854));
#3799=DIRECTION('',(0.,-1.,0.));
#3800=DIRECTION('',(0.,1.,0.));
#3801=DIRECTION('center_axis',(0.707106781186549,-0.499999999999998,0.499999999999999));
#3802=DIRECTION('ref_axis',(0.577350269189624,0.,-0.816496580927727));
#3803=DIRECTION('',(0.,-0.707106781186548,-0.707106781186547));
#3804=DIRECTION('',(0.,0.707106781186548,0.707106781186547));
#3805=DIRECTION('',(-0.678598344545839,-0.678598344545854,0.281084637714822));
#3806=DIRECTION('center_axis',(0.707106781186555,-0.70710678118654,0.));
#3807=DIRECTION('ref_axis',(0.,0.,-1.));
#3808=DIRECTION('',(0.,0.,-1.));
#3809=DIRECTION('',(0.,0.,1.));
#3810=DIRECTION('',(-0.678598344545839,-0.678598344545854,0.281084637714824));
#3811=DIRECTION('center_axis',(0.70710678118655,-0.499999999999999,0.499999999999998));
#3812=DIRECTION('ref_axis',(0.577350269189623,0.,-0.816496580927728));
#3813=DIRECTION('',(0.,-0.707106781186547,-0.707106781186548));
#3814=DIRECTION('',(0.,0.707106781186547,0.707106781186548));
#3815=DIRECTION('',(-0.678598344545844,-0.281084637714822,0.678598344545849));
#3816=DIRECTION('center_axis',(0.70710678118655,0.,0.707106781186545));
#3817=DIRECTION('ref_axis',(0.707106781186545,0.,-0.70710678118655));
#3818=DIRECTION('',(0.,1.,0.));
#3819=DIRECTION('',(-0.707106781186545,0.,0.70710678118655));
#3820=DIRECTION('',(0.,-1.,0.));
#3821=DIRECTION('center_axis',(-1.,0.,0.));
#3822=DIRECTION('ref_axis',(0.,0.38268343236509,0.923879532511287));
#3823=DIRECTION('',(-0.707106781186546,0.499999999999999,0.500000000000004));
#3824=DIRECTION('center_axis',(1.,0.,0.));
#3825=DIRECTION('ref_axis',(0.,0.38268343236509,0.923879532511287));
#3826=DIRECTION('center_axis',(-1.,0.,0.));
#3827=DIRECTION('ref_axis',(0.,0.38268343236509,0.923879532511287));
#3828=DIRECTION('center_axis',(0.70710678118655,0.499999999999999,0.499999999999999));
#3829=DIRECTION('ref_axis',(0.577350269189624,0.,-0.816496580927727));
#3830=DIRECTION('',(-0.707106781186546,0.499999999999999,0.500000000000004));
#3831=DIRECTION('',(0.,-0.707106781186548,0.707106781186547));
#3832=DIRECTION('',(0.,0.707106781186548,-0.707106781186547));
#3833=DIRECTION('center_axis',(-1.,0.,0.));
#3834=DIRECTION('ref_axis',(0.,0.923879532511287,0.38268343236509));
#3835=DIRECTION('',(-0.707106781186547,0.707106781186547,-1.30841038223649E-15));
#3836=DIRECTION('center_axis',(1.,0.,0.));
#3837=DIRECTION('ref_axis',(0.,0.923879532511287,0.38268343236509));
#3838=DIRECTION('center_axis',(-1.,0.,0.));
#3839=DIRECTION('ref_axis',(0.,0.923879532511287,0.38268343236509));
#3840=DIRECTION('center_axis',(0.70710678118655,0.707106781186545,0.));
#3841=DIRECTION('ref_axis',(0.,0.,-1.));
#3842=DIRECTION('',(0.,0.,-1.));
#3843=DIRECTION('center_axis',(0.,1.,0.));
#3844=DIRECTION('ref_axis',(0.,0.,1.));
#3845=DIRECTION('',(1.,0.,0.));
#3846=DIRECTION('',(0.,0.,1.));
#3847=DIRECTION('',(1.,0.,0.));
#3848=DIRECTION('',(0.,0.,-1.));
#3849=DIRECTION('',(1.,0.,0.));
#3850=DIRECTION('',(0.,0.,1.));
#3851=DIRECTION('center_axis',(-1.,0.,0.));
#3852=DIRECTION('ref_axis',(0.,-0.923879532511287,0.38268343236509));
#3853=DIRECTION('',(-1.,0.,0.));
#3854=DIRECTION('center_axis',(-1.,0.,0.));
#3855=DIRECTION('ref_axis',(0.,-0.923879532511287,0.38268343236509));
#3856=DIRECTION('center_axis',(0.,0.707106781186547,-0.707106781186548));
#3857=DIRECTION('ref_axis',(0.,-0.707106781186548,-0.707106781186547));
#3858=DIRECTION('',(1.,0.,0.));
#3859=DIRECTION('',(0.,0.707106781186548,0.707106781186547));
#3860=DIRECTION('center_axis',(1.,0.,0.));
#3861=DIRECTION('ref_axis',(0.,-0.38268343236509,0.923879532511287));
#3862=DIRECTION('',(-1.,0.,0.));
#3863=DIRECTION('center_axis',(-1.,0.,0.));
#3864=DIRECTION('ref_axis',(0.,-0.38268343236509,0.923879532511287));
#3865=DIRECTION('center_axis',(1.,0.,0.));
#3866=DIRECTION('ref_axis',(0.,-0.38268343236509,0.923879532511287));
#3867=DIRECTION('center_axis',(1.,0.,0.));
#3868=DIRECTION('ref_axis',(0.,-0.38268343236509,0.923879532511287));
#3869=DIRECTION('',(0.707106781186546,-0.499999999999999,0.500000000000004));
#3870=DIRECTION('center_axis',(-0.707106781186555,-0.499999999999995,0.499999999999995));
#3871=DIRECTION('ref_axis',(0.577350269189618,0.,0.816496580927732));
#3872=DIRECTION('',(0.70710678118654,-0.500000000000005,0.500000000000005));
#3873=DIRECTION('',(0.,-0.707106781186548,-0.707106781186547));
#3874=DIRECTION('center_axis',(1.,0.,0.));
#3875=DIRECTION('ref_axis',(0.,-0.923879532511287,0.38268343236509));
#3876=DIRECTION('',(0.707106781186545,-0.70710678118655,0.));
#3877=DIRECTION('center_axis',(1.,0.,0.));
#3878=DIRECTION('ref_axis',(0.,-0.923879532511287,0.38268343236509));
#3879=DIRECTION('center_axis',(-0.707106781186553,-0.707106781186542,0.));
#3880=DIRECTION('ref_axis',(0.,0.,1.));
#3881=DIRECTION('',(-0.577350269189618,0.577350269189627,0.577350269189632));
#3882=DIRECTION('',(0.,0.,-1.));
#3883=DIRECTION('center_axis',(-1.,0.,0.));
#3884=DIRECTION('ref_axis',(0.,0.,-1.));
#3885=DIRECTION('center_axis',(-1.,0.,0.));
#3886=DIRECTION('ref_axis',(0.,-0.707106781186548,0.707106781186548));
#3887=DIRECTION('',(0.,0.,1.));
#3888=DIRECTION('',(0.,1.,0.));
#3889=DIRECTION('',(0.,-0.707106781186544,-0.707106781186551));
#3890=DIRECTION('center_axis',(-1.,0.,0.));
#3891=DIRECTION('ref_axis',(0.,-1.,0.));
#3892=DIRECTION('center_axis',(-1.,0.,0.));
#3893=DIRECTION('ref_axis',(0.,-1.,0.));
#3894=DIRECTION('center_axis',(0.707106781186546,-0.707106781186549,0.));
#3895=DIRECTION('ref_axis',(0.,0.,-1.));
#3896=DIRECTION('',(-0.577350269189626,-0.577350269189623,-0.577350269189629));
#3897=DIRECTION('',(0.,0.,1.));
#3898=DIRECTION('',(-0.678598344545846,-0.678598344545851,0.281084637714815));
#3899=DIRECTION('center_axis',(0.707106781186549,-0.499999999999999,0.499999999999999));
#3900=DIRECTION('ref_axis',(0.577350269189625,0.,-0.816496580927727));
#3901=DIRECTION('',(0.,0.707106781186548,0.707106781186547));
#3902=DIRECTION('',(0.577350269189625,0.,-0.816496580927727));
#3903=DIRECTION('',(0.,-0.707106781186548,-0.707106781186547));
#3904=DIRECTION('center_axis',(0.,0.707106781186547,-0.707106781186548));
#3905=DIRECTION('ref_axis',(0.,0.707106781186548,0.707106781186547));
#3906=DIRECTION('',(1.,0.,0.));
#3907=DIRECTION('',(0.,0.707106781186548,0.707106781186547));
#3908=DIRECTION('center_axis',(-0.707106781186548,-0.707106781186548,0.));
#3909=DIRECTION('ref_axis',(0.,0.,1.));
#3910=DIRECTION('',(0.,0.,-1.));
#3911=DIRECTION('',(-0.678598344545846,0.678598344545851,-0.281084637714815));
#3912=DIRECTION('center_axis',(-0.707106781186548,-0.5,0.5));
#3913=DIRECTION('ref_axis',(0.577350269189626,0.,0.816496580927726));
#3914=DIRECTION('',(0.577350269189626,0.,0.816496580927726));
#3915=DIRECTION('',(0.,-0.707106781186548,-0.707106781186547));
#3916=DIRECTION('center_axis',(1.,0.,0.));
#3917=DIRECTION('ref_axis',(0.,0.,1.));
#3918=DIRECTION('',(0.,0.,1.));
#3919=DIRECTION('center_axis',(1.,0.,0.));
#3920=DIRECTION('ref_axis',(0.,-0.707106781186548,-0.707106781186548));
#3921=DIRECTION('center_axis',(-1.,0.,0.));
#3922=DIRECTION('ref_axis',(0.,0.923879532511287,0.38268343236509));
#3923=DIRECTION('',(1.,0.,0.));
#3924=DIRECTION('center_axis',(0.,0.707106781186547,0.707106781186548));
#3925=DIRECTION('ref_axis',(0.,0.707106781186548,-0.707106781186547));
#3926=DIRECTION('',(-1.,0.,0.));
#3927=DIRECTION('center_axis',(1.,0.,0.));
#3928=DIRECTION('ref_axis',(0.,0.,-1.));
#3929=DIRECTION('center_axis',(-1.,0.,0.));
#3930=DIRECTION('ref_axis',(0.,1.,0.));
#3931=DIRECTION('center_axis',(-1.,0.,0.));
#3932=DIRECTION('ref_axis',(0.,1.,0.));
#3933=DIRECTION('center_axis',(-1.,0.,0.));
#3934=DIRECTION('ref_axis',(0.,-1.,0.));
#3935=DIRECTION('center_axis',(-1.,0.,0.));
#3936=DIRECTION('ref_axis',(0.,-1.,0.));
#3937=DIRECTION('center_axis',(1.,0.,0.));
#3938=DIRECTION('ref_axis',(0.,1.,0.));
#3939=DIRECTION('center_axis',(1.,0.,0.));
#3940=DIRECTION('ref_axis',(0.,1.,0.));
#3941=DIRECTION('center_axis',(0.,0.707106781186548,0.707106781186548));
#3942=DIRECTION('ref_axis',(1.,0.,0.));
#3943=DIRECTION('',(-0.774596669241483,0.447213595499958,-0.447213595499958));
#3944=DIRECTION('',(-1.,0.,0.));
#3945=DIRECTION('',(1.,0.,0.));
#3946=DIRECTION('',(0.577350269189626,0.577350269189626,-0.577350269189626));
#3947=DIRECTION('',(-1.,0.,0.));
#3948=DIRECTION('',(-0.774596669241482,-0.447213595499959,0.447213595499959));
#3949=DIRECTION('',(-0.774596669241485,0.447213595499957,-0.447213595499957));
#3950=DIRECTION('',(-1.,0.,0.));
#3951=DIRECTION('',(-0.774596669241482,-0.447213595499959,0.447213595499959));
#3952=DIRECTION('center_axis',(1.,0.,0.));
#3953=DIRECTION('ref_axis',(0.,0.707106781186547,0.707106781186547));
#3954=DIRECTION('',(-0.707106781186547,-0.707106781186547,0.));
#3955=DIRECTION('center_axis',(1.,0.,0.));
#3956=DIRECTION('ref_axis',(0.,0.707106781186548,0.707106781186548));
#3957=DIRECTION('center_axis',(-0.707106781186548,0.707106781186548,0.));
#3958=DIRECTION('ref_axis',(0.,0.,1.));
#3959=DIRECTION('',(0.,0.,1.));
#3960=DIRECTION('center_axis',(0.,0.,1.));
#3961=DIRECTION('ref_axis',(0.,-1.,0.));
#3962=DIRECTION('',(-0.86602540378444,0.499999999999998,0.));
#3963=DIRECTION('',(-1.09883582079061E-15,1.,0.));
#3964=DIRECTION('',(0.866025403784437,0.500000000000002,0.));
#3965=DIRECTION('',(0.86602540378444,-0.499999999999998,0.));
#3966=DIRECTION('',(1.09883582079061E-15,-1.,0.));
#3967=DIRECTION('',(-0.866025403784437,-0.500000000000002,0.));
#3968=DIRECTION('',(1.,0.,0.));
#3969=DIRECTION('',(-0.866025403784438,0.500000000000001,0.));
#3970=DIRECTION('',(0.,1.,0.));
#3971=DIRECTION('',(0.866025403784438,0.500000000000002,0.));
#3972=DIRECTION('',(0.866025403784438,-0.500000000000001,0.));
#3973=DIRECTION('',(1.09883582079061E-15,-1.,0.));
#3974=DIRECTION('',(-0.866025403784438,-0.500000000000001,0.));
#3975=DIRECTION('center_axis',(-0.707106781186548,-0.707106781186548,0.));
#3976=DIRECTION('ref_axis',(0.,0.,1.));
#3977=DIRECTION('',(-0.707106781186547,0.707106781186547,0.));
#3978=DIRECTION('',(0.,0.,-1.));
#3979=DIRECTION('',(0.577350269189624,-0.577350269189627,-0.577350269189627));
#3980=DIRECTION('center_axis',(1.,0.,0.));
#3981=DIRECTION('ref_axis',(0.,-0.707106781186547,0.707106781186547));
#3982=DIRECTION('center_axis',(1.,0.,0.));
#3983=DIRECTION('ref_axis',(0.,-0.707106781186548,0.707106781186548));
#3984=DIRECTION('center_axis',(0.,-0.707106781186548,0.707106781186548));
#3985=DIRECTION('ref_axis',(1.,0.,0.));
#3986=DIRECTION('',(0.774596669241482,-0.447213595499959,-0.447213595499959));
#3987=DIRECTION('',(1.,0.,0.));
#3988=DIRECTION('',(-1.,0.,0.));
#3989=DIRECTION('',(0.,0.707106781186548,0.707106781186548));
#3990=DIRECTION('',(1.,0.,0.));
#3991=DIRECTION('',(0.774596669241483,0.447213595499958,0.447213595499958));
#3992=DIRECTION('',(0.774596669241482,-0.447213595499959,-0.447213595499959));
#3993=DIRECTION('',(1.,0.,0.));
#3994=DIRECTION('',(0.774596669241485,0.447213595499957,0.447213595499957));
#3995=DIRECTION('center_axis',(0.,-1.,0.));
#3996=DIRECTION('ref_axis',(0.,0.,-1.));
#3997=DIRECTION('',(1.,0.,0.));
#3998=DIRECTION('',(0.,0.,1.));
#3999=DIRECTION('',(-1.,0.,0.));
#4000=DIRECTION('',(0.,0.,-1.));
#4001=DIRECTION('center_axis',(1.,0.,0.));
#4002=DIRECTION('ref_axis',(0.,-0.707106781186548,0.707106781186548));
#4003=DIRECTION('',(-1.,0.,0.));
#4004=DIRECTION('center_axis',(-1.,0.,0.));
#4005=DIRECTION('ref_axis',(0.,-0.707106781186548,0.707106781186548));
#4006=DIRECTION('center_axis',(-0.707106781186548,-0.707106781186547,0.));
#4007=DIRECTION('ref_axis',(0.,0.,1.));
#4008=DIRECTION('',(-0.707106781186547,0.707106781186548,0.));
#4009=DIRECTION('',(0.,0.,-1.));
#4010=DIRECTION('',(0.707106781186547,-0.707106781186548,-1.57009245868377E-15));
#4011=DIRECTION('center_axis',(1.,0.,0.));
#4012=DIRECTION('ref_axis',(0.,-0.707106781186548,0.707106781186548));
#4013=DIRECTION('',(-0.707106781186547,0.,-0.707106781186548));
#4014=DIRECTION('center_axis',(1.,0.,0.));
#4015=DIRECTION('ref_axis',(0.,-0.707106781186547,0.707106781186547));
#4016=DIRECTION('center_axis',(-0.707106781186548,0.,0.707106781186547));
#4017=DIRECTION('ref_axis',(0.707106781186547,0.,0.707106781186548));
#4018=DIRECTION('',(-0.707106781186547,0.,-0.707106781186548));
#4019=DIRECTION('',(0.,-1.,0.));
#4020=DIRECTION('',(0.,1.,0.));
#4021=DIRECTION('center_axis',(1.,0.,0.));
#4022=DIRECTION('ref_axis',(0.,0.707106781186548,0.707106781186548));
#4023=DIRECTION('center_axis',(-1.,0.,0.));
#4024=DIRECTION('ref_axis',(0.,0.707106781186548,0.707106781186548));
#4025=DIRECTION('',(-0.707106781186547,-0.707106781186548,0.));
#4026=DIRECTION('center_axis',(1.,0.,0.));
#4027=DIRECTION('ref_axis',(0.,0.707106781186547,0.707106781186547));
#4028=DIRECTION('center_axis',(-0.707106781186548,0.707106781186547,0.));
#4029=DIRECTION('ref_axis',(0.,0.,1.));
#4030=DIRECTION('',(-0.707106781186547,-0.707106781186548,0.));
#4031=DIRECTION('',(0.,0.,1.));
#4032=DIRECTION('',(0.,0.,-1.));
#4033=DIRECTION('center_axis',(1.,0.,0.));
#4034=DIRECTION('ref_axis',(0.,0.707106781186548,-0.707106781186548));
#4035=DIRECTION('center_axis',(-1.,0.,0.));
#4036=DIRECTION('ref_axis',(0.,0.707106781186548,-0.707106781186548));
#4037=DIRECTION('',(-0.707106781186547,0.,0.707106781186548));
#4038=DIRECTION('center_axis',(1.,0.,0.));
#4039=DIRECTION('ref_axis',(0.,0.707106781186547,-0.707106781186547));
#4040=DIRECTION('center_axis',(-0.707106781186548,0.,-0.707106781186547));
#4041=DIRECTION('ref_axis',(-0.707106781186547,0.,0.707106781186548));
#4042=DIRECTION('',(-0.707106781186547,0.,0.707106781186548));
#4043=DIRECTION('',(0.,1.,0.));
#4044=DIRECTION('center_axis',(1.,0.,0.));
#4045=DIRECTION('ref_axis',(0.,-0.707106781186548,-0.707106781186548));
#4046=DIRECTION('center_axis',(-1.,0.,0.));
#4047=DIRECTION('ref_axis',(0.,-0.707106781186548,-0.707106781186548));
#4048=DIRECTION('center_axis',(1.,0.,0.));
#4049=DIRECTION('ref_axis',(0.,-0.707106781186547,-0.707106781186547));
#4050=DIRECTION('center_axis',(1.,0.,0.));
#4051=DIRECTION('ref_axis',(0.,0.707106781186548,0.707106781186548));
#4052=DIRECTION('',(-1.,0.,0.));
#4053=DIRECTION('',(1.,0.,0.));
#4054=DIRECTION('center_axis',(0.,0.,1.));
#4055=DIRECTION('ref_axis',(0.,-1.,0.));
#4056=DIRECTION('',(1.,0.,0.));
#4057=DIRECTION('',(1.,0.,0.));
#4058=DIRECTION('',(0.,-1.,0.));
#4059=DIRECTION('',(-1.,0.,0.));
#4060=DIRECTION('center_axis',(1.,0.,0.));
#4061=DIRECTION('ref_axis',(0.,0.,-1.));
#4062=DIRECTION('',(0.,0.,1.));
#4063=DIRECTION('center_axis',(1.,0.,0.));
#4064=DIRECTION('ref_axis',(0.,0.707106781186548,0.707106781186548));
#4065=DIRECTION('',(0.,-1.,-5.84327907697451E-17));
#4066=DIRECTION('center_axis',(1.,0.,0.));
#4067=DIRECTION('ref_axis',(0.,-0.707106781186548,0.707106781186547));
#4068=DIRECTION('',(0.,1.1686558153949E-16,-1.));
#4069=DIRECTION('center_axis',(1.,0.,0.));
#4070=DIRECTION('ref_axis',(0.,-0.707106781186547,-0.707106781186548));
#4071=DIRECTION('',(0.,1.,1.1686558153949E-16));
#4072=DIRECTION('center_axis',(1.,0.,0.));
#4073=DIRECTION('ref_axis',(0.,0.707106781186548,-0.707106781186548));
#4074=DIRECTION('center_axis',(-0.707106781186548,-0.707106781186547,-8.26364451938829E-17));
#4075=DIRECTION('ref_axis',(-1.1686558153949E-16,0.,1.));
#4076=DIRECTION('',(-0.707106781186547,0.707106781186548,0.));
#4077=DIRECTION('',(0.,1.1686558153949E-16,-1.));
#4078=DIRECTION('',(0.707106781186548,-0.707106781186547,1.57009245868378E-15));
#4079=DIRECTION('',(0.,-1.1686558153949E-16,1.));
#4080=DIRECTION('center_axis',(1.,0.,0.));
#4081=DIRECTION('ref_axis',(0.,-0.707106781186548,0.707106781186547));
#4082=DIRECTION('center_axis',(-1.,0.,0.));
#4083=DIRECTION('ref_axis',(0.,-0.707106781186548,0.707106781186547));
#4084=DIRECTION('',(-0.707106781186547,0.,-0.707106781186548));
#4085=DIRECTION('center_axis',(1.,0.,0.));
#4086=DIRECTION('ref_axis',(0.,-0.707106781186548,0.707106781186547));
#4087=DIRECTION('center_axis',(-0.707106781186548,-4.13182225969414E-17,
0.707106781186547));
#4088=DIRECTION('ref_axis',(0.707106781186547,0.,0.707106781186548));
#4089=DIRECTION('',(-0.707106781186547,0.,-0.707106781186548));
#4090=DIRECTION('',(0.,-1.,-5.84327907697451E-17));
#4091=DIRECTION('',(0.,1.,5.84327907697451E-17));
#4092=DIRECTION('center_axis',(1.,0.,0.));
#4093=DIRECTION('ref_axis',(0.,0.707106781186548,0.707106781186548));
#4094=DIRECTION('center_axis',(-1.,0.,0.));
#4095=DIRECTION('ref_axis',(0.,0.707106781186548,0.707106781186548));
#4096=DIRECTION('',(-0.707106781186548,-0.707106781186547,0.));
#4097=DIRECTION('center_axis',(1.,0.,0.));
#4098=DIRECTION('ref_axis',(0.,0.707106781186548,0.707106781186548));
#4099=DIRECTION('center_axis',(-0.707106781186548,0.707106781186547,0.));
#4100=DIRECTION('ref_axis',(0.,0.,1.));
#4101=DIRECTION('',(-0.707106781186547,-0.707106781186548,0.));
#4102=DIRECTION('',(0.,0.,1.));
#4103=DIRECTION('',(0.,0.,-1.));
#4104=DIRECTION('center_axis',(1.,0.,0.));
#4105=DIRECTION('ref_axis',(0.,0.707106781186547,-0.707106781186547));
#4106=DIRECTION('center_axis',(-1.,0.,0.));
#4107=DIRECTION('ref_axis',(0.,0.707106781186548,-0.707106781186548));
#4108=DIRECTION('',(-0.707106781186548,0.,0.707106781186547));
#4109=DIRECTION('center_axis',(1.,0.,0.));
#4110=DIRECTION('ref_axis',(0.,0.707106781186548,-0.707106781186548));
#4111=DIRECTION('center_axis',(-0.707106781186548,8.26364451938829E-17,
-0.707106781186547));
#4112=DIRECTION('ref_axis',(-0.707106781186547,0.,0.707106781186548));
#4113=DIRECTION('',(-0.707106781186546,0.,0.707106781186549));
#4114=DIRECTION('',(0.,1.,1.1686558153949E-16));
#4115=DIRECTION('',(0.,-1.,-1.1686558153949E-16));
#4116=DIRECTION('center_axis',(1.,0.,0.));
#4117=DIRECTION('ref_axis',(0.,-0.707106781186547,-0.707106781186548));
#4118=DIRECTION('center_axis',(-1.,0.,0.));
#4119=DIRECTION('ref_axis',(0.,-0.707106781186547,-0.707106781186548));
#4120=DIRECTION('center_axis',(1.,0.,0.));
#4121=DIRECTION('ref_axis',(0.,-0.707106781186547,-0.707106781186548));
#4122=DIRECTION('center_axis',(1.,0.,0.));
#4123=DIRECTION('ref_axis',(0.,0.707106781186548,0.707106781186548));
#4124=DIRECTION('',(1.,0.,0.));
#4125=DIRECTION('',(-1.,0.,0.));
#4126=DIRECTION('center_axis',(0.,-5.84327907697451E-17,1.));
#4127=DIRECTION('ref_axis',(0.,-1.,-5.84327907697451E-17));
#4128=DIRECTION('',(-1.,0.,0.));
#4129=DIRECTION('center_axis',(1.,0.,0.));
#4130=DIRECTION('ref_axis',(0.,-0.707106781186548,0.707106781186547));
#4131=DIRECTION('',(1.,0.,0.));
#4132=DIRECTION('center_axis',(0.,-1.,-1.1686558153949E-16));
#4133=DIRECTION('ref_axis',(0.,1.1686558153949E-16,-1.));
#4134=DIRECTION('',(-1.,0.,0.));
#4135=DIRECTION('center_axis',(1.,0.,0.));
#4136=DIRECTION('ref_axis',(0.,1.,0.));
#4137=DIRECTION('center_axis',(1.,0.,0.));
#4138=DIRECTION('ref_axis',(0.,0.38268343236509,0.923879532511287));
#4139=DIRECTION('center_axis',(1.,0.,0.));
#4140=DIRECTION('ref_axis',(0.,-0.707106781186548,-0.707106781186548));
#4141=DIRECTION('center_axis',(1.,0.,0.));
#4142=DIRECTION('ref_axis',(0.,0.707106781186548,-0.707106781186548));
#4143=DIRECTION('',(1.,0.,0.));
#4144=DIRECTION('center_axis',(1.,0.,0.));
#4145=DIRECTION('ref_axis',(0.,0.707106781186548,-0.707106781186548));
#4146=DIRECTION('center_axis',(0.,1.,0.));
#4147=DIRECTION('ref_axis',(0.,0.,1.));
#4148=DIRECTION('',(0.,0.,-1.));
#4149=DIRECTION('center_axis',(1.,0.,0.));
#4150=DIRECTION('ref_axis',(0.,-0.707106781186547,-0.707106781186548));
#4151=DIRECTION('',(1.,0.,0.));
#4152=DIRECTION('center_axis',(1.,0.,0.));
#4153=DIRECTION('ref_axis',(0.,0.707106781186548,-0.707106781186548));
#4154=DIRECTION('',(1.,0.,0.));
#4155=DIRECTION('',(-1.,0.,0.));
#4156=DIRECTION('center_axis',(0.,1.,0.));
#4157=DIRECTION('ref_axis',(0.,0.,1.));
#4158=DIRECTION('center_axis',(0.,0.70710678118655,0.707106781186545));
#4159=DIRECTION('ref_axis',(1.,0.,0.));
#4160=DIRECTION('center_axis',(0.,-0.707106781186551,0.707106781186544));
#4161=DIRECTION('ref_axis',(1.,0.,0.));
#4162=DIRECTION('',(-1.,0.,0.));
#4163=DIRECTION('',(0.,0.707106781186544,0.707106781186551));
#4164=DIRECTION('center_axis',(0.,0.,-1.));
#4165=DIRECTION('ref_axis',(0.,1.,0.));
#4166=DIRECTION('',(0.,-1.,0.));
#4167=DIRECTION('',(0.866025403784437,-0.500000000000002,0.));
#4168=DIRECTION('',(-1.09883582079061E-15,-1.,0.));
#4169=DIRECTION('',(-0.86602540378444,-0.499999999999998,0.));
#4170=DIRECTION('',(-0.866025403784437,0.500000000000002,0.));
#4171=DIRECTION('',(1.09883582079061E-15,1.,0.));
#4172=DIRECTION('',(0.86602540378444,0.499999999999998,0.));
#4173=DIRECTION('',(0.866025403784438,-0.500000000000001,0.));
#4174=DIRECTION('',(-1.09883582079061E-15,-1.,0.));
#4175=DIRECTION('',(-0.866025403784438,-0.500000000000001,0.));
#4176=DIRECTION('',(-0.866025403784438,0.500000000000002,0.));
#4177=DIRECTION('',(0.,1.,0.));
#4178=DIRECTION('',(0.866025403784438,0.500000000000001,0.));
#4179=DIRECTION('center_axis',(0.,-0.707106781186547,0.707106781186548));
#4180=DIRECTION('ref_axis',(1.,0.,0.));
#4181=DIRECTION('',(-1.,0.,0.));
#4182=DIRECTION('',(0.,0.707106781186548,0.707106781186547));
#4183=DIRECTION('',(1.,0.,0.));
#4184=DIRECTION('center_axis',(0.,0.,-1.));
#4185=DIRECTION('ref_axis',(0.,-1.,0.));
#4186=DIRECTION('',(0.,-1.,0.));
#4187=DIRECTION('',(-1.,0.,0.));
#4188=DIRECTION('center_axis',(0.,0.707106781186547,0.707106781186548));
#4189=DIRECTION('ref_axis',(1.,0.,0.));
#4190=DIRECTION('',(0.,0.707106781186548,-0.707106781186547));
#4191=DIRECTION('',(1.,0.,0.));
#4192=DIRECTION('center_axis',(0.,-1.,-3.91843420455938E-16));
#4193=DIRECTION('ref_axis',(0.,-3.91843420455938E-16,1.));
#4194=DIRECTION('',(0.,-3.91843420455938E-16,1.));
#4195=DIRECTION('',(-1.,0.,0.));
#4196=DIRECTION('center_axis',(0.,-0.707106781186548,0.707106781186547));
#4197=DIRECTION('ref_axis',(1.,0.,0.));
#4198=DIRECTION('',(0.577350269189627,-0.577350269189625,-0.577350269189625));
#4199=DIRECTION('',(1.,0.,0.));
#4200=DIRECTION('center_axis',(0.,0.707106781186547,0.707106781186548));
#4201=DIRECTION('ref_axis',(1.,0.,0.));
#4202=DIRECTION('',(-0.577350269189626,-0.577350269189626,0.577350269189625));
#4203=DIRECTION('center_axis',(0.707106781186546,0.,0.707106781186549));
#4204=DIRECTION('ref_axis',(0.707106781186549,0.,-0.707106781186546));
#4205=DIRECTION('',(0.,1.,0.));
#4206=DIRECTION('center_axis',(-1.,0.,0.));
#4207=DIRECTION('ref_axis',(0.,0.,1.));
#4208=DIRECTION('',(0.,0.,-1.));
#4209=DIRECTION('center_axis',(0.500000000000002,-0.866025403784438,0.));
#4210=DIRECTION('ref_axis',(-0.866025403784438,-0.500000000000002,0.));
#4211=DIRECTION('',(0.,0.,-1.));
#4212=DIRECTION('',(-0.866025403784438,-0.500000000000002,0.));
#4213=DIRECTION('',(0.,0.,-1.));
#4214=DIRECTION('center_axis',(-0.500000000000001,-0.866025403784438,0.));
#4215=DIRECTION('ref_axis',(-0.866025403784438,0.500000000000001,0.));
#4216=DIRECTION('',(-0.866025403784438,0.500000000000001,0.));
#4217=DIRECTION('',(0.,0.,-1.));
#4218=DIRECTION('center_axis',(-1.,-1.09883582079061E-15,0.));
#4219=DIRECTION('ref_axis',(-1.09883582079061E-15,1.,0.));
#4220=DIRECTION('',(-1.09883582079061E-15,1.,0.));
#4221=DIRECTION('',(0.,0.,-1.));
#4222=DIRECTION('center_axis',(-0.500000000000001,0.866025403784438,0.));
#4223=DIRECTION('ref_axis',(0.866025403784438,0.500000000000001,0.));
#4224=DIRECTION('',(0.866025403784438,0.500000000000001,0.));
#4225=DIRECTION('',(0.,0.,-1.));
#4226=DIRECTION('center_axis',(0.500000000000001,0.866025403784438,0.));
#4227=DIRECTION('ref_axis',(0.866025403784438,-0.500000000000001,0.));
#4228=DIRECTION('',(0.866025403784438,-0.500000000000001,0.));
#4229=DIRECTION('',(0.,0.,-1.));
#4230=DIRECTION('center_axis',(1.,0.,0.));
#4231=DIRECTION('ref_axis',(0.,-1.,0.));
#4232=DIRECTION('',(0.,-1.,0.));
#4233=DIRECTION('center_axis',(0.,0.,-1.));
#4234=DIRECTION('ref_axis',(1.,0.,0.));
#4235=DIRECTION('center_axis',(0.,0.,1.));
#4236=DIRECTION('ref_axis',(1.,0.,0.));
#4237=DIRECTION('center_axis',(0.500000000000002,-0.866025403784437,0.));
#4238=DIRECTION('ref_axis',(-0.866025403784437,-0.500000000000002,0.));
#4239=DIRECTION('',(0.,0.,-1.));
#4240=DIRECTION('',(-0.866025403784437,-0.500000000000002,0.));
#4241=DIRECTION('',(0.,0.,-1.));
#4242=DIRECTION('center_axis',(-0.499999999999998,-0.86602540378444,0.));
#4243=DIRECTION('ref_axis',(-0.86602540378444,0.499999999999998,0.));
#4244=DIRECTION('',(-0.86602540378444,0.499999999999998,0.));
#4245=DIRECTION('',(0.,0.,-1.));
#4246=DIRECTION('center_axis',(-1.,-1.09883582079061E-15,0.));
#4247=DIRECTION('ref_axis',(-1.09883582079061E-15,1.,0.));
#4248=DIRECTION('',(-1.09883582079061E-15,1.,0.));
#4249=DIRECTION('',(0.,0.,-1.));
#4250=DIRECTION('center_axis',(-0.500000000000002,0.866025403784437,0.));
#4251=DIRECTION('ref_axis',(0.866025403784437,0.500000000000002,0.));
#4252=DIRECTION('',(0.866025403784437,0.500000000000002,0.));
#4253=DIRECTION('',(0.,0.,-1.));
#4254=DIRECTION('center_axis',(0.499999999999998,0.86602540378444,0.));
#4255=DIRECTION('ref_axis',(0.86602540378444,-0.499999999999998,0.));
#4256=DIRECTION('',(0.86602540378444,-0.499999999999998,0.));
#4257=DIRECTION('',(0.,0.,-1.));
#4258=DIRECTION('center_axis',(1.,1.09883582079061E-15,0.));
#4259=DIRECTION('ref_axis',(1.09883582079061E-15,-1.,0.));
#4260=DIRECTION('',(1.09883582079061E-15,-1.,0.));
#4261=DIRECTION('center_axis',(0.,0.,-1.));
#4262=DIRECTION('ref_axis',(1.,0.,0.));
#4263=DIRECTION('center_axis',(0.,0.,1.));
#4264=DIRECTION('ref_axis',(1.,0.,0.));
#4265=DIRECTION('center_axis',(0.,0.,1.));
#4266=DIRECTION('ref_axis',(1.,0.,0.));
#4267=DIRECTION('',(0.,0.,-1.));
#4268=DIRECTION('center_axis',(0.,0.,1.));
#4269=DIRECTION('ref_axis',(1.,0.,0.));
#4270=DIRECTION('',(0.,0.,-1.));
#4271=DIRECTION('center_axis',(-0.500000000000002,-0.866025403784437,0.));
#4272=DIRECTION('ref_axis',(-0.866025403784437,0.500000000000002,0.));
#4273=DIRECTION('',(0.,0.,-1.));
#4274=DIRECTION('',(-0.866025403784437,0.500000000000002,0.));
#4275=DIRECTION('',(0.,0.,-1.));
#4276=DIRECTION('center_axis',(0.499999999999998,-0.86602540378444,0.));
#4277=DIRECTION('ref_axis',(-0.86602540378444,-0.499999999999998,0.));
#4278=DIRECTION('',(0.,0.,-1.));
#4279=DIRECTION('',(-0.86602540378444,-0.499999999999998,0.));
#4280=DIRECTION('center_axis',(1.,-1.09883582079061E-15,0.));
#4281=DIRECTION('ref_axis',(-1.09883582079061E-15,-1.,0.));
#4282=DIRECTION('',(0.,0.,-1.));
#4283=DIRECTION('',(-1.09883582079061E-15,-1.,0.));
#4284=DIRECTION('center_axis',(0.500000000000002,0.866025403784437,0.));
#4285=DIRECTION('ref_axis',(0.866025403784437,-0.500000000000002,0.));
#4286=DIRECTION('',(0.,0.,-1.));
#4287=DIRECTION('',(0.866025403784437,-0.500000000000002,0.));
#4288=DIRECTION('center_axis',(-0.499999999999998,0.86602540378444,0.));
#4289=DIRECTION('ref_axis',(0.86602540378444,0.499999999999998,0.));
#4290=DIRECTION('',(0.,0.,-1.));
#4291=DIRECTION('',(0.86602540378444,0.499999999999998,0.));
#4292=DIRECTION('center_axis',(-1.,1.09883582079061E-15,0.));
#4293=DIRECTION('ref_axis',(1.09883582079061E-15,1.,0.));
#4294=DIRECTION('',(1.09883582079061E-15,1.,0.));
#4295=DIRECTION('center_axis',(0.,0.,1.));
#4296=DIRECTION('ref_axis',(1.,0.,0.));
#4297=DIRECTION('center_axis',(0.,0.,1.));
#4298=DIRECTION('ref_axis',(1.,0.,0.));
#4299=DIRECTION('center_axis',(-0.500000000000002,-0.866025403784438,0.));
#4300=DIRECTION('ref_axis',(-0.866025403784438,0.500000000000002,0.));
#4301=DIRECTION('',(0.,0.,-1.));
#4302=DIRECTION('',(-0.866025403784438,0.500000000000002,0.));
#4303=DIRECTION('',(0.,0.,-1.));
#4304=DIRECTION('center_axis',(0.500000000000001,-0.866025403784438,0.));
#4305=DIRECTION('ref_axis',(-0.866025403784438,-0.500000000000001,0.));
#4306=DIRECTION('',(0.,0.,-1.));
#4307=DIRECTION('',(-0.866025403784438,-0.500000000000001,0.));
#4308=DIRECTION('center_axis',(1.,-1.09883582079061E-15,0.));
#4309=DIRECTION('ref_axis',(-1.09883582079061E-15,-1.,0.));
#4310=DIRECTION('',(0.,0.,-1.));
#4311=DIRECTION('',(-1.09883582079061E-15,-1.,0.));
#4312=DIRECTION('center_axis',(0.500000000000001,0.866025403784438,0.));
#4313=DIRECTION('ref_axis',(0.866025403784438,-0.500000000000001,0.));
#4314=DIRECTION('',(0.,0.,-1.));
#4315=DIRECTION('',(0.866025403784438,-0.500000000000001,0.));
#4316=DIRECTION('center_axis',(-0.500000000000001,0.866025403784438,0.));
#4317=DIRECTION('ref_axis',(0.866025403784438,0.500000000000001,0.));
#4318=DIRECTION('',(0.,0.,-1.));
#4319=DIRECTION('',(0.866025403784438,0.500000000000001,0.));
#4320=DIRECTION('center_axis',(-1.,0.,0.));
#4321=DIRECTION('ref_axis',(0.,1.,0.));
#4322=DIRECTION('',(0.,1.,0.));
#4323=DIRECTION('center_axis',(0.,0.,1.));
#4324=DIRECTION('ref_axis',(1.,0.,0.));
#4325=DIRECTION('center_axis',(0.,0.,1.));
#4326=DIRECTION('ref_axis',(1.,0.,0.));
#4327=DIRECTION('center_axis',(0.,0.,-1.));
#4328=DIRECTION('ref_axis',(1.,0.,0.));
#4329=DIRECTION('',(0.,0.,-1.));
#4330=DIRECTION('center_axis',(0.,0.,-1.));
#4331=DIRECTION('ref_axis',(1.,0.,0.));
#4332=DIRECTION('',(0.,0.,-1.));
#4333=DIRECTION('center_axis',(0.,1.,0.));
#4334=DIRECTION('ref_axis',(0.,0.,-1.));
#4335=DIRECTION('center_axis',(0.,-1.,0.));
#4336=DIRECTION('ref_axis',(0.,0.,-1.));
#4337=DIRECTION('',(0.,0.,1.));
#4338=DIRECTION('',(-1.,0.,0.));
#4339=DIRECTION('',(1.,0.,0.));
#4340=DIRECTION('',(0.,0.,-1.));
#4341=DIRECTION('',(1.,0.,0.));
#4342=DIRECTION('',(1.,0.,0.));
#4343=DIRECTION('center_axis',(1.,0.,0.));
#4344=DIRECTION('ref_axis',(0.,1.,0.));
#4345=DIRECTION('center_axis',(-1.,0.,0.));
#4346=DIRECTION('ref_axis',(0.,1.,0.));
#4347=DIRECTION('center_axis',(1.,0.,0.));
#4348=DIRECTION('ref_axis',(0.,1.,0.));
#4349=DIRECTION('center_axis',(1.,0.,0.));
#4350=DIRECTION('ref_axis',(0.,0.,-1.));
#4351=DIRECTION('center_axis',(1.,0.,0.));
#4352=DIRECTION('ref_axis',(0.,-1.,1.22464679914735E-16));
#4353=DIRECTION('center_axis',(-1.,0.,0.));
#4354=DIRECTION('ref_axis',(0.,1.,0.));
#4355=DIRECTION('center_axis',(1.,0.,0.));
#4356=DIRECTION('ref_axis',(0.,1.,0.));
#4357=DIRECTION('center_axis',(1.,0.,0.));
#4358=DIRECTION('ref_axis',(0.,1.,0.));
#4359=DIRECTION('center_axis',(1.,0.,0.));
#4360=DIRECTION('ref_axis',(0.,1.,0.));
#4361=DIRECTION('',(-1.,0.,0.));
#4362=DIRECTION('center_axis',(-1.,0.,0.));
#4363=DIRECTION('ref_axis',(0.,1.,0.));
#4364=DIRECTION('center_axis',(1.,0.,0.));
#4365=DIRECTION('ref_axis',(0.,0.,-1.));
#4366=DIRECTION('center_axis',(1.,0.,0.));
#4367=DIRECTION('ref_axis',(0.,0.,-1.));
#4368=DIRECTION('center_axis',(1.,0.,0.));
#4369=DIRECTION('ref_axis',(0.,1.,0.));
#4370=DIRECTION('center_axis',(1.,0.,0.));
#4371=DIRECTION('ref_axis',(0.,1.,0.));
#4372=DIRECTION('',(-1.,0.,0.));
#4373=DIRECTION('center_axis',(1.,0.,0.));
#4374=DIRECTION('ref_axis',(0.,0.,-1.));
#4375=DIRECTION('center_axis',(1.,0.,0.));
#4376=DIRECTION('ref_axis',(0.,-1.,0.));
#4377=DIRECTION('',(1.,0.,0.));
#4378=DIRECTION('center_axis',(1.,0.,0.));
#4379=DIRECTION('ref_axis',(0.,-1.,0.));
#4380=DIRECTION('',(1.,0.,0.));
#4381=DIRECTION('center_axis',(-1.,0.,0.));
#4382=DIRECTION('ref_axis',(0.,0.,-1.));
#4383=DIRECTION('center_axis',(-1.,0.,0.));
#4384=DIRECTION('ref_axis',(0.,1.,0.));
#4385=DIRECTION('',(1.,0.,0.));
#4386=DIRECTION('center_axis',(-1.,0.,0.));
#4387=DIRECTION('ref_axis',(0.,1.,0.));
#4388=DIRECTION('',(1.,0.,0.));
#4389=DIRECTION('center_axis',(-1.,0.,0.));
#4390=DIRECTION('ref_axis',(0.,0.,1.));
#4391=DIRECTION('center_axis',(0.,1.1686558153949E-16,-1.));
#4392=DIRECTION('ref_axis',(0.,1.,1.1686558153949E-16));
#4393=DIRECTION('',(0.,0.,1.));
#4394=DIRECTION('',(1.,0.,0.));
#4395=DIRECTION('',(0.,0.,1.));
#4396=DIRECTION('',(1.,0.,0.));
#4397=CARTESIAN_POINT('',(0.,0.,0.));
#4398=CARTESIAN_POINT('',(0.,0.,0.));
#4399=CARTESIAN_POINT('Origin',(-56.5,1.5,13.875));
#4400=CARTESIAN_POINT('',(-56.,2.,13.5));
#4401=CARTESIAN_POINT('',(-57.,1.,13.5));
#4402=CARTESIAN_POINT('',(-54.75,3.25,13.5));
#4403=CARTESIAN_POINT('',(-57.,1.,14.));
#4404=CARTESIAN_POINT('',(-57.,1.,13.875));
#4405=CARTESIAN_POINT('',(-56.,2.,14.));
#4406=CARTESIAN_POINT('',(-55.75,2.24999999999999,14.));
#4407=CARTESIAN_POINT('',(-56.,2.,13.875));
#4408=CARTESIAN_POINT('Origin',(-50.,-2.,14.));
#4409=CARTESIAN_POINT('',(-57.,-0.999999999999998,14.));
#4410=CARTESIAN_POINT('',(-57.,-0.999999999999998,14.));
#4411=CARTESIAN_POINT('',(-56.,-2.,14.));
#4412=CARTESIAN_POINT('',(-54.75,-3.25,14.));
#4413=CARTESIAN_POINT('',(-50.,-2.,14.));
#4414=CARTESIAN_POINT('',(-50.,-2.,14.));
#4415=CARTESIAN_POINT('',(-50.,2.,14.));
#4416=CARTESIAN_POINT('',(-50.,-0.999999999999998,14.));
#4417=CARTESIAN_POINT('',(-50.,2.,14.));
#4418=CARTESIAN_POINT('Origin',(-57.,2.22044604925031E-15,13.75));
#4419=CARTESIAN_POINT('',(-57.,-0.999999999999998,13.5));
#4420=CARTESIAN_POINT('',(-57.,1.,13.5));
#4421=CARTESIAN_POINT('',(-57.,-0.999999999999998,13.625));
#4422=CARTESIAN_POINT('Origin',(-56.5,-1.5,13.625));
#4423=CARTESIAN_POINT('',(-56.,-2.,13.5));
#4424=CARTESIAN_POINT('',(-55.75,-2.24999999999999,13.5));
#4425=CARTESIAN_POINT('',(-56.,-2.,13.625));
#4426=CARTESIAN_POINT('Origin',(-50.,2.,14.));
#4427=CARTESIAN_POINT('',(-50.,2.,13.5));
#4428=CARTESIAN_POINT('',(-50.,2.,7.));
#4429=CARTESIAN_POINT('',(-50.,2.,13.5));
#4430=CARTESIAN_POINT('Origin',(-50.,-2.,13.5));
#4431=CARTESIAN_POINT('',(-50.,-2.,13.5));
#4432=CARTESIAN_POINT('',(-50.,-2.,13.5));
#4433=CARTESIAN_POINT('',(-50.,-2.,6.75));
#4434=CARTESIAN_POINT('Origin',(-50.,2.,13.5));
#4435=CARTESIAN_POINT('',(-50.,0.999999999999998,13.5));
#4436=CARTESIAN_POINT('Origin',(-50.,0.,0.));
#4437=CARTESIAN_POINT('',(-50.,-18.,-2.20436423846524E-15));
#4438=CARTESIAN_POINT('Origin',(-50.,0.,0.));
#4439=CARTESIAN_POINT('',(-50.,-5.5,6.73555739531044E-16));
#4440=CARTESIAN_POINT('Origin',(-50.,0.,0.));
#4441=CARTESIAN_POINT('Origin',(-54.3,0.,0.));
#4442=CARTESIAN_POINT('',(-54.9,-1.16341445918999E-16,-0.950000000000001));
#4443=CARTESIAN_POINT('Origin',(-54.9,0.,0.));
#4444=CARTESIAN_POINT('',(-54.3,-1.8982025386784E-16,-1.55));
#4445=CARTESIAN_POINT('Origin',(-54.3,-1.16341445918999E-16,-0.950000000000001));
#4446=CARTESIAN_POINT('',(-54.3,-1.55,1.8982025386784E-16));
#4447=CARTESIAN_POINT('Origin',(-54.3,0.,0.));
#4448=CARTESIAN_POINT('Origin',(-54.3,0.,0.));
#4449=CARTESIAN_POINT('Origin',(-53.5,0.,0.));
#4450=CARTESIAN_POINT('',(-53.5,-1.55,-1.8982025386784E-16));
#4451=CARTESIAN_POINT('',(-53.5,-1.55,1.8982025386784E-16));
#4452=CARTESIAN_POINT('Origin',(-53.5,0.,0.));
#4453=CARTESIAN_POINT('Origin',(-54.9,0.,0.));
#4454=CARTESIAN_POINT('Origin',(-52.5,0.,0.));
#4455=CARTESIAN_POINT('',(-53.5,-5.51091059616309E-16,-4.5));
#4456=CARTESIAN_POINT('Origin',(-53.5,0.,0.));
#4457=CARTESIAN_POINT('',(-52.5,-6.73555739531044E-16,-5.5));
#4458=CARTESIAN_POINT('Origin',(-52.5,-5.51091059616309E-16,-4.5));
#4459=CARTESIAN_POINT('',(-52.5,-5.5,6.73555739531044E-16));
#4460=CARTESIAN_POINT('Origin',(-52.5,0.,0.));
#4461=CARTESIAN_POINT('Origin',(-52.5,0.,0.));
#4462=CARTESIAN_POINT('Origin',(-49.,0.,0.));
#4463=CARTESIAN_POINT('',(-49.,-5.5,6.73555739531044E-16));
#4464=CARTESIAN_POINT('Origin',(-53.5,0.,0.));
#4465=CARTESIAN_POINT('Origin',(-1.5,0.,0.));
#4466=CARTESIAN_POINT('',(0.,-2.02066721859313E-15,16.5));
#4467=CARTESIAN_POINT('Origin',(0.,0.,0.));
#4468=CARTESIAN_POINT('',(-1.5,-2.20436423846524E-15,18.));
#4469=CARTESIAN_POINT('Origin',(-1.5,-2.02066721859313E-15,16.5));
#4470=CARTESIAN_POINT('',(-1.5,-18.,-2.20436423846524E-15));
#4471=CARTESIAN_POINT('Origin',(-1.5,0.,0.));
#4472=CARTESIAN_POINT('Origin',(-1.5,0.,0.));
#4473=CARTESIAN_POINT('Origin',(0.,0.,0.));
#4474=CARTESIAN_POINT('',(0.,-18.,2.20436423846524E-15));
#4475=CARTESIAN_POINT('',(-4.,-17.8885438199983,2.));
#4476=CARTESIAN_POINT('',(-4.,-17.8885438199983,-2.));
#4477=CARTESIAN_POINT('Origin',(-4.,0.,0.));
#4478=CARTESIAN_POINT('',(-32.,-17.8885438199983,2.));
#4479=CARTESIAN_POINT('',(-4.,-17.8885438199983,2.));
#4480=CARTESIAN_POINT('',(-32.,-17.8885438199983,-2.));
#4481=CARTESIAN_POINT('Origin',(-32.,0.,0.));
#4482=CARTESIAN_POINT('',(-4.,-17.8885438199983,-2.));
#4483=CARTESIAN_POINT('Origin',(0.,0.,0.));
#4484=CARTESIAN_POINT('Origin',(-4.,-17.8885438199983,2.));
#4485=CARTESIAN_POINT('',(-4.,-18.8944436276912,2.));
#4486=CARTESIAN_POINT('',(-4.,-8.91788281692195,2.00000000000001));
#4487=CARTESIAN_POINT('',(-32.,-18.8944436276912,2.));
#4488=CARTESIAN_POINT('',(-4.,-18.8944436276912,2.));
#4489=CARTESIAN_POINT('',(-32.,-8.91788281692195,2.00000000000001));
#4490=CARTESIAN_POINT('Origin',(-4.,-18.8944436276912,-2.));
#4491=CARTESIAN_POINT('',(-4.,-18.8944436276912,-2.));
#4492=CARTESIAN_POINT('',(-4.,-9.42083272076839,-2.));
#4493=CARTESIAN_POINT('',(-32.,-18.8944436276912,-2.));
#4494=CARTESIAN_POINT('',(-32.,-9.42083272076839,-2.));
#4495=CARTESIAN_POINT('',(-4.,-18.8944436276912,-2.));
#4496=CARTESIAN_POINT('Origin',(-4.,0.,0.));
#4497=CARTESIAN_POINT('Origin',(-4.,0.,0.));
#4498=CARTESIAN_POINT('Origin',(-32.,0.,0.));
#4499=CARTESIAN_POINT('Origin',(-4.,0.0527781861544085,0.));
#4500=CARTESIAN_POINT('Origin',(-32.,0.0527781861544085,0.));
#4501=CARTESIAN_POINT('Origin',(-56.5,-1.5,-13.875));
#4502=CARTESIAN_POINT('',(-56.,-2.,-13.5));
#4503=CARTESIAN_POINT('',(-57.,-1.,-13.5));
#4504=CARTESIAN_POINT('',(-54.75,-3.25,-13.5));
#4505=CARTESIAN_POINT('',(-57.,-1.,-14.));
#4506=CARTESIAN_POINT('',(-57.,-1.,-13.875));
#4507=CARTESIAN_POINT('',(-56.,-2.,-14.));
#4508=CARTESIAN_POINT('',(-55.75,-2.24999999999999,-14.));
#4509=CARTESIAN_POINT('',(-56.,-2.,-13.875));
#4510=CARTESIAN_POINT('Origin',(-50.,2.,-14.));
#4511=CARTESIAN_POINT('',(-57.,1.,-14.));
#4512=CARTESIAN_POINT('',(-57.,1.,-14.));
#4513=CARTESIAN_POINT('',(-56.,2.,-14.));
#4514=CARTESIAN_POINT('',(-54.75,3.25,-14.));
#4515=CARTESIAN_POINT('',(-50.,2.,-14.));
#4516=CARTESIAN_POINT('',(-50.,2.,-14.));
#4517=CARTESIAN_POINT('',(-50.,-2.,-14.));
#4518=CARTESIAN_POINT('',(-50.,1.,-14.));
#4519=CARTESIAN_POINT('',(-50.,-2.,-14.));
#4520=CARTESIAN_POINT('Origin',(-57.,-5.55111512312578E-16,-13.75));
#4521=CARTESIAN_POINT('',(-57.,0.999999999999999,-13.5));
#4522=CARTESIAN_POINT('',(-57.,-1.,-13.5));
#4523=CARTESIAN_POINT('',(-57.,1.,-13.625));
#4524=CARTESIAN_POINT('Origin',(-56.5,1.5,-13.625));
#4525=CARTESIAN_POINT('',(-56.,2.,-13.5));
#4526=CARTESIAN_POINT('',(-55.75,2.24999999999999,-13.5));
#4527=CARTESIAN_POINT('',(-56.,2.,-13.625));
#4528=CARTESIAN_POINT('Origin',(-50.,-2.,-14.));
#4529=CARTESIAN_POINT('',(-50.,-2.,-13.5));
#4530=CARTESIAN_POINT('',(-50.,-2.,-13.875));
#4531=CARTESIAN_POINT('',(-50.,-2.,-13.5));
#4532=CARTESIAN_POINT('Origin',(-50.,2.,-13.5));
#4533=CARTESIAN_POINT('',(-50.,2.,-13.5));
#4534=CARTESIAN_POINT('',(-50.,2.,-13.5));
#4535=CARTESIAN_POINT('',(-50.,2.,-13.625));
#4536=CARTESIAN_POINT('Origin',(-50.,-2.,-13.5));
#4537=CARTESIAN_POINT('',(-50.,-1.,-13.5));
#4538=CARTESIAN_POINT('Origin',(-50.,-4.16333634234434E-16,-13.75));
#4539=CARTESIAN_POINT('',(0.,0.,0.));
#4540=CARTESIAN_POINT('Origin',(16.3,32.7,-19.));
#4541=CARTESIAN_POINT('',(16.6,33.,-13.));
#4542=CARTESIAN_POINT('',(16.6,33.,-21.));
#4543=CARTESIAN_POINT('',(16.6,33.,-19.));
#4544=CARTESIAN_POINT('',(16.,32.4,-21.));
#4545=CARTESIAN_POINT('',(0.550000000000019,16.9499999999999,-21.));
#4546=CARTESIAN_POINT('',(16.,32.4,-13.2485281374239));
#4547=CARTESIAN_POINT('',(16.,32.4,-19.));
#4548=CARTESIAN_POINT('',(16.,32.4,-13.2485281374239));
#4549=CARTESIAN_POINT('Origin',(16.3,32.287867965644,-12.712132034356));
#4550=CARTESIAN_POINT('',(16.,21.,-1.84852813742386));
#4551=CARTESIAN_POINT('',(16.,32.0757359312881,-12.9242640687119));
#4552=CARTESIAN_POINT('',(16.6,21.,-1.));
#4553=CARTESIAN_POINT('',(7.47537879754125,21.,-13.9041630560343));
#4554=CARTESIAN_POINT('',(16.6,32.5,-12.5));
#4555=CARTESIAN_POINT('Origin',(7.,-21.,-21.));
#4556=CARTESIAN_POINT('',(43.4,33.,-21.));
#4557=CARTESIAN_POINT('',(16.,33.,-21.));
#4558=CARTESIAN_POINT('',(44.,32.4,-21.));
#4559=CARTESIAN_POINT('',(47.9500000000001,28.4499999999999,-21.));
#4560=CARTESIAN_POINT('',(44.,-32.4,-21.));
#4561=CARTESIAN_POINT('',(44.,-24.,-21.));
#4562=CARTESIAN_POINT('',(43.4,-33.,-21.));
#4563=CARTESIAN_POINT('',(37.4500000000001,-38.95,-21.));
#4564=CARTESIAN_POINT('',(16.6,-33.,-21.));
#4565=CARTESIAN_POINT('',(16.,-33.,-21.));
#4566=CARTESIAN_POINT('',(16.,-32.4,-21.));
#4567=CARTESIAN_POINT('',(11.05,-27.45,-21.));
#4568=CARTESIAN_POINT('',(16.,-17.,-21.));
#4569=CARTESIAN_POINT('',(16.,-24.,-21.));
#4570=CARTESIAN_POINT('',(8.,-17.,-21.));
#4571=CARTESIAN_POINT('',(7.,-17.,-21.));
#4572=CARTESIAN_POINT('',(8.,17.,-21.));
#4573=CARTESIAN_POINT('',(8.,-10.5,-21.));
#4574=CARTESIAN_POINT('',(16.,17.,-21.));
#4575=CARTESIAN_POINT('',(7.,17.,-21.));
#4576=CARTESIAN_POINT('',(16.,24.,-21.));
#4577=CARTESIAN_POINT('',(21.75,26.,-21.));
#4578=CARTESIAN_POINT('Origin',(24.,26.,-21.));
#4579=CARTESIAN_POINT('',(33.75,26.,-21.));
#4580=CARTESIAN_POINT('Origin',(36.,26.,-21.));
#4581=CARTESIAN_POINT('',(33.75,-26.,-21.));
#4582=CARTESIAN_POINT('Origin',(36.,-26.,-21.));
#4583=CARTESIAN_POINT('',(21.75,-26.,-21.));
#4584=CARTESIAN_POINT('Origin',(24.,-26.,-21.));
#4585=CARTESIAN_POINT('Origin',(16.,33.,-21.));
#4586=CARTESIAN_POINT('',(18.4,33.,-13.));
#4587=CARTESIAN_POINT('',(16.,33.,-13.));
#4588=CARTESIAN_POINT('',(18.4,33.,-14.));
#4589=CARTESIAN_POINT('',(18.4,33.,-14.));
#4590=CARTESIAN_POINT('',(40.6,33.,-14.));
#4591=CARTESIAN_POINT('',(16.,33.,-14.));
#4592=CARTESIAN_POINT('',(40.6,33.,5.68629150101525));
#4593=CARTESIAN_POINT('',(40.6,33.,-8.5));
#4594=CARTESIAN_POINT('',(43.4,33.,5.68629150101525));
#4595=CARTESIAN_POINT('',(30.,33.,5.68629150101525));
#4596=CARTESIAN_POINT('',(43.4,33.,-10.5));
#4597=CARTESIAN_POINT('Origin',(16.,33.,-13.));
#4598=CARTESIAN_POINT('',(18.4,21.,-1.));
#4599=CARTESIAN_POINT('',(11.5,21.,-1.));
#4600=CARTESIAN_POINT('',(18.4,30.,-10.));
#4601=CARTESIAN_POINT('Origin',(18.7,32.7,-14.));
#4602=CARTESIAN_POINT('',(19.,32.4,-13.2485281374239));
#4603=CARTESIAN_POINT('',(19.,32.4,-13.4));
#4604=CARTESIAN_POINT('',(19.,32.4,-14.));
#4605=CARTESIAN_POINT('',(18.2666666666667,33.1333333333333,-14.1333333333333));
#4606=CARTESIAN_POINT('',(18.4,33.,-13.));
#4607=CARTESIAN_POINT('Origin',(18.7,29.787867965644,-10.212132034356));
#4608=CARTESIAN_POINT('',(19.,21.,-1.84852813742386));
#4609=CARTESIAN_POINT('',(23.43536555147,21.,-8.12108225439515));
#4610=CARTESIAN_POINT('',(19.,29.5757359312881,-10.4242640687119));
#4611=CARTESIAN_POINT('Origin',(19.,27.,-7.));
#4612=CARTESIAN_POINT('',(19.,21.,-12.));
#4613=CARTESIAN_POINT('',(19.,21.,-14.));
#4614=CARTESIAN_POINT('',(19.,22.,-13.));
#4615=CARTESIAN_POINT('',(19.,21.5,-12.5));
#4616=CARTESIAN_POINT('',(19.,32.,-13.));
#4617=CARTESIAN_POINT('',(19.,30.,-13.));
#4618=CARTESIAN_POINT('',(19.,29.5,-10.5));
#4619=CARTESIAN_POINT('Origin',(40.3,32.7,-8.5));
#4620=CARTESIAN_POINT('',(40.,32.4,-13.4));
#4621=CARTESIAN_POINT('',(35.3166666666667,27.7166666666667,-8.71666666666665));
#4622=CARTESIAN_POINT('',(40.,32.4,5.68629150101524));
#4623=CARTESIAN_POINT('',(40.,32.4,-8.5));
#4624=CARTESIAN_POINT('',(40.,32.4,5.68629150101524));
#4625=CARTESIAN_POINT('Origin',(40.3,25.,5.68629150101525));
#4626=CARTESIAN_POINT('',(40.,30.2325901807805,10.9188816817957));
#4627=CARTESIAN_POINT('',(40.6,30.6568542494924,11.3431457505076));
#4628=CARTESIAN_POINT('',(40.,30.2325901807805,10.9188816817957));
#4629=CARTESIAN_POINT('Origin',(40.6,25.,5.68629150101525));
#4630=CARTESIAN_POINT('Origin',(40.,25.,5.68629150101525));
#4631=CARTESIAN_POINT('Origin',(40.3,26.537867965644,15.037867965644));
#4632=CARTESIAN_POINT('',(40.,23.3875108318972,17.7639610306789));
#4633=CARTESIAN_POINT('',(40.,26.3257359312881,14.8257359312881));
#4634=CARTESIAN_POINT('',(40.6,23.8117749006091,18.1882250993909));
#4635=CARTESIAN_POINT('',(40.,23.3875108318972,17.7639610306789));
#4636=CARTESIAN_POINT('',(40.6,26.75,15.25));
#4637=CARTESIAN_POINT('Origin',(40.3,17.0235498012183,11.4));
#4638=CARTESIAN_POINT('',(40.,21.4807316195268,19.2187934004256));
#4639=CARTESIAN_POINT('',(40.6,21.9336974044649,19.6492696958174));
#4640=CARTESIAN_POINT('Ctrl Pts',(40.5999999999985,21.9336974044637,19.6492696958164));
#4641=CARTESIAN_POINT('Ctrl Pts',(40.3988521360523,21.7828757336026,19.5049583965034));
#4642=CARTESIAN_POINT('Ctrl Pts',(40.1987901643796,21.631931690416,19.3614222199135));
#4643=CARTESIAN_POINT('Ctrl Pts',(39.9999999999998,21.4807316195267,19.2187934004255));
#4644=CARTESIAN_POINT('Origin',(40.6,17.0235498012183,11.4));
#4645=CARTESIAN_POINT('Origin',(40.,17.0235498012183,11.4));
#4646=CARTESIAN_POINT('Origin',(40.,27.,4.));
#4647=CARTESIAN_POINT('',(40.,32.,-13.));
#4648=CARTESIAN_POINT('',(40.,26.75,-7.74999999999997));
#4649=CARTESIAN_POINT('',(40.,22.,-13.));
#4650=CARTESIAN_POINT('',(40.,30.,-13.));
#4651=CARTESIAN_POINT('',(40.,22.,17.));
#4652=CARTESIAN_POINT('',(40.,22.,-8.5));
#4653=CARTESIAN_POINT('Origin',(40.,17.,17.));
#4654=CARTESIAN_POINT('',(40.,23.5,6.));
#4655=CARTESIAN_POINT('Origin',(40.,26.,6.));
#4656=CARTESIAN_POINT('',(40.,23.5,-6.));
#4657=CARTESIAN_POINT('Origin',(40.,26.,-6.));
#4658=CARTESIAN_POINT('Origin',(43.7,10.5,20.7));
#4659=CARTESIAN_POINT('',(43.4,-10.5,21.));
#4660=CARTESIAN_POINT('',(43.4,-17.0235498012183,21.));
#4661=CARTESIAN_POINT('',(43.4,10.5,21.));
#4662=CARTESIAN_POINT('',(44.,-17.0235498012183,20.4));
#4663=CARTESIAN_POINT('',(43.4,-17.0235498012183,21.));
#4664=CARTESIAN_POINT('',(44.,-10.7485281374239,20.4));
#4665=CARTESIAN_POINT('',(44.,10.5,20.4));
#4666=CARTESIAN_POINT('',(44.,-10.7485281374239,20.4));
#4667=CARTESIAN_POINT('Origin',(43.7,-17.0235498012183,11.4));
#4668=CARTESIAN_POINT('',(43.4,-23.8117749006091,18.1882250993909));
#4669=CARTESIAN_POINT('Origin',(43.4,-17.0235498012183,11.4));
#4670=CARTESIAN_POINT('',(44.,-23.3875108318972,17.7639610306789));
#4671=CARTESIAN_POINT('',(43.4,-23.8117749006091,18.1882250993909));
#4672=CARTESIAN_POINT('Origin',(44.,-17.0235498012183,11.4));
#4673=CARTESIAN_POINT('Origin',(43.7,-20.787867965644,20.787867965644));
#4674=CARTESIAN_POINT('',(43.4,-30.6568542494924,11.3431457505076));
#4675=CARTESIAN_POINT('',(44.,-30.2325901807804,10.9188816817957));
#4676=CARTESIAN_POINT('',(43.4,-30.6568542494924,11.3431457505076));
#4677=CARTESIAN_POINT('',(44.,-20.5757359312881,20.5757359312881));
#4678=CARTESIAN_POINT('',(43.4,-21.,21.));
#4679=CARTESIAN_POINT('Origin',(43.7,-25.,5.68629150101524));
#4680=CARTESIAN_POINT('',(43.4,-33.,5.68629150101524));
#4681=CARTESIAN_POINT('Origin',(43.4,-25.,5.68629150101524));
#4682=CARTESIAN_POINT('',(44.,-32.4,5.68629150101524));
#4683=CARTESIAN_POINT('',(43.4,-33.,5.68629150101524));
#4684=CARTESIAN_POINT('Origin',(44.,-25.,5.68629150101524));
#4685=CARTESIAN_POINT('Origin',(43.7,-32.7,-10.5));
#4686=CARTESIAN_POINT('',(44.,-32.4,-10.5));
#4687=CARTESIAN_POINT('',(43.4,-33.,-10.5));
#4688=CARTESIAN_POINT('Origin',(43.7,-2.46213203435596,12.537867965644));
#4689=CARTESIAN_POINT('',(43.4,-9.,19.5));
#4690=CARTESIAN_POINT('',(43.4,-2.25,12.75));
#4691=CARTESIAN_POINT('',(44.,-9.6,19.2514718625761));
#4692=CARTESIAN_POINT('',(44.,-2.67426406871193,12.3257359312881));
#4693=CARTESIAN_POINT('',(44.,-9.6,19.2514718625761));
#4694=CARTESIAN_POINT('Origin',(43.7,-9.3,6.24999999999999));
#4695=CARTESIAN_POINT('',(43.4,-9.,14.5));
#4696=CARTESIAN_POINT('',(43.4,-9.,6.24999999999999));
#4697=CARTESIAN_POINT('',(44.,-9.6,14.2514718625761));
#4698=CARTESIAN_POINT('',(44.,-9.6,6.24999999999999));
#4699=CARTESIAN_POINT('',(44.,-9.6,14.2514718625761));
#4700=CARTESIAN_POINT('Origin',(43.7,-2.83713203435596,7.91286796564404));
#4701=CARTESIAN_POINT('',(43.4,-7.,12.5));
#4702=CARTESIAN_POINT('',(43.4,-2.625,8.125));
#4703=CARTESIAN_POINT('',(44.,-7.24852813742386,11.9));
#4704=CARTESIAN_POINT('',(44.,-3.04926406871192,7.70073593128807));
#4705=CARTESIAN_POINT('',(44.,-7.24852813742386,11.9));
#4706=CARTESIAN_POINT('Origin',(43.7,4.5,12.2));
#4707=CARTESIAN_POINT('',(44.,1.54596248337407,11.9));
#4708=CARTESIAN_POINT('',(44.,-1.54596248337407,11.9));
#4709=CARTESIAN_POINT('Origin',(55.8999999999997,0.,0.));
#4710=CARTESIAN_POINT('',(44.,7.24852813742386,11.9));
#4711=CARTESIAN_POINT('',(44.,4.5,11.9));
#4712=CARTESIAN_POINT('',(43.4,7.,12.5));
#4713=CARTESIAN_POINT('',(44.,7.24852813742386,11.9));
#4714=CARTESIAN_POINT('',(43.4,4.5,12.5));
#4715=CARTESIAN_POINT('',(44.,4.5,11.9));
#4716=CARTESIAN_POINT('Origin',(43.7,2.83713203435596,7.91286796564404));
#4717=CARTESIAN_POINT('',(43.4,9.,14.5));
#4718=CARTESIAN_POINT('',(43.4,2.625,8.125));
#4719=CARTESIAN_POINT('',(44.,9.6,14.2514718625761));
#4720=CARTESIAN_POINT('',(44.,3.04926406871193,7.70073593128807));
#4721=CARTESIAN_POINT('',(44.,9.6,14.2514718625761));
#4722=CARTESIAN_POINT('Origin',(43.7,9.3,10.5));
#4723=CARTESIAN_POINT('',(43.4,9.,19.5));
#4724=CARTESIAN_POINT('',(43.4,9.,10.5));
#4725=CARTESIAN_POINT('',(44.,9.6,19.2514718625761));
#4726=CARTESIAN_POINT('',(44.,9.6,10.5));
#4727=CARTESIAN_POINT('',(44.,9.6,19.2514718625761));
#4728=CARTESIAN_POINT('Origin',(43.7,2.46213203435597,12.537867965644));
#4729=CARTESIAN_POINT('',(43.4,10.5,21.));
#4730=CARTESIAN_POINT('',(43.4,2.25,12.75));
#4731=CARTESIAN_POINT('',(44.,10.7485281374239,20.4));
#4732=CARTESIAN_POINT('',(44.,2.67426406871193,12.3257359312881));
#4733=CARTESIAN_POINT('',(44.,10.7485281374239,20.4));
#4734=CARTESIAN_POINT('Origin',(43.7,10.5,20.7));
#4735=CARTESIAN_POINT('',(44.,17.0235498012183,20.4));
#4736=CARTESIAN_POINT('',(44.,10.5,20.4));
#4737=CARTESIAN_POINT('',(43.4,17.0235498012183,21.));
#4738=CARTESIAN_POINT('',(44.,17.0235498012183,20.4));
#4739=CARTESIAN_POINT('',(43.4,10.5,21.));
#4740=CARTESIAN_POINT('Origin',(43.7,17.0235498012183,11.4));
#4741=CARTESIAN_POINT('',(44.,23.3875108318972,17.7639610306789));
#4742=CARTESIAN_POINT('',(43.4,23.8117749006091,18.1882250993909));
#4743=CARTESIAN_POINT('',(44.,23.3875108318972,17.7639610306789));
#4744=CARTESIAN_POINT('Origin',(43.4,17.0235498012183,11.4));
#4745=CARTESIAN_POINT('Origin',(44.,17.0235498012183,11.4));
#4746=CARTESIAN_POINT('Origin',(43.7,20.787867965644,20.787867965644));
#4747=CARTESIAN_POINT('',(44.,30.2325901807805,10.9188816817957));
#4748=CARTESIAN_POINT('',(43.4,30.6568542494924,11.3431457505076));
#4749=CARTESIAN_POINT('',(44.,30.2325901807805,10.9188816817957));
#4750=CARTESIAN_POINT('',(43.4,21.,21.));
#4751=CARTESIAN_POINT('',(44.,20.5757359312881,20.5757359312881));
#4752=CARTESIAN_POINT('Origin',(43.7,25.,5.68629150101525));
#4753=CARTESIAN_POINT('',(44.,32.4,5.68629150101525));
#4754=CARTESIAN_POINT('',(44.,32.4,5.68629150101525));
#4755=CARTESIAN_POINT('Origin',(43.4,25.,5.68629150101525));
#4756=CARTESIAN_POINT('Origin',(44.,25.,5.68629150101525));
#4757=CARTESIAN_POINT('Origin',(43.7,32.7,-10.5));
#4758=CARTESIAN_POINT('',(44.,32.4,-10.5));
#4759=CARTESIAN_POINT('Origin',(16.,-33.,-21.));
#4760=CARTESIAN_POINT('',(40.6,-33.,5.68629150101524));
#4761=CARTESIAN_POINT('',(30.,-33.,5.68629150101524));
#4762=CARTESIAN_POINT('',(40.6,-33.,-14.));
#4763=CARTESIAN_POINT('',(40.6,-33.,-8.5));
#4764=CARTESIAN_POINT('',(18.4,-33.,-14.));
#4765=CARTESIAN_POINT('',(16.,-33.,-14.));
#4766=CARTESIAN_POINT('',(18.4,-33.,-13.));
#4767=CARTESIAN_POINT('',(18.4,-33.,-14.));
#4768=CARTESIAN_POINT('',(16.6,-33.,-13.));
#4769=CARTESIAN_POINT('',(16.,-33.,-13.));
#4770=CARTESIAN_POINT('',(16.6,-33.,-19.));
#4771=CARTESIAN_POINT('Origin',(30.,-25.,5.68629150101524));
#4772=CARTESIAN_POINT('',(40.6,-30.6568542494924,11.3431457505076));
#4773=CARTESIAN_POINT('',(30.,-30.6568542494924,11.3431457505076));
#4774=CARTESIAN_POINT('Origin',(40.6,-25.,5.68629150101524));
#4775=CARTESIAN_POINT('Origin',(44.,-21.,21.));
#4776=CARTESIAN_POINT('',(40.6,-23.8117749006091,18.1882250993909));
#4777=CARTESIAN_POINT('',(25.5,-23.8117749006091,18.1882250993909));
#4778=CARTESIAN_POINT('',(40.6,-26.75,15.25));
#4779=CARTESIAN_POINT('Origin',(25.5,-17.0235498012183,11.4));
#4780=CARTESIAN_POINT('',(39.0000693235415,-17.0235498012183,21.));
#4781=CARTESIAN_POINT('',(25.5,-17.0235498012183,21.));
#4782=CARTESIAN_POINT('',(40.,-20.8314355710474,20.2124914731268));
#4783=CARTESIAN_POINT('Ctrl Pts',(40.,-20.8314355710474,20.2124914731268));
#4784=CARTESIAN_POINT('Ctrl Pts',(39.9285005421248,-20.6851190759492,20.2757149668771));
#4785=CARTESIAN_POINT('Ctrl Pts',(39.8598810779767,-20.5379186460029,20.3349910859921));
#4786=CARTESIAN_POINT('Ctrl Pts',(39.7945795722871,-20.3902797285027,20.3902797285027));
#4787=CARTESIAN_POINT('Ctrl Pts',(39.5782826181787,-19.901258107547,20.5734112634583));
#4788=CARTESIAN_POINT('Ctrl Pts',(39.3698190383831,-19.3398013129213,20.7353084763105));
#4789=CARTESIAN_POINT('Ctrl Pts',(39.0813811047486,-18.1800450854425,20.9480205211614));
#4790=CARTESIAN_POINT('Ctrl Pts',(39.0033531368916,-17.5813244050974,21.));
#4791=CARTESIAN_POINT('Ctrl Pts',(39.0000693235415,-17.0235498012183,21.));
#4792=CARTESIAN_POINT('',(40.6,-21.9336974044649,19.6492696958174));
#4793=CARTESIAN_POINT('Ctrl Pts',(40.6,-21.9336974044649,19.6492696958174));
#4794=CARTESIAN_POINT('Ctrl Pts',(40.3860520006873,-21.5767767951923,19.861716729166));
#4795=CARTESIAN_POINT('Ctrl Pts',(40.183537360553,-21.2070264372404,20.0501983101756));
#4796=CARTESIAN_POINT('Ctrl Pts',(40.,-20.8314355710474,20.2124914731268));
#4797=CARTESIAN_POINT('Origin',(40.6,-17.0235498012183,11.4));
#4798=CARTESIAN_POINT('Origin',(40.3,-17.0235498012183,11.4));
#4799=CARTESIAN_POINT('',(40.,-21.4807316195268,19.2187934004256));
#4800=CARTESIAN_POINT('Ctrl Pts',(39.9999999999998,-21.4807316195267,19.2187934004255));
#4801=CARTESIAN_POINT('Ctrl Pts',(40.1987909765559,-21.6319323081584,19.3614228026372));
#4802=CARTESIAN_POINT('Ctrl Pts',(40.3988519744396,-21.7828756124246,19.5049582805561));
#4803=CARTESIAN_POINT('Ctrl Pts',(40.5999999999985,-21.9336974044637,19.6492696958164));
#4804=CARTESIAN_POINT('',(40.,-23.3875108318972,17.7639610306789));
#4805=CARTESIAN_POINT('Origin',(40.,-17.0235498012183,11.4));
#4806=CARTESIAN_POINT('',(40.,-23.3875108318972,17.7639610306789));
#4807=CARTESIAN_POINT('Origin',(40.3,-26.537867965644,15.037867965644));
#4808=CARTESIAN_POINT('',(40.,-30.2325901807804,10.9188816817957));
#4809=CARTESIAN_POINT('',(40.,-30.2325901807804,10.9188816817957));
#4810=CARTESIAN_POINT('',(40.,-26.3257359312881,14.8257359312881));
#4811=CARTESIAN_POINT('Origin',(40.3,-25.,5.68629150101524));
#4812=CARTESIAN_POINT('',(40.,-32.4,5.68629150101524));
#4813=CARTESIAN_POINT('',(40.,-32.4,5.68629150101524));
#4814=CARTESIAN_POINT('Origin',(40.,-25.,5.68629150101524));
#4815=CARTESIAN_POINT('Origin',(40.3,-32.7,-8.5));
#4816=CARTESIAN_POINT('',(40.,-32.4,-13.4));
#4817=CARTESIAN_POINT('',(35.3166666666668,-27.7166666666667,-8.71666666666666));
#4818=CARTESIAN_POINT('',(40.,-32.4,-8.5));
#4819=CARTESIAN_POINT('Origin',(40.,-27.,4.));
#4820=CARTESIAN_POINT('',(40.,-22.,17.));
#4821=CARTESIAN_POINT('Origin',(40.,-17.,17.));
#4822=CARTESIAN_POINT('',(40.,-22.,-13.));
#4823=CARTESIAN_POINT('',(40.,-22.,12.5));
#4824=CARTESIAN_POINT('',(40.,-32.,-13.));
#4825=CARTESIAN_POINT('',(40.,-30.,-13.));
#4826=CARTESIAN_POINT('',(40.,-26.75,-7.74999999999996));
#4827=CARTESIAN_POINT('',(40.,-23.5,6.));
#4828=CARTESIAN_POINT('Origin',(40.,-26.,6.));
#4829=CARTESIAN_POINT('',(40.,-23.5,-6.));
#4830=CARTESIAN_POINT('Origin',(40.,-26.,-6.));
#4831=CARTESIAN_POINT('Origin',(18.7,-32.7,-14.));
#4832=CARTESIAN_POINT('',(19.,-32.4,-13.4));
#4833=CARTESIAN_POINT('',(18.2666666666667,-33.1333333333333,-14.1333333333333));
#4834=CARTESIAN_POINT('',(19.,-32.4,-13.2485281374239));
#4835=CARTESIAN_POINT('',(19.,-32.4,-14.));
#4836=CARTESIAN_POINT('',(19.,-32.4,-13.2485281374239));
#4837=CARTESIAN_POINT('Origin',(18.7,-29.787867965644,-10.212132034356));
#4838=CARTESIAN_POINT('',(19.,-21.,-1.84852813742386));
#4839=CARTESIAN_POINT('',(19.,-29.5757359312881,-10.4242640687119));
#4840=CARTESIAN_POINT('',(18.4,-21.,-1.));
#4841=CARTESIAN_POINT('',(13.5358706148583,-21.,5.87891774560491));
#4842=CARTESIAN_POINT('',(18.4,-30.,-10.));
#4843=CARTESIAN_POINT('Origin',(16.,-33.,-13.));
#4844=CARTESIAN_POINT('',(16.6,-21.,-1.));
#4845=CARTESIAN_POINT('',(11.5,-21.,-1.));
#4846=CARTESIAN_POINT('',(16.6,-32.5,-12.5));
#4847=CARTESIAN_POINT('Origin',(16.3,-32.7,-19.));
#4848=CARTESIAN_POINT('',(16.,-32.4,-13.2485281374239));
#4849=CARTESIAN_POINT('',(16.,-32.4,-19.));
#4850=CARTESIAN_POINT('',(16.6,-33.,-13.));
#4851=CARTESIAN_POINT('Origin',(16.3,-32.287867965644,-12.712132034356));
#4852=CARTESIAN_POINT('',(16.,-21.,-1.84852813742386));
#4853=CARTESIAN_POINT('',(17.3748737341529,-21.,0.0958369439657379));
#4854=CARTESIAN_POINT('',(16.,-32.0757359312881,-12.9242640687119));
#4855=CARTESIAN_POINT('Origin',(16.,-27.,-17.));
#4856=CARTESIAN_POINT('',(16.,-21.,-17.));
#4857=CARTESIAN_POINT('',(16.,-21.,7.));
#4858=CARTESIAN_POINT('Origin',(16.,-17.,-17.));
#4859=CARTESIAN_POINT('Origin',(30.,25.,5.68629150101525));
#4860=CARTESIAN_POINT('',(30.,30.6568542494924,11.3431457505076));
#4861=CARTESIAN_POINT('Origin',(44.,21.,21.));
#4862=CARTESIAN_POINT('',(25.5,23.8117749006091,18.1882250993909));
#4863=CARTESIAN_POINT('Origin',(44.,0.,-4.44089209850063E-15));
#4864=CARTESIAN_POINT('',(44.,-12.,-1.46957615897682E-15));
#4865=CARTESIAN_POINT('Origin',(44.,0.,0.));
#4866=CARTESIAN_POINT('Origin',(44.,0.,0.));
#4867=CARTESIAN_POINT('',(44.,-23.5,-6.));
#4868=CARTESIAN_POINT('Origin',(44.,-26.,-6.));
#4869=CARTESIAN_POINT('',(44.,-23.5,6.));
#4870=CARTESIAN_POINT('Origin',(44.,-26.,6.));
#4871=CARTESIAN_POINT('',(44.,23.5,-6.));
#4872=CARTESIAN_POINT('Origin',(44.,26.,-6.));
#4873=CARTESIAN_POINT('',(44.,23.5,6.));
#4874=CARTESIAN_POINT('Origin',(44.,26.,6.));
#4875=CARTESIAN_POINT('Origin',(11.5,21.5,-12.5));
#4876=CARTESIAN_POINT('',(23.9282032302755,22.,-13.));
#4877=CARTESIAN_POINT('',(24.,21.9585481156726,-12.9585481156726));
#4878=CARTESIAN_POINT('',(19.0016660498395,24.8443375672974,-15.8443375672974));
#4879=CARTESIAN_POINT('',(11.5,22.,-13.));
#4880=CARTESIAN_POINT('',(39.,21.,-12.));
#4881=CARTESIAN_POINT('',(11.5,21.,-12.));
#4882=CARTESIAN_POINT('',(39.,21.,-12.));
#4883=CARTESIAN_POINT('',(36.0717967697245,22.,-13.));
#4884=CARTESIAN_POINT('',(11.5,22.,-13.));
#4885=CARTESIAN_POINT('',(36.,21.9585481156726,-12.9585481156726));
#4886=CARTESIAN_POINT('',(28.4983339501605,17.6274592024271,-8.62745920242707));
#4887=CARTESIAN_POINT('',(35.9282032302755,22.,-13.));
#4888=CARTESIAN_POINT('',(27.4016660498395,26.9227985363801,-17.9227985363801));
#4889=CARTESIAN_POINT('',(24.0717967697245,22.,-13.));
#4890=CARTESIAN_POINT('',(11.5,22.,-13.));
#4891=CARTESIAN_POINT('',(20.0983339501605,19.7059201715097,-10.7059201715097));
#4892=CARTESIAN_POINT('Origin',(39.5,17.,17.));
#4893=CARTESIAN_POINT('',(39.0000693235415,17.0235498012218,21.));
#4894=CARTESIAN_POINT('',(40.,20.8314355710474,20.2124914731268));
#4895=CARTESIAN_POINT('Ctrl Pts',(39.0000693235415,17.0235498012218,21.));
#4896=CARTESIAN_POINT('Ctrl Pts',(39.0033531368918,17.5813244050999,20.9999999999998));
#4897=CARTESIAN_POINT('Ctrl Pts',(39.0813811047489,18.1800450854437,20.9480205211612));
#4898=CARTESIAN_POINT('Ctrl Pts',(39.3698190383831,19.3398013129213,20.7353084763105));
#4899=CARTESIAN_POINT('Ctrl Pts',(39.5782826181787,19.901258107547,20.5734112634583));
#4900=CARTESIAN_POINT('Ctrl Pts',(39.7945795722872,20.3902797285027,20.3902797285027));
#4901=CARTESIAN_POINT('Ctrl Pts',(39.8598810779767,20.5379186460029,20.3349910859921));
#4902=CARTESIAN_POINT('Ctrl Pts',(39.9285005421248,20.6851190759492,20.2757149668771));
#4903=CARTESIAN_POINT('Ctrl Pts',(40.,20.8314355710474,20.2124914731268));
#4904=CARTESIAN_POINT('Ctrl Pts',(40.,20.8314355710474,20.2124914731268));
#4905=CARTESIAN_POINT('Ctrl Pts',(40.183521769869,21.2069945324637,20.0502120962593));
#4906=CARTESIAN_POINT('Ctrl Pts',(40.3860418296577,21.5767598272839,19.8617268288401));
#4907=CARTESIAN_POINT('Ctrl Pts',(40.6,21.9336974044649,19.6492696958174));
#4908=CARTESIAN_POINT('',(39.,21.,17.));
#4909=CARTESIAN_POINT('',(40.,22.,17.));
#4910=CARTESIAN_POINT('',(39.,17.,21.));
#4911=CARTESIAN_POINT('Origin',(39.,17.,17.));
#4912=CARTESIAN_POINT('Ctrl Pts',(39.,17.,21.));
#4913=CARTESIAN_POINT('Ctrl Pts',(39.,17.011774798577,21.));
#4914=CARTESIAN_POINT('Ctrl Pts',(39.0000693235415,17.0235498012218,21.));
#4915=CARTESIAN_POINT('Origin',(39.5,21.5,-8.5));
#4916=CARTESIAN_POINT('',(39.,21.,-8.5));
#4917=CARTESIAN_POINT('Origin',(16.,33.,-13.));
#4918=CARTESIAN_POINT('',(32.5,23.9792740578363,-13.));
#4919=CARTESIAN_POINT('',(24.3594555433772,28.6792195912176,-13.));
#4920=CARTESIAN_POINT('',(32.5,28.0207259421637,-13.));
#4921=CARTESIAN_POINT('',(32.5,30.5103629710819,-13.));
#4922=CARTESIAN_POINT('',(36.,30.0414518843274,-13.));
#4923=CARTESIAN_POINT('',(29.1405444566228,26.0811433798643,-13.));
#4924=CARTESIAN_POINT('',(39.5,28.0207259421637,-13.));
#4925=CARTESIAN_POINT('',(29.6094555433772,33.7310344466268,-13.));
#4926=CARTESIAN_POINT('',(39.5,23.9792740578363,-13.));
#4927=CARTESIAN_POINT('',(39.5,28.4896370289182,-13.));
#4928=CARTESIAN_POINT('',(30.8905444566228,19.0086025822913,-13.));
#4929=CARTESIAN_POINT('',(16.,32.,-13.));
#4930=CARTESIAN_POINT('',(20.5,23.9792740578363,-13.));
#4931=CARTESIAN_POINT('',(16.8594555433772,26.0811433798643,-13.));
#4932=CARTESIAN_POINT('',(20.5,28.0207259421637,-13.));
#4933=CARTESIAN_POINT('',(20.5,30.5103629710818,-13.));
#4934=CARTESIAN_POINT('',(24.,30.0414518843274,-13.));
#4935=CARTESIAN_POINT('',(21.6405444566228,28.6792195912176,-13.));
#4936=CARTESIAN_POINT('',(27.5,28.0207259421637,-13.));
#4937=CARTESIAN_POINT('',(22.1094555433772,31.1329582352735,-13.));
#4938=CARTESIAN_POINT('',(27.5,23.9792740578363,-13.));
#4939=CARTESIAN_POINT('',(27.5,28.4896370289182,-13.));
#4940=CARTESIAN_POINT('',(23.3905444566228,21.6066787936447,-13.));
#4941=CARTESIAN_POINT('Origin',(39.5,-21.5,12.5));
#4942=CARTESIAN_POINT('',(39.,-21.,17.));
#4943=CARTESIAN_POINT('',(40.,-22.,17.));
#4944=CARTESIAN_POINT('',(39.,-21.,-12.));
#4945=CARTESIAN_POINT('',(39.,-21.,12.5));
#4946=CARTESIAN_POINT('',(39.,-21.,-12.));
#4947=CARTESIAN_POINT('Origin',(39.5,-17.,17.));
#4948=CARTESIAN_POINT('',(39.,-17.,21.));
#4949=CARTESIAN_POINT('Ctrl Pts',(39.0000693235415,-17.0235498012183,21.));
#4950=CARTESIAN_POINT('Ctrl Pts',(39.,-17.0117747985753,21.));
#4951=CARTESIAN_POINT('Ctrl Pts',(39.,-17.,21.));
#4952=CARTESIAN_POINT('Origin',(39.,-17.,17.));
#4953=CARTESIAN_POINT('Origin',(11.5,-21.5,-12.5));
#4954=CARTESIAN_POINT('',(36.0717967697245,-22.,-13.));
#4955=CARTESIAN_POINT('',(36.,-21.9585481156726,-12.9585481156726));
#4956=CARTESIAN_POINT('',(28.4983339501605,-17.6274592024271,-8.62745920242707));
#4957=CARTESIAN_POINT('',(11.5,-22.,-13.));
#4958=CARTESIAN_POINT('',(19.,-21.,-12.));
#4959=CARTESIAN_POINT('',(11.5,-21.,-12.));
#4960=CARTESIAN_POINT('',(19.,-22.,-13.));
#4961=CARTESIAN_POINT('',(19.,-21.5,-12.5));
#4962=CARTESIAN_POINT('',(23.9282032302755,-22.,-13.));
#4963=CARTESIAN_POINT('',(11.5,-22.,-13.));
#4964=CARTESIAN_POINT('',(24.,-21.9585481156726,-12.9585481156726));
#4965=CARTESIAN_POINT('',(19.0016660498395,-24.8443375672974,-15.8443375672974));
#4966=CARTESIAN_POINT('',(24.0717967697245,-22.,-13.));
#4967=CARTESIAN_POINT('',(20.0983339501605,-19.7059201715097,-10.7059201715097));
#4968=CARTESIAN_POINT('',(35.9282032302755,-22.,-13.));
#4969=CARTESIAN_POINT('',(11.5,-22.,-13.));
#4970=CARTESIAN_POINT('',(27.4016660498395,-26.9227985363801,-17.9227985363801));
#4971=CARTESIAN_POINT('Origin',(7.,-21.,21.));
#4972=CARTESIAN_POINT('',(8.,-21.,17.));
#4973=CARTESIAN_POINT('',(7.,-21.,17.));
#4974=CARTESIAN_POINT('',(8.,-21.,-17.));
#4975=CARTESIAN_POINT('',(8.,-21.,10.5));
#4976=CARTESIAN_POINT('',(7.,-21.,-17.));
#4977=CARTESIAN_POINT('',(19.,-21.,7.));
#4978=CARTESIAN_POINT('Origin',(7.,-17.,17.));
#4979=CARTESIAN_POINT('',(8.,-17.,21.));
#4980=CARTESIAN_POINT('',(7.,-17.,21.));
#4981=CARTESIAN_POINT('Origin',(8.,-17.,17.));
#4982=CARTESIAN_POINT('Origin',(7.5,-20.5,10.5));
#4983=CARTESIAN_POINT('',(7.,-20.,17.));
#4984=CARTESIAN_POINT('',(8.,-21.,17.));
#4985=CARTESIAN_POINT('',(7.,-20.,-17.));
#4986=CARTESIAN_POINT('',(7.,-20.,10.5));
#4987=CARTESIAN_POINT('',(7.,-20.,-17.));
#4988=CARTESIAN_POINT('Origin',(7.5,-17.,17.));
#4989=CARTESIAN_POINT('',(7.,-17.,20.));
#4990=CARTESIAN_POINT('',(8.,-17.,21.));
#4991=CARTESIAN_POINT('Origin',(7.,-17.,17.));
#4992=CARTESIAN_POINT('Origin',(7.5,10.5,20.5));
#4993=CARTESIAN_POINT('',(8.,17.,21.));
#4994=CARTESIAN_POINT('',(7.,17.,20.));
#4995=CARTESIAN_POINT('',(8.,17.,21.));
#4996=CARTESIAN_POINT('',(7.,10.5,20.));
#4997=CARTESIAN_POINT('',(8.,10.5,21.));
#4998=CARTESIAN_POINT('Origin',(7.5,17.,17.));
#4999=CARTESIAN_POINT('',(8.,21.,17.));
#5000=CARTESIAN_POINT('Origin',(8.,17.,17.));
#5001=CARTESIAN_POINT('',(7.,20.,17.));
#5002=CARTESIAN_POINT('',(8.,21.,17.));
#5003=CARTESIAN_POINT('Origin',(7.,17.,17.));
#5004=CARTESIAN_POINT('Origin',(7.5,20.5,-10.5));
#5005=CARTESIAN_POINT('',(8.,21.,-17.));
#5006=CARTESIAN_POINT('',(7.,20.,-17.));
#5007=CARTESIAN_POINT('',(8.,21.,-17.));
#5008=CARTESIAN_POINT('',(7.,20.,-10.5));
#5009=CARTESIAN_POINT('',(8.,21.,-10.5));
#5010=CARTESIAN_POINT('Origin',(7.5,17.,-17.));
#5011=CARTESIAN_POINT('Origin',(8.,17.,-17.));
#5012=CARTESIAN_POINT('',(7.,17.,-20.));
#5013=CARTESIAN_POINT('',(8.,17.,-21.));
#5014=CARTESIAN_POINT('Origin',(7.,17.,-17.));
#5015=CARTESIAN_POINT('Origin',(7.5,-10.5,-20.5));
#5016=CARTESIAN_POINT('',(7.,-17.,-20.));
#5017=CARTESIAN_POINT('',(8.,-17.,-21.));
#5018=CARTESIAN_POINT('',(7.,-10.5,-20.));
#5019=CARTESIAN_POINT('Origin',(7.5,-17.,-17.));
#5020=CARTESIAN_POINT('Origin',(8.,-17.,-17.));
#5021=CARTESIAN_POINT('Origin',(7.,-17.,-17.));
#5022=CARTESIAN_POINT('Origin',(7.,17.,17.));
#5023=CARTESIAN_POINT('',(7.,21.,17.));
#5024=CARTESIAN_POINT('',(7.,17.,21.));
#5025=CARTESIAN_POINT('Origin',(7.,21.,21.));
#5026=CARTESIAN_POINT('',(25.5,17.0235498012183,21.));
#5027=CARTESIAN_POINT('',(36.5,-10.5,21.));
#5028=CARTESIAN_POINT('',(25.5,-10.5,21.));
#5029=CARTESIAN_POINT('',(36.5,10.5,21.));
#5030=CARTESIAN_POINT('',(36.5,10.5,21.));
#5031=CARTESIAN_POINT('',(25.5,10.5,21.));
#5032=CARTESIAN_POINT('Origin',(7.,0.,-4.44089209850063E-15));
#5033=CARTESIAN_POINT('',(7.,19.,-17.));
#5034=CARTESIAN_POINT('',(7.,19.,17.));
#5035=CARTESIAN_POINT('',(7.,19.,19.));
#5036=CARTESIAN_POINT('',(7.,17.,19.));
#5037=CARTESIAN_POINT('Origin',(7.,17.,17.));
#5038=CARTESIAN_POINT('',(7.,-17.,19.));
#5039=CARTESIAN_POINT('',(7.,-19.,19.));
#5040=CARTESIAN_POINT('',(7.,-19.,17.));
#5041=CARTESIAN_POINT('Origin',(7.,-17.,17.));
#5042=CARTESIAN_POINT('',(7.,-19.,-17.));
#5043=CARTESIAN_POINT('',(7.,-19.,-19.));
#5044=CARTESIAN_POINT('',(7.,-17.,-19.));
#5045=CARTESIAN_POINT('Origin',(7.,-17.,-17.));
#5046=CARTESIAN_POINT('',(7.,17.,-19.));
#5047=CARTESIAN_POINT('',(7.,19.,-19.));
#5048=CARTESIAN_POINT('Origin',(7.,17.,-17.));
#5049=CARTESIAN_POINT('Origin',(0.5,-18.5,9.49999999999999));
#5050=CARTESIAN_POINT('',(1.,-19.,17.));
#5051=CARTESIAN_POINT('',(0.,-18.,17.));
#5052=CARTESIAN_POINT('',(1.,-19.,17.));
#5053=CARTESIAN_POINT('',(0.,-18.,-17.));
#5054=CARTESIAN_POINT('',(0.,-18.,9.49999999999999));
#5055=CARTESIAN_POINT('',(1.,-19.,-17.));
#5056=CARTESIAN_POINT('',(0.,-18.,-17.));
#5057=CARTESIAN_POINT('',(1.,-19.,9.49999999999999));
#5058=CARTESIAN_POINT('Origin',(0.5,-17.,17.));
#5059=CARTESIAN_POINT('',(1.,-17.,19.));
#5060=CARTESIAN_POINT('Origin',(1.,-17.,17.));
#5061=CARTESIAN_POINT('',(0.,-17.,18.));
#5062=CARTESIAN_POINT('',(1.,-17.,19.));
#5063=CARTESIAN_POINT('Origin',(0.,-17.,17.));
#5064=CARTESIAN_POINT('Origin',(0.5,9.5,18.5));
#5065=CARTESIAN_POINT('',(1.,17.,19.));
#5066=CARTESIAN_POINT('',(0.,17.,18.));
#5067=CARTESIAN_POINT('',(1.,17.,19.));
#5068=CARTESIAN_POINT('',(0.,9.5,18.));
#5069=CARTESIAN_POINT('',(1.,9.5,19.));
#5070=CARTESIAN_POINT('Origin',(0.5,17.,17.));
#5071=CARTESIAN_POINT('',(1.,19.,17.));
#5072=CARTESIAN_POINT('Origin',(1.,17.,17.));
#5073=CARTESIAN_POINT('',(0.,18.,17.));
#5074=CARTESIAN_POINT('',(1.,19.,17.));
#5075=CARTESIAN_POINT('Origin',(0.,17.,17.));
#5076=CARTESIAN_POINT('Origin',(0.5,18.5,-9.5));
#5077=CARTESIAN_POINT('',(1.,19.,-17.));
#5078=CARTESIAN_POINT('',(0.,18.,-17.));
#5079=CARTESIAN_POINT('',(1.,19.,-17.));
#5080=CARTESIAN_POINT('',(0.,18.,-9.5));
#5081=CARTESIAN_POINT('',(1.,19.,-9.5));
#5082=CARTESIAN_POINT('Origin',(0.5,17.,-17.));
#5083=CARTESIAN_POINT('',(1.,17.,-19.));
#5084=CARTESIAN_POINT('Origin',(1.,17.,-17.));
#5085=CARTESIAN_POINT('',(0.,17.,-18.));
#5086=CARTESIAN_POINT('',(1.,17.,-19.));
#5087=CARTESIAN_POINT('Origin',(0.,17.,-17.));
#5088=CARTESIAN_POINT('Origin',(0.5,-9.5,-18.5));
#5089=CARTESIAN_POINT('',(1.,-17.,-19.));
#5090=CARTESIAN_POINT('',(0.,-17.,-18.));
#5091=CARTESIAN_POINT('',(1.,-17.,-19.));
#5092=CARTESIAN_POINT('',(0.,-9.5,-18.));
#5093=CARTESIAN_POINT('',(1.,-9.5,-19.));
#5094=CARTESIAN_POINT('Origin',(0.5,-17.,-17.));
#5095=CARTESIAN_POINT('Origin',(1.,-17.,-17.));
#5096=CARTESIAN_POINT('Origin',(0.,-17.,-17.));
#5097=CARTESIAN_POINT('Origin',(0.,17.,17.));
#5098=CARTESIAN_POINT('',(0.,17.,19.));
#5099=CARTESIAN_POINT('',(0.,19.,17.));
#5100=CARTESIAN_POINT('Origin',(0.,19.,19.));
#5101=CARTESIAN_POINT('',(0.,-17.,19.));
#5102=CARTESIAN_POINT('Origin',(0.,-17.,17.));
#5103=CARTESIAN_POINT('',(0.,-19.,17.));
#5104=CARTESIAN_POINT('Origin',(0.,-19.,19.));
#5105=CARTESIAN_POINT('',(0.,-19.,-17.));
#5106=CARTESIAN_POINT('Origin',(0.,0.,-4.44089209850063E-15));
#5107=CARTESIAN_POINT('Origin',(25.5,17.0235498012183,11.4));
#5108=CARTESIAN_POINT('Origin',(7.,-17.,-17.));
#5109=CARTESIAN_POINT('Origin',(7.,17.,-17.));
#5110=CARTESIAN_POINT('',(16.,21.,-17.));
#5111=CARTESIAN_POINT('',(7.,21.,-17.));
#5112=CARTESIAN_POINT('Origin',(16.,17.,-17.));
#5113=CARTESIAN_POINT('Origin',(7.,21.,-21.));
#5114=CARTESIAN_POINT('',(16.,21.,-14.));
#5115=CARTESIAN_POINT('Origin',(0.,-17.,-17.));
#5116=CARTESIAN_POINT('',(0.,-17.,-19.));
#5117=CARTESIAN_POINT('Origin',(0.,17.,-17.));
#5118=CARTESIAN_POINT('',(0.,19.,-17.));
#5119=CARTESIAN_POINT('',(0.,17.,-19.));
#5120=CARTESIAN_POINT('Origin',(0.,19.,-19.));
#5121=CARTESIAN_POINT('Origin',(16.,32.5,-13.5));
#5122=CARTESIAN_POINT('Origin',(16.,-32.5,-13.5));
#5123=CARTESIAN_POINT('',(19.,-32.,-13.));
#5124=CARTESIAN_POINT('',(16.,-32.,-13.));
#5125=CARTESIAN_POINT('',(19.,-29.5,-10.5));
#5126=CARTESIAN_POINT('Origin',(16.,-33.,-13.));
#5127=CARTESIAN_POINT('',(19.,-30.,-13.));
#5128=CARTESIAN_POINT('',(39.5,-23.9792740578363,-13.));
#5129=CARTESIAN_POINT('',(30.8905444566228,-19.0086025822913,-13.));
#5130=CARTESIAN_POINT('',(39.5,-28.0207259421637,-13.));
#5131=CARTESIAN_POINT('',(39.5,-28.4896370289182,-13.));
#5132=CARTESIAN_POINT('',(36.,-30.0414518843274,-13.));
#5133=CARTESIAN_POINT('',(29.6094555433772,-33.7310344466268,-13.));
#5134=CARTESIAN_POINT('',(32.5,-28.0207259421637,-13.));
#5135=CARTESIAN_POINT('',(29.1405444566228,-26.0811433798643,-13.));
#5136=CARTESIAN_POINT('',(32.5,-23.9792740578363,-13.));
#5137=CARTESIAN_POINT('',(32.5,-30.5103629710819,-13.));
#5138=CARTESIAN_POINT('',(24.3594555433772,-28.6792195912176,-13.));
#5139=CARTESIAN_POINT('',(27.5,-23.9792740578363,-13.));
#5140=CARTESIAN_POINT('',(23.3905444566228,-21.6066787936447,-13.));
#5141=CARTESIAN_POINT('',(27.5,-28.0207259421637,-13.));
#5142=CARTESIAN_POINT('',(27.5,-28.4896370289182,-13.));
#5143=CARTESIAN_POINT('',(24.,-30.0414518843274,-13.));
#5144=CARTESIAN_POINT('',(22.1094555433772,-31.1329582352735,-13.));
#5145=CARTESIAN_POINT('',(20.5,-28.0207259421637,-13.));
#5146=CARTESIAN_POINT('',(21.6405444566228,-28.6792195912176,-13.));
#5147=CARTESIAN_POINT('',(20.5,-23.9792740578363,-13.));
#5148=CARTESIAN_POINT('',(20.5,-30.5103629710818,-13.));
#5149=CARTESIAN_POINT('',(16.8594555433772,-26.0811433798643,-13.));
#5150=CARTESIAN_POINT('Origin',(44.,8.,13.5));
#5151=CARTESIAN_POINT('',(38.,9.,14.5));
#5152=CARTESIAN_POINT('',(44.,9.,14.5));
#5153=CARTESIAN_POINT('',(38.,7.,12.5));
#5154=CARTESIAN_POINT('',(38.,6.8125,12.3125));
#5155=CARTESIAN_POINT('',(44.,7.,12.5));
#5156=CARTESIAN_POINT('Origin',(44.,9.,12.5));
#5157=CARTESIAN_POINT('',(38.,-7.,12.5));
#5158=CARTESIAN_POINT('',(38.,-4.5,12.5));
#5159=CARTESIAN_POINT('',(44.,-7.,12.5));
#5160=CARTESIAN_POINT('Origin',(44.,-8.,13.5));
#5161=CARTESIAN_POINT('',(38.,-9.,14.5));
#5162=CARTESIAN_POINT('',(38.,-6.8125,12.3125));
#5163=CARTESIAN_POINT('',(44.,-9.,14.5));
#5164=CARTESIAN_POINT('Origin',(44.,-9.,12.5));
#5165=CARTESIAN_POINT('',(38.,-9.,19.5));
#5166=CARTESIAN_POINT('',(38.,-9.,18.875));
#5167=CARTESIAN_POINT('',(25.5,-9.,19.5));
#5168=CARTESIAN_POINT('Origin',(25.5,9.75,20.25));
#5169=CARTESIAN_POINT('',(38.,9.,19.5));
#5170=CARTESIAN_POINT('',(36.5,10.5,21.));
#5171=CARTESIAN_POINT('',(25.5,9.,19.5));
#5172=CARTESIAN_POINT('Origin',(25.5,-9.75,20.25));
#5173=CARTESIAN_POINT('',(38.,-9.,19.5));
#5174=CARTESIAN_POINT('Origin',(37.25,10.5,20.25));
#5175=CARTESIAN_POINT('',(38.,10.5,19.5));
#5176=CARTESIAN_POINT('Origin',(38.,-1.11022302462516E-15,16.75));
#5177=CARTESIAN_POINT('',(38.,9.,14.625));
#5178=CARTESIAN_POINT('Origin',(24.,30.0414518843274,-13.));
#5179=CARTESIAN_POINT('',(20.5,28.0207259421637,-16.));
#5180=CARTESIAN_POINT('',(20.5,28.0207259421637,-13.));
#5181=CARTESIAN_POINT('',(24.,30.0414518843274,-16.));
#5182=CARTESIAN_POINT('',(25.375,30.8353085044631,-16.));
#5183=CARTESIAN_POINT('',(24.,30.0414518843274,-13.));
#5184=CARTESIAN_POINT('Origin',(27.5,28.0207259421637,-13.));
#5185=CARTESIAN_POINT('',(27.5,28.0207259421637,-16.));
#5186=CARTESIAN_POINT('',(28.875,27.226869322028,-16.));
#5187=CARTESIAN_POINT('',(27.5,28.0207259421637,-13.));
#5188=CARTESIAN_POINT('Origin',(27.5,23.9792740578363,-13.));
#5189=CARTESIAN_POINT('',(27.5,23.9792740578363,-16.));
#5190=CARTESIAN_POINT('',(27.5,24.9896370289182,-16.));
#5191=CARTESIAN_POINT('',(27.5,23.9792740578363,-13.));
#5192=CARTESIAN_POINT('Origin',(24.,21.9585481156726,-13.));
#5193=CARTESIAN_POINT('',(24.,21.9585481156726,-16.));
#5194=CARTESIAN_POINT('',(27.125,23.7627677068902,-16.));
#5195=CARTESIAN_POINT('',(24.,21.9585481156726,-13.));
#5196=CARTESIAN_POINT('Origin',(20.5,23.9792740578363,-13.));
#5197=CARTESIAN_POINT('',(20.5,23.9792740578363,-16.));
#5198=CARTESIAN_POINT('',(23.625,22.1750544666187,-16.));
#5199=CARTESIAN_POINT('',(20.5,23.9792740578363,-13.));
#5200=CARTESIAN_POINT('Origin',(20.5,28.0207259421637,-13.));
#5201=CARTESIAN_POINT('',(20.5,27.0103629710818,-16.));
#5202=CARTESIAN_POINT('Origin',(30.,26.,-16.));
#5203=CARTESIAN_POINT('',(21.75,26.,-16.));
#5204=CARTESIAN_POINT('Origin',(24.,26.,-16.));
#5205=CARTESIAN_POINT('Origin',(36.,30.0414518843274,-13.));
#5206=CARTESIAN_POINT('',(32.5,28.0207259421637,-16.));
#5207=CARTESIAN_POINT('',(32.5,28.0207259421637,-13.));
#5208=CARTESIAN_POINT('',(36.,30.0414518843274,-16.));
#5209=CARTESIAN_POINT('',(32.875,28.2372322931098,-16.));
#5210=CARTESIAN_POINT('',(36.,30.0414518843274,-13.));
#5211=CARTESIAN_POINT('Origin',(39.5,28.0207259421637,-13.));
#5212=CARTESIAN_POINT('',(39.5,28.0207259421637,-16.));
#5213=CARTESIAN_POINT('',(36.375,29.8249455333813,-16.));
#5214=CARTESIAN_POINT('',(39.5,28.0207259421637,-13.));
#5215=CARTESIAN_POINT('Origin',(39.5,23.9792740578363,-13.));
#5216=CARTESIAN_POINT('',(39.5,23.9792740578363,-16.));
#5217=CARTESIAN_POINT('',(39.5,24.9896370289182,-16.));
#5218=CARTESIAN_POINT('',(39.5,23.9792740578363,-13.));
#5219=CARTESIAN_POINT('Origin',(36.,21.9585481156726,-13.));
#5220=CARTESIAN_POINT('',(36.,21.9585481156726,-16.));
#5221=CARTESIAN_POINT('',(34.625,21.1646914955369,-16.));
#5222=CARTESIAN_POINT('',(36.,21.9585481156726,-13.));
#5223=CARTESIAN_POINT('Origin',(32.5,23.9792740578363,-13.));
#5224=CARTESIAN_POINT('',(32.5,23.9792740578363,-16.));
#5225=CARTESIAN_POINT('',(31.125,24.773130677972,-16.));
#5226=CARTESIAN_POINT('',(32.5,23.9792740578363,-13.));
#5227=CARTESIAN_POINT('Origin',(32.5,28.0207259421637,-13.));
#5228=CARTESIAN_POINT('',(32.5,27.0103629710818,-16.));
#5229=CARTESIAN_POINT('Origin',(30.,26.,-16.));
#5230=CARTESIAN_POINT('',(33.75,26.,-16.));
#5231=CARTESIAN_POINT('Origin',(36.,26.,-16.));
#5232=CARTESIAN_POINT('Origin',(24.,26.,0.));
#5233=CARTESIAN_POINT('',(21.75,26.,0.));
#5234=CARTESIAN_POINT('Origin',(36.,26.,0.));
#5235=CARTESIAN_POINT('',(33.75,26.,0.));
#5236=CARTESIAN_POINT('Origin',(36.,-30.0414518843274,-13.));
#5237=CARTESIAN_POINT('',(36.,-30.0414518843274,-16.));
#5238=CARTESIAN_POINT('',(36.,-30.0414518843274,-13.));
#5239=CARTESIAN_POINT('',(32.5,-28.0207259421637,-16.));
#5240=CARTESIAN_POINT('',(32.875,-28.2372322931098,-16.));
#5241=CARTESIAN_POINT('',(32.5,-28.0207259421637,-13.));
#5242=CARTESIAN_POINT('Origin',(39.5,-28.0207259421637,-13.));
#5243=CARTESIAN_POINT('',(39.5,-28.0207259421637,-16.));
#5244=CARTESIAN_POINT('',(39.5,-28.0207259421637,-13.));
#5245=CARTESIAN_POINT('',(36.375,-29.8249455333813,-16.));
#5246=CARTESIAN_POINT('Origin',(39.5,-23.9792740578363,-13.));
#5247=CARTESIAN_POINT('',(39.5,-23.9792740578363,-16.));
#5248=CARTESIAN_POINT('',(39.5,-23.9792740578363,-13.));
#5249=CARTESIAN_POINT('',(39.5,-24.9896370289182,-16.));
#5250=CARTESIAN_POINT('Origin',(36.,-21.9585481156726,-13.));
#5251=CARTESIAN_POINT('',(36.,-21.9585481156726,-16.));
#5252=CARTESIAN_POINT('',(36.,-21.9585481156726,-13.));
#5253=CARTESIAN_POINT('',(34.625,-21.1646914955369,-16.));
#5254=CARTESIAN_POINT('Origin',(32.5,-23.9792740578363,-13.));
#5255=CARTESIAN_POINT('',(32.5,-23.9792740578363,-16.));
#5256=CARTESIAN_POINT('',(32.5,-23.9792740578363,-13.));
#5257=CARTESIAN_POINT('',(31.125,-24.773130677972,-16.));
#5258=CARTESIAN_POINT('Origin',(32.5,-28.0207259421637,-13.));
#5259=CARTESIAN_POINT('',(32.5,-27.0103629710818,-16.));
#5260=CARTESIAN_POINT('Origin',(30.,-26.,-16.));
#5261=CARTESIAN_POINT('',(33.75,-26.,-16.));
#5262=CARTESIAN_POINT('Origin',(36.,-26.,-16.));
#5263=CARTESIAN_POINT('Origin',(24.,-30.0414518843274,-13.));
#5264=CARTESIAN_POINT('',(24.,-30.0414518843274,-16.));
#5265=CARTESIAN_POINT('',(24.,-30.0414518843274,-13.));
#5266=CARTESIAN_POINT('',(20.5,-28.0207259421637,-16.));
#5267=CARTESIAN_POINT('',(25.375,-30.8353085044631,-16.));
#5268=CARTESIAN_POINT('',(20.5,-28.0207259421637,-13.));
#5269=CARTESIAN_POINT('Origin',(27.5,-28.0207259421637,-13.));
#5270=CARTESIAN_POINT('',(27.5,-28.0207259421637,-16.));
#5271=CARTESIAN_POINT('',(27.5,-28.0207259421637,-13.));
#5272=CARTESIAN_POINT('',(28.875,-27.226869322028,-16.));
#5273=CARTESIAN_POINT('Origin',(27.5,-23.9792740578363,-13.));
#5274=CARTESIAN_POINT('',(27.5,-23.9792740578363,-16.));
#5275=CARTESIAN_POINT('',(27.5,-23.9792740578363,-13.));
#5276=CARTESIAN_POINT('',(27.5,-24.9896370289182,-16.));
#5277=CARTESIAN_POINT('Origin',(24.,-21.9585481156726,-13.));
#5278=CARTESIAN_POINT('',(24.,-21.9585481156726,-16.));
#5279=CARTESIAN_POINT('',(24.,-21.9585481156726,-13.));
#5280=CARTESIAN_POINT('',(27.125,-23.7627677068902,-16.));
#5281=CARTESIAN_POINT('Origin',(20.5,-23.9792740578363,-13.));
#5282=CARTESIAN_POINT('',(20.5,-23.9792740578363,-16.));
#5283=CARTESIAN_POINT('',(20.5,-23.9792740578363,-13.));
#5284=CARTESIAN_POINT('',(23.625,-22.1750544666187,-16.));
#5285=CARTESIAN_POINT('Origin',(20.5,-28.0207259421637,-13.));
#5286=CARTESIAN_POINT('',(20.5,-27.0103629710818,-16.));
#5287=CARTESIAN_POINT('Origin',(30.,-26.,-16.));
#5288=CARTESIAN_POINT('',(21.75,-26.,-16.));
#5289=CARTESIAN_POINT('Origin',(24.,-26.,-16.));
#5290=CARTESIAN_POINT('Origin',(36.,-26.,0.));
#5291=CARTESIAN_POINT('',(33.75,-26.,0.));
#5292=CARTESIAN_POINT('Origin',(24.,-26.,0.));
#5293=CARTESIAN_POINT('',(21.75,-26.,0.));
#5294=CARTESIAN_POINT('Origin',(44.,9.,21.));
#5295=CARTESIAN_POINT('Origin',(45.,-3.15,2.46525860712421));
#5296=CARTESIAN_POINT('',(45.,-3.15,-2.46525860712421));
#5297=CARTESIAN_POINT('',(45.,-3.15,2.46525860712421));
#5298=CARTESIAN_POINT('',(45.,-3.15,1.23262930356211));
#5299=CARTESIAN_POINT('',(45.6,-3.15,-2.46525860712421));
#5300=CARTESIAN_POINT('',(45.,-3.15,-2.46525860712421));
#5301=CARTESIAN_POINT('',(76.,-3.15,-2.46525860712421));
#5302=CARTESIAN_POINT('',(45.,-3.15,-2.46525860712421));
#5303=CARTESIAN_POINT('',(76.,-3.15,2.46525860712421));
#5304=CARTESIAN_POINT('',(76.,-3.15,1.23262930356211));
#5305=CARTESIAN_POINT('',(45.6,-3.15,2.46525860712421));
#5306=CARTESIAN_POINT('',(45.,-3.15,2.46525860712421));
#5307=CARTESIAN_POINT('',(45.,-3.15,2.46525860712421));
#5308=CARTESIAN_POINT('Origin',(45.,0.,0.));
#5309=CARTESIAN_POINT('Origin',(45.6,0.,0.));
#5310=CARTESIAN_POINT('Origin',(76.,0.,0.));
#5311=CARTESIAN_POINT('Origin',(76.,0.425,0.));
#5312=CARTESIAN_POINT('Origin',(45.,0.,0.));
#5313=CARTESIAN_POINT('Origin',(45.6,0.,0.));
#5314=CARTESIAN_POINT('Origin',(45.,0.,0.));
#5315=CARTESIAN_POINT('Origin',(45.,0.,0.));
#5316=CARTESIAN_POINT('',(45.6,-7.,8.57252759403147E-16));
#5317=CARTESIAN_POINT('Origin',(45.6,0.,0.));
#5318=CARTESIAN_POINT('',(45.,-7.,8.57252759403147E-16));
#5319=CARTESIAN_POINT('',(45.,-7.,-8.57252759403147E-16));
#5320=CARTESIAN_POINT('Origin',(45.,0.,0.));
#5321=CARTESIAN_POINT('Origin',(45.6,0.,0.));
#5322=CARTESIAN_POINT('Origin',(45.,0.,0.));
#5323=CARTESIAN_POINT('',(45.,-12.,1.46957615897682E-15));
#5324=CARTESIAN_POINT('Origin',(45.,0.,0.));
#5325=CARTESIAN_POINT('Origin',(44.,0.,0.));
#5326=CARTESIAN_POINT('',(44.,-12.,-1.46957615897682E-15));
#5327=CARTESIAN_POINT('Origin',(45.,0.,0.));
#5328=CARTESIAN_POINT('Origin',(44.,-26.,-6.));
#5329=CARTESIAN_POINT('',(44.,-23.5,-6.));
#5330=CARTESIAN_POINT('Origin',(44.,-26.,6.));
#5331=CARTESIAN_POINT('',(44.,-23.5,6.));
#5332=CARTESIAN_POINT('Origin',(19.,-27.,-7.));
#5333=CARTESIAN_POINT('Origin',(44.,26.,-6.));
#5334=CARTESIAN_POINT('',(44.,23.5,-6.));
#5335=CARTESIAN_POINT('Origin',(44.,26.,6.));
#5336=CARTESIAN_POINT('',(44.,23.5,6.));
#5337=CARTESIAN_POINT('Origin',(16.,27.,-17.));
#5338=CARTESIAN_POINT('Origin',(0.,-19.,-19.));
#5339=CARTESIAN_POINT('',(0.,0.,0.));
#5340=CARTESIAN_POINT('',(0.,0.,0.));
#5341=UNCERTAINTY_MEASURE_WITH_UNIT(LENGTH_MEASURE(0.01),#5349,
'DISTANCE_ACCURACY_VALUE',
'Maximum model space distance between geometric entities at asserted c
onnectivities');
#5342=UNCERTAINTY_MEASURE_WITH_UNIT(LENGTH_MEASURE(0.01),#5349,
'DISTANCE_ACCURACY_VALUE',
'Maximum model space distance between geometric entities at asserted c
onnectivities');
#5343=UNCERTAINTY_MEASURE_WITH_UNIT(LENGTH_MEASURE(0.01),#5349,
'DISTANCE_ACCURACY_VALUE',
'Maximum model space distance between geometric entities at asserted c
onnectivities');
#5344=UNCERTAINTY_MEASURE_WITH_UNIT(LENGTH_MEASURE(0.01),#5349,
'DISTANCE_ACCURACY_VALUE',
'Maximum model space distance between geometric entities at asserted c
onnectivities');
#5345=(
GEOMETRIC_REPRESENTATION_CONTEXT(3)
GLOBAL_UNCERTAINTY_ASSIGNED_CONTEXT((#5341))
GLOBAL_UNIT_ASSIGNED_CONTEXT((#5349,#5351,#5352))
REPRESENTATION_CONTEXT('','3D')
);
#5346=(
GEOMETRIC_REPRESENTATION_CONTEXT(3)
GLOBAL_UNCERTAINTY_ASSIGNED_CONTEXT((#5342))
GLOBAL_UNIT_ASSIGNED_CONTEXT((#5349,#5351,#5352))
REPRESENTATION_CONTEXT('','3D')
);
#5347=(
GEOMETRIC_REPRESENTATION_CONTEXT(3)
GLOBAL_UNCERTAINTY_ASSIGNED_CONTEXT((#5343))
GLOBAL_UNIT_ASSIGNED_CONTEXT((#5349,#5351,#5352))
REPRESENTATION_CONTEXT('','3D')
);
#5348=(
GEOMETRIC_REPRESENTATION_CONTEXT(3)
GLOBAL_UNCERTAINTY_ASSIGNED_CONTEXT((#5344))
GLOBAL_UNIT_ASSIGNED_CONTEXT((#5349,#5351,#5352))
REPRESENTATION_CONTEXT('','3D')
);
#5349=(
LENGTH_UNIT()
NAMED_UNIT(*)
SI_UNIT(.MILLI.,.METRE.)
);
#5350=(
LENGTH_UNIT()
NAMED_UNIT(*)
SI_UNIT($,.METRE.)
);
#5351=(
NAMED_UNIT(*)
PLANE_ANGLE_UNIT()
SI_UNIT($,.RADIAN.)
);
#5352=(
NAMED_UNIT(*)
SI_UNIT($,.STERADIAN.)
SOLID_ANGLE_UNIT()
);
#5353=SHAPE_DEFINITION_REPRESENTATION(#5356,#5361);
#5354=SHAPE_DEFINITION_REPRESENTATION(#5357,#5362);
#5355=SHAPE_DEFINITION_REPRESENTATION(#5358,#5363);
#5356=PRODUCT_DEFINITION_SHAPE('',$,#5365);
#5357=PRODUCT_DEFINITION_SHAPE('',$,#5366);
#5358=PRODUCT_DEFINITION_SHAPE('',$,#5367);
#5359=PRODUCT_DEFINITION_SHAPE($,$,#17);
#5360=PRODUCT_DEFINITION_SHAPE($,$,#18);
#5361=SHAPE_REPRESENTATION('',(#3235,#3503,#3504),#5345);
#5362=SHAPE_REPRESENTATION('',(#3236),#5346);
#5363=SHAPE_REPRESENTATION('',(#3286),#5347);
#5364=PRODUCT_DEFINITION_CONTEXT('part definition',#5375,'design');
#5365=PRODUCT_DEFINITION('DC90 Geared Motor (A)',
'DC90 Geared Motor (A) v2',#5368,#5364);
#5366=PRODUCT_DEFINITION('DC90 Motor - 90kg.cm 200W 18V',
'DC90 Motor - 90kg.cm 200W 18V',#5369,#5364);
#5367=PRODUCT_DEFINITION('Gear Train 36:1','Gear Train 36:1',#5370,#5364);
#5368=PRODUCT_DEFINITION_FORMATION('',$,#5377);
#5369=PRODUCT_DEFINITION_FORMATION('',$,#5378);
#5370=PRODUCT_DEFINITION_FORMATION('',$,#5379);
#5371=PRODUCT_RELATED_PRODUCT_CATEGORY('DC90 Geared Motor (A) v2',
'DC90 Geared Motor (A) v2',(#5377));
#5372=PRODUCT_RELATED_PRODUCT_CATEGORY('DC90 Motor - 90kg.cm 200W 18V',
'DC90 Motor - 90kg.cm 200W 18V',(#5378));
#5373=PRODUCT_RELATED_PRODUCT_CATEGORY('Gear Train 36:1',
'Gear Train 36:1',(#5379));
#5374=APPLICATION_PROTOCOL_DEFINITION('international standard',
'automotive_design',2009,#5375);
#5375=APPLICATION_CONTEXT(
'Core Data for Automotive Mechanical Design Process');
#5376=PRODUCT_CONTEXT('part definition',#5375,'mechanical');
#5377=PRODUCT('DC90 Geared Motor (A)','DC90 Geared Motor (A) v2',$,(#5376));
#5378=PRODUCT('DC90 Motor - 90kg.cm 200W 18V',
'DC90 Motor - 90kg.cm 200W 18V',$,(#5376));
#5379=PRODUCT('Gear Train 36:1','Gear Train 36:1',$,(#5376));
#5380=PRESENTATION_STYLE_ASSIGNMENT((#5381));
#5381=SURFACE_STYLE_USAGE(.BOTH.,#5382);
#5382=SURFACE_SIDE_STYLE('',(#5383));
#5383=SURFACE_STYLE_FILL_AREA(#5384);
#5384=FILL_AREA_STYLE('Steel - Satin',(#5385));
#5385=FILL_AREA_STYLE_COLOUR('Steel - Satin',#5386);
#5386=COLOUR_RGB('Steel - Satin',0.627450980392157,0.627450980392157,0.627450980392157);
ENDSEC;
END-ISO-10303-21;
