ISO-10303-21;
HEADER;
/* Generated by software containing ST-Developer
 * from STEP Tools, Inc. (www.steptools.com) 
 */

FILE_DESCRIPTION(
/* description */ (''),
/* implementation_level */ '2;1');

FILE_NAME(
/* name */ 
'Worm Gear Motor - 12-24V for Garage + Gate Doors (A) v2.step',
/* time_stamp */ '2026-07-26T14:45:32-06:00',
/* author */ (''),
/* organization */ (''),
/* preprocessor_version */ 'ST-DEVELOPER v20.1',
/* originating_system */ 'Autodesk Translation Framework v15.8.0.0',
/* authorisation */ '');

FILE_SCHEMA (('AUTOMOTIVE_DESIGN { 1 0 10303 214 3 1 1 }'));
ENDSEC;

DATA;
#10=MECHANICAL_DESIGN_GEOMETRIC_PRESENTATION_REPRESENTATION('',(#13),#6301);
#11=SHAPE_REPRESENTATION_RELATIONSHIP('SRR','None',#6308,#12);
#12=ADVANCED_BREP_SHAPE_REPRESENTATION('',(#14),#6300);
#13=STYLED_ITEM('',(#6317),#14);
#14=MANIFOLD_SOLID_BREP('Body1',#3450);
#15=(
BOUNDED_CURVE()
B_SPLINE_CURVE(2,(#5872,#5873,#5874),.UNSPECIFIED.,.F.,.F.)
B_SPLINE_CURVE_WITH_KNOTS((3,3),(0.373030646751415,1.99808362267256),
 .UNSPECIFIED.)
CURVE()
GEOMETRIC_REPRESENTATION_ITEM()
RATIONAL_B_SPLINE_CURVE((1.01304686713648,1.03494180944595,1.))
REPRESENTATION_ITEM('')
);
#16=(
BOUNDED_CURVE()
B_SPLINE_CURVE(2,(#5877,#5878,#5879),.UNSPECIFIED.,.F.,.F.)
B_SPLINE_CURVE_WITH_KNOTS((3,3),(0.,1.62505297592124),.UNSPECIFIED.)
CURVE()
GEOMETRIC_REPRESENTATION_ITEM()
RATIONAL_B_SPLINE_CURVE((1.,1.03494180944638,1.01304686713663))
REPRESENTATION_ITEM('')
);
#17=(
BOUNDED_CURVE()
B_SPLINE_CURVE(2,(#5888,#5889,#5890),.UNSPECIFIED.,.F.,.F.)
B_SPLINE_CURVE_WITH_KNOTS((3,3),(0.373030646719485,1.99808362267256),
 .UNSPECIFIED.)
CURVE()
GEOMETRIC_REPRESENTATION_ITEM()
RATIONAL_B_SPLINE_CURVE((1.01304686715131,1.03494180948867,1.))
REPRESENTATION_ITEM('')
);
#18=(
BOUNDED_CURVE()
B_SPLINE_CURVE(2,(#5895,#5896,#5897),.UNSPECIFIED.,.F.,.F.)
B_SPLINE_CURVE_WITH_KNOTS((3,3),(0.,1.62505297595308),.UNSPECIFIED.)
CURVE()
GEOMETRIC_REPRESENTATION_ITEM()
RATIONAL_B_SPLINE_CURVE((1.,1.0349418094887,1.01304686715132))
REPRESENTATION_ITEM('')
);
#19=CONICAL_SURFACE('',#3701,17.25,0.551654982528547);
#20=CONICAL_SURFACE('',#3704,17.25,0.551654982528547);
#21=ELLIPSE('',#3682,33.,16.5);
#22=(
BOUNDED_SURFACE()
B_SPLINE_SURFACE(2,2,((#5693,#5694,#5695,#5696,#5697,#5698,#5699,#5700,
#5701),(#5702,#5703,#5704,#5705,#5706,#5707,#5708,#5709,#5710),(#5711,#5712,
#5713,#5714,#5715,#5716,#5717,#5718,#5719)),.UNSPECIFIED.,.F.,.T.,.F.)
B_SPLINE_SURFACE_WITH_KNOTS((3,3),(3,2,2,2,3),(0.,1.5707963267949),(-3.14159265358979,
-1.5707963267949,0.,1.5707963267949,3.14159265358979),.UNSPECIFIED.)
GEOMETRIC_REPRESENTATION_ITEM()
RATIONAL_B_SPLINE_SURFACE(((1.,0.707106781186548,1.,0.707106781186548,1.,
0.707106781186548,1.,0.707106781186548,1.),(0.707106781186542,0.499999999999996,
0.707106781186542,0.499999999999996,0.707106781186542,0.499999999999996,
0.707106781186542,0.499999999999996,0.707106781186542),(1.,0.707106781186548,
1.,0.707106781186548,1.,0.707106781186548,1.,0.707106781186548,1.)))
REPRESENTATION_ITEM('')
SURFACE()
);
#23=(
BOUNDED_SURFACE()
B_SPLINE_SURFACE(2,2,((#5730,#5731,#5732,#5733,#5734,#5735,#5736,#5737,
#5738),(#5739,#5740,#5741,#5742,#5743,#5744,#5745,#5746,#5747),(#5748,#5749,
#5750,#5751,#5752,#5753,#5754,#5755,#5756)),.UNSPECIFIED.,.F.,.T.,.F.)
B_SPLINE_SURFACE_WITH_KNOTS((3,3),(3,2,2,2,3),(0.,1.5707963267949),(-3.14159265358979,
-1.5707963267949,0.,1.5707963267949,3.14159265358979),.UNSPECIFIED.)
GEOMETRIC_REPRESENTATION_ITEM()
RATIONAL_B_SPLINE_SURFACE(((1.,0.707106781186548,1.,0.707106781186548,1.,
0.707106781186548,1.,0.707106781186548,1.),(0.707106781186549,0.500000000000001,
0.707106781186549,0.500000000000001,0.707106781186549,0.500000000000001,
0.707106781186549,0.500000000000001,0.707106781186549),(1.,0.707106781186548,
1.,0.707106781186548,1.,0.707106781186548,1.,0.707106781186548,1.)))
REPRESENTATION_ITEM('')
SURFACE()
);
#24=B_SPLINE_SURFACE_WITH_KNOTS('',3,3,((#5351,#5352,#5353,#5354,#5355,
#5356,#5357,#5358,#5359,#5360),(#5361,#5362,#5363,#5364,#5365,#5366,#5367,
#5368,#5369,#5370),(#5371,#5372,#5373,#5374,#5375,#5376,#5377,#5378,#5379,
#5380),(#5381,#5382,#5383,#5384,#5385,#5386,#5387,#5388,#5389,#5390),(#5391,
#5392,#5393,#5394,#5395,#5396,#5397,#5398,#5399,#5400)),.UNSPECIFIED.,.F.,
 .F.,.F.,(4,1,4),(4,1,1,1,1,1,1,4),(0.,0.571428571428571,1.),(-1.58912816358565,
-1.58204224946866,-1.57495633535168,-1.5607845071177,-1.53244085064976,
-1.41906622477798,-1.3056915989062,-1.19231697303442),.UNSPECIFIED.);
#25=FACE_BOUND('',#357,.T.);
#26=FACE_BOUND('',#358,.T.);
#27=FACE_BOUND('',#359,.T.);
#28=FACE_BOUND('',#426,.T.);
#29=FACE_BOUND('',#427,.T.);
#30=FACE_BOUND('',#428,.T.);
#31=FACE_BOUND('',#439,.T.);
#32=FACE_BOUND('',#454,.T.);
#33=FACE_BOUND('',#456,.T.);
#34=FACE_BOUND('',#458,.T.);
#35=FACE_BOUND('',#463,.T.);
#36=FACE_BOUND('',#466,.T.);
#37=FACE_BOUND('',#468,.T.);
#38=FACE_BOUND('',#479,.T.);
#39=FACE_BOUND('',#484,.T.);
#40=FACE_BOUND('',#488,.T.);
#41=B_SPLINE_CURVE_WITH_KNOTS('',3,(#5080,#5081,#5082,#5083,#5084,#5085,
#5086,#5087,#5088,#5089),.UNSPECIFIED.,.F.,.F.,(4,2,2,2,4),(0.473961712928703,
0.517339482641361,0.558019571110437,0.595841070070529,0.63149812309645),
 .UNSPECIFIED.);
#42=B_SPLINE_CURVE_WITH_KNOTS('',3,(#5172,#5173,#5174,#5175,#5176,#5177,
#5178,#5179,#5180,#5181),.UNSPECIFIED.,.F.,.F.,(4,2,2,2,4),(1.11135160467898,
1.20404285590206,1.29667742983674,1.38925314074024,1.48178390910194),
 .UNSPECIFIED.);
#43=B_SPLINE_CURVE_WITH_KNOTS('',3,(#5185,#5186,#5187,#5188,#5189,#5190,
#5191,#5192,#5193,#5194),.UNSPECIFIED.,.F.,.F.,(4,2,2,2,4),(1.48178390910194,
1.57431467746364,1.66689038836714,1.75952496230182,1.8522162135249),
 .UNSPECIFIED.);
#44=B_SPLINE_CURVE_WITH_KNOTS('',3,(#5204,#5205,#5206,#5207,#5208,#5209,
#5210,#5211,#5212,#5213),.UNSPECIFIED.,.F.,.F.,(4,2,2,2,4),(1.11135160467898,
1.20404285590206,1.29667742983673,1.38925314074024,1.48178390910194),
 .UNSPECIFIED.);
#45=B_SPLINE_CURVE_WITH_KNOTS('',3,(#5254,#5255,#5256,#5257,#5258,#5259,
#5260,#5261,#5262,#5263),.UNSPECIFIED.,.F.,.F.,(4,2,2,2,4),(1.48178390910194,
1.57431467746364,1.66689038836715,1.75952496230182,1.85221621352491),
 .UNSPECIFIED.);
#46=B_SPLINE_CURVE_WITH_KNOTS('',3,(#5267,#5268,#5269,#5270,#5271,#5272,
#5273,#5274,#5275,#5276),.UNSPECIFIED.,.F.,.F.,(4,2,2,2,4),(1.11135160467898,
1.20404285590206,1.29667742983674,1.38925314074024,1.48178390910194),
 .UNSPECIFIED.);
#47=B_SPLINE_CURVE_WITH_KNOTS('',3,(#5286,#5287,#5288,#5289,#5290,#5291,
#5292,#5293,#5294,#5295),.UNSPECIFIED.,.F.,.F.,(4,2,2,2,4),(1.11135160467898,
1.20404285590206,1.29667742983674,1.38925314074024,1.48178390910194),
 .UNSPECIFIED.);
#48=B_SPLINE_CURVE_WITH_KNOTS('',3,(#5340,#5341,#5342,#5343,#5344,#5345,
#5346,#5347,#5348,#5349),.UNSPECIFIED.,.F.,.F.,(4,2,2,2,4),(0.,0.0925307683617026,
0.185106479265205,0.277741053199878,0.370432304422964),.UNSPECIFIED.);
#49=B_SPLINE_CURVE_WITH_KNOTS('',3,(#5403,#5404,#5405,#5406),
 .UNSPECIFIED.,.F.,.F.,(4,4),(0.,0.0923857492473866),.UNSPECIFIED.);
#50=B_SPLINE_CURVE_WITH_KNOTS('',3,(#5407,#5408,#5409,#5410,#5411,#5412,
#5413,#5414,#5415,#5416),.UNSPECIFIED.,.F.,.F.,(4,1,1,1,1,1,1,4),(1.23145180886291,
1.3056915989062,1.41906622477798,1.53244085064976,1.5607845071177,1.57495633535168,
1.58204224946866,1.58912816358565),.UNSPECIFIED.);
#51=B_SPLINE_CURVE_WITH_KNOTS('',3,(#5418,#5419,#5420,#5421,#5422,#5423),
 .UNSPECIFIED.,.F.,.F.,(4,2,4),(1.18040556260996,1.21291796627675,1.21528211147554),
 .UNSPECIFIED.);
#52=B_SPLINE_CURVE_WITH_KNOTS('',3,(#5424,#5425,#5426,#5427,#5428,#5429,
#5430,#5431,#5432,#5433,#5434,#5435,#5436,#5437,#5438,#5439),
 .UNSPECIFIED.,.F.,.F.,(4,2,2,2,2,2,2,4),(0.0987953624820897,0.121712608810214,
0.17543787783374,0.23944925409321,0.282132907969816,0.309688787599248,0.316746879722017,
0.317225868674802),.UNSPECIFIED.);
#53=B_SPLINE_CURVE_WITH_KNOTS('',3,(#5463,#5464,#5465,#5466,#5467,#5468,
#5469,#5470,#5471,#5472,#5473,#5474),.UNSPECIFIED.,.F.,.F.,(4,2,2,2,2,4),
(0.340037095921625,0.39855509901133,0.581648175402825,0.80523202945918,
1.02959603734693,1.18040556260996),.UNSPECIFIED.);
#54=B_SPLINE_CURVE_WITH_KNOTS('',3,(#5481,#5482,#5483,#5484,#5485,#5486,
#5487,#5488,#5489,#5490),.UNSPECIFIED.,.F.,.F.,(4,2,2,2,4),(0.,0.0925307683617031,
0.185106479265205,0.277741053199877,0.370432304422964),.UNSPECIFIED.);
#55=B_SPLINE_CURVE_WITH_KNOTS('',3,(#5495,#5496,#5497,#5498,#5499,#5500,
#5501,#5502,#5503,#5504,#5505,#5506,#5507,#5508),.UNSPECIFIED.,.F.,.F.,
(4,2,2,2,2,2,4),(-0.834409997180177,-0.833616672933418,-0.767476799541243,
-0.702157958479077,-0.598848727263825,-0.505587753455454,-0.416808336459618),
 .UNSPECIFIED.);
#56=B_SPLINE_CURVE_WITH_KNOTS('',3,(#5672,#5673,#5674,#5675,#5676,#5677),
 .UNSPECIFIED.,.F.,.F.,(4,2,4),(0.,0.0364236896202196,0.0387059807322333),
 .UNSPECIFIED.);
#57=B_SPLINE_CURVE_WITH_KNOTS('',3,(#5687,#5688,#5689,#5690,#5691,#5692),
 .UNSPECIFIED.,.F.,.F.,(4,2,4),(2.92188603993975,3.30458023844485,3.37922128554748),
 .UNSPECIFIED.);
#58=TOROIDAL_SURFACE('',#3474,5.5,1.);
#59=TOROIDAL_SURFACE('',#3502,2.,1.);
#60=TOROIDAL_SURFACE('',#3509,2.,1.);
#61=TOROIDAL_SURFACE('',#3516,2.,1.);
#62=TOROIDAL_SURFACE('',#3523,31.95,2.5);
#63=TOROIDAL_SURFACE('',#3543,31.95,2.5);
#64=TOROIDAL_SURFACE('',#3563,31.95,2.5);
#65=TOROIDAL_SURFACE('',#3575,31.95,2.5);
#66=TOROIDAL_SURFACE('',#3577,31.95,2.5);
#67=TOROIDAL_SURFACE('',#3581,9.5,2.5);
#68=TOROIDAL_SURFACE('',#3638,30.5,1.);
#69=PLANE('',#3467);
#70=PLANE('',#3468);
#71=PLANE('',#3480);
#72=PLANE('',#3481);
#73=PLANE('',#3508);
#74=PLANE('',#3515);
#75=PLANE('',#3522);
#76=PLANE('',#3526);
#77=PLANE('',#3527);
#78=PLANE('',#3546);
#79=PLANE('',#3547);
#80=PLANE('',#3586);
#81=PLANE('',#3590);
#82=PLANE('',#3600);
#83=PLANE('',#3603);
#84=PLANE('',#3604);
#85=PLANE('',#3607);
#86=PLANE('',#3615);
#87=PLANE('',#3618);
#88=PLANE('',#3623);
#89=PLANE('',#3630);
#90=PLANE('',#3633);
#91=PLANE('',#3649);
#92=PLANE('',#3655);
#93=PLANE('',#3656);
#94=PLANE('',#3657);
#95=PLANE('',#3659);
#96=PLANE('',#3663);
#97=PLANE('',#3664);
#98=PLANE('',#3665);
#99=PLANE('',#3672);
#100=PLANE('',#3676);
#101=PLANE('',#3688);
#102=PLANE('',#3689);
#103=PLANE('',#3690);
#104=PLANE('',#3699);
#105=PLANE('',#3703);
#106=PLANE('',#3707);
#107=PLANE('',#3708);
#108=PLANE('',#3709);
#109=PLANE('',#3710);
#110=PLANE('',#3711);
#111=PLANE('',#3713);
#112=PLANE('',#3718);
#113=PLANE('',#3720);
#114=PLANE('',#3727);
#115=PLANE('',#3730);
#116=PLANE('',#3734);
#117=PLANE('',#3735);
#118=PLANE('',#3748);
#119=PLANE('',#3753);
#120=PLANE('',#3758);
#121=PLANE('',#3763);
#122=PLANE('',#3768);
#123=PLANE('',#3773);
#124=PLANE('',#3785);
#125=PLANE('',#3786);
#126=PLANE('',#3795);
#127=PLANE('',#3796);
#128=PLANE('',#3802);
#129=PLANE('',#3804);
#130=PLANE('',#3811);
#131=PLANE('',#3814);
#132=PLANE('',#3815);
#133=PLANE('',#3816);
#134=PLANE('',#3817);
#135=PLANE('',#3818);
#136=PLANE('',#3819);
#137=PLANE('',#3820);
#138=PLANE('',#3821);
#139=PLANE('',#3822);
#140=PLANE('',#3823);
#141=PLANE('',#3824);
#142=PLANE('',#3831);
#143=PLANE('',#3850);
#144=PLANE('',#3851);
#145=PLANE('',#3852);
#146=PLANE('',#3865);
#147=PLANE('',#3866);
#148=PLANE('',#3879);
#149=PLANE('',#3880);
#150=PLANE('',#3881);
#151=PLANE('',#3882);
#152=PLANE('',#3883);
#153=PLANE('',#3886);
#154=PLANE('',#3887);
#155=PLANE('',#3888);
#156=PLANE('',#3889);
#157=PLANE('',#3890);
#158=FACE_OUTER_BOUND('',#349,.T.);
#159=FACE_OUTER_BOUND('',#350,.T.);
#160=FACE_OUTER_BOUND('',#351,.T.);
#161=FACE_OUTER_BOUND('',#352,.T.);
#162=FACE_OUTER_BOUND('',#353,.T.);
#163=FACE_OUTER_BOUND('',#354,.T.);
#164=FACE_OUTER_BOUND('',#355,.T.);
#165=FACE_OUTER_BOUND('',#356,.T.);
#166=FACE_OUTER_BOUND('',#360,.T.);
#167=FACE_OUTER_BOUND('',#361,.T.);
#168=FACE_OUTER_BOUND('',#362,.T.);
#169=FACE_OUTER_BOUND('',#363,.T.);
#170=FACE_OUTER_BOUND('',#364,.T.);
#171=FACE_OUTER_BOUND('',#365,.T.);
#172=FACE_OUTER_BOUND('',#366,.T.);
#173=FACE_OUTER_BOUND('',#367,.T.);
#174=FACE_OUTER_BOUND('',#368,.T.);
#175=FACE_OUTER_BOUND('',#369,.T.);
#176=FACE_OUTER_BOUND('',#370,.T.);
#177=FACE_OUTER_BOUND('',#371,.T.);
#178=FACE_OUTER_BOUND('',#372,.T.);
#179=FACE_OUTER_BOUND('',#373,.T.);
#180=FACE_OUTER_BOUND('',#374,.T.);
#181=FACE_OUTER_BOUND('',#375,.T.);
#182=FACE_OUTER_BOUND('',#376,.T.);
#183=FACE_OUTER_BOUND('',#377,.T.);
#184=FACE_OUTER_BOUND('',#378,.T.);
#185=FACE_OUTER_BOUND('',#379,.T.);
#186=FACE_OUTER_BOUND('',#380,.T.);
#187=FACE_OUTER_BOUND('',#381,.T.);
#188=FACE_OUTER_BOUND('',#382,.T.);
#189=FACE_OUTER_BOUND('',#383,.T.);
#190=FACE_OUTER_BOUND('',#384,.T.);
#191=FACE_OUTER_BOUND('',#385,.T.);
#192=FACE_OUTER_BOUND('',#386,.T.);
#193=FACE_OUTER_BOUND('',#387,.T.);
#194=FACE_OUTER_BOUND('',#388,.T.);
#195=FACE_OUTER_BOUND('',#389,.T.);
#196=FACE_OUTER_BOUND('',#390,.T.);
#197=FACE_OUTER_BOUND('',#391,.T.);
#198=FACE_OUTER_BOUND('',#392,.T.);
#199=FACE_OUTER_BOUND('',#393,.T.);
#200=FACE_OUTER_BOUND('',#394,.T.);
#201=FACE_OUTER_BOUND('',#395,.T.);
#202=FACE_OUTER_BOUND('',#396,.T.);
#203=FACE_OUTER_BOUND('',#397,.T.);
#204=FACE_OUTER_BOUND('',#398,.T.);
#205=FACE_OUTER_BOUND('',#399,.T.);
#206=FACE_OUTER_BOUND('',#400,.T.);
#207=FACE_OUTER_BOUND('',#401,.T.);
#208=FACE_OUTER_BOUND('',#402,.T.);
#209=FACE_OUTER_BOUND('',#403,.T.);
#210=FACE_OUTER_BOUND('',#404,.T.);
#211=FACE_OUTER_BOUND('',#405,.T.);
#212=FACE_OUTER_BOUND('',#406,.T.);
#213=FACE_OUTER_BOUND('',#407,.T.);
#214=FACE_OUTER_BOUND('',#408,.T.);
#215=FACE_OUTER_BOUND('',#409,.T.);
#216=FACE_OUTER_BOUND('',#410,.T.);
#217=FACE_OUTER_BOUND('',#411,.T.);
#218=FACE_OUTER_BOUND('',#412,.T.);
#219=FACE_OUTER_BOUND('',#413,.T.);
#220=FACE_OUTER_BOUND('',#414,.T.);
#221=FACE_OUTER_BOUND('',#415,.T.);
#222=FACE_OUTER_BOUND('',#416,.T.);
#223=FACE_OUTER_BOUND('',#417,.T.);
#224=FACE_OUTER_BOUND('',#418,.T.);
#225=FACE_OUTER_BOUND('',#419,.T.);
#226=FACE_OUTER_BOUND('',#420,.T.);
#227=FACE_OUTER_BOUND('',#421,.T.);
#228=FACE_OUTER_BOUND('',#422,.T.);
#229=FACE_OUTER_BOUND('',#423,.T.);
#230=FACE_OUTER_BOUND('',#424,.T.);
#231=FACE_OUTER_BOUND('',#425,.T.);
#232=FACE_OUTER_BOUND('',#429,.T.);
#233=FACE_OUTER_BOUND('',#430,.T.);
#234=FACE_OUTER_BOUND('',#431,.T.);
#235=FACE_OUTER_BOUND('',#432,.T.);
#236=FACE_OUTER_BOUND('',#433,.T.);
#237=FACE_OUTER_BOUND('',#434,.T.);
#238=FACE_OUTER_BOUND('',#435,.T.);
#239=FACE_OUTER_BOUND('',#436,.T.);
#240=FACE_OUTER_BOUND('',#437,.T.);
#241=FACE_OUTER_BOUND('',#438,.T.);
#242=FACE_OUTER_BOUND('',#440,.T.);
#243=FACE_OUTER_BOUND('',#441,.T.);
#244=FACE_OUTER_BOUND('',#442,.T.);
#245=FACE_OUTER_BOUND('',#443,.T.);
#246=FACE_OUTER_BOUND('',#444,.T.);
#247=FACE_OUTER_BOUND('',#445,.T.);
#248=FACE_OUTER_BOUND('',#446,.T.);
#249=FACE_OUTER_BOUND('',#447,.T.);
#250=FACE_OUTER_BOUND('',#448,.T.);
#251=FACE_OUTER_BOUND('',#449,.T.);
#252=FACE_OUTER_BOUND('',#450,.T.);
#253=FACE_OUTER_BOUND('',#451,.T.);
#254=FACE_OUTER_BOUND('',#452,.T.);
#255=FACE_OUTER_BOUND('',#453,.T.);
#256=FACE_OUTER_BOUND('',#455,.T.);
#257=FACE_OUTER_BOUND('',#457,.T.);
#258=FACE_OUTER_BOUND('',#459,.T.);
#259=FACE_OUTER_BOUND('',#460,.T.);
#260=FACE_OUTER_BOUND('',#461,.T.);
#261=FACE_OUTER_BOUND('',#462,.T.);
#262=FACE_OUTER_BOUND('',#464,.T.);
#263=FACE_OUTER_BOUND('',#465,.T.);
#264=FACE_OUTER_BOUND('',#467,.T.);
#265=FACE_OUTER_BOUND('',#469,.T.);
#266=FACE_OUTER_BOUND('',#470,.T.);
#267=FACE_OUTER_BOUND('',#471,.T.);
#268=FACE_OUTER_BOUND('',#472,.T.);
#269=FACE_OUTER_BOUND('',#473,.T.);
#270=FACE_OUTER_BOUND('',#474,.T.);
#271=FACE_OUTER_BOUND('',#475,.T.);
#272=FACE_OUTER_BOUND('',#476,.T.);
#273=FACE_OUTER_BOUND('',#477,.T.);
#274=FACE_OUTER_BOUND('',#478,.T.);
#275=FACE_OUTER_BOUND('',#480,.T.);
#276=FACE_OUTER_BOUND('',#481,.T.);
#277=FACE_OUTER_BOUND('',#482,.T.);
#278=FACE_OUTER_BOUND('',#483,.T.);
#279=FACE_OUTER_BOUND('',#485,.T.);
#280=FACE_OUTER_BOUND('',#486,.T.);
#281=FACE_OUTER_BOUND('',#487,.T.);
#282=FACE_OUTER_BOUND('',#489,.T.);
#283=FACE_OUTER_BOUND('',#490,.T.);
#284=FACE_OUTER_BOUND('',#491,.T.);
#285=FACE_OUTER_BOUND('',#492,.T.);
#286=FACE_OUTER_BOUND('',#493,.T.);
#287=FACE_OUTER_BOUND('',#494,.T.);
#288=FACE_OUTER_BOUND('',#495,.T.);
#289=FACE_OUTER_BOUND('',#496,.T.);
#290=FACE_OUTER_BOUND('',#497,.T.);
#291=FACE_OUTER_BOUND('',#498,.T.);
#292=FACE_OUTER_BOUND('',#499,.T.);
#293=FACE_OUTER_BOUND('',#500,.T.);
#294=FACE_OUTER_BOUND('',#501,.T.);
#295=FACE_OUTER_BOUND('',#502,.T.);
#296=FACE_OUTER_BOUND('',#503,.T.);
#297=FACE_OUTER_BOUND('',#504,.T.);
#298=FACE_OUTER_BOUND('',#505,.T.);
#299=FACE_OUTER_BOUND('',#506,.T.);
#300=FACE_OUTER_BOUND('',#507,.T.);
#301=FACE_OUTER_BOUND('',#508,.T.);
#302=FACE_OUTER_BOUND('',#509,.T.);
#303=FACE_OUTER_BOUND('',#510,.T.);
#304=FACE_OUTER_BOUND('',#511,.T.);
#305=FACE_OUTER_BOUND('',#512,.T.);
#306=FACE_OUTER_BOUND('',#513,.T.);
#307=FACE_OUTER_BOUND('',#514,.T.);
#308=FACE_OUTER_BOUND('',#515,.T.);
#309=FACE_OUTER_BOUND('',#516,.T.);
#310=FACE_OUTER_BOUND('',#517,.T.);
#311=FACE_OUTER_BOUND('',#518,.T.);
#312=FACE_OUTER_BOUND('',#519,.T.);
#313=FACE_OUTER_BOUND('',#520,.T.);
#314=FACE_OUTER_BOUND('',#521,.T.);
#315=FACE_OUTER_BOUND('',#522,.T.);
#316=FACE_OUTER_BOUND('',#523,.T.);
#317=FACE_OUTER_BOUND('',#524,.T.);
#318=FACE_OUTER_BOUND('',#525,.T.);
#319=FACE_OUTER_BOUND('',#526,.T.);
#320=FACE_OUTER_BOUND('',#527,.T.);
#321=FACE_OUTER_BOUND('',#528,.T.);
#322=FACE_OUTER_BOUND('',#529,.T.);
#323=FACE_OUTER_BOUND('',#530,.T.);
#324=FACE_OUTER_BOUND('',#531,.T.);
#325=FACE_OUTER_BOUND('',#532,.T.);
#326=FACE_OUTER_BOUND('',#533,.T.);
#327=FACE_OUTER_BOUND('',#534,.T.);
#328=FACE_OUTER_BOUND('',#535,.T.);
#329=FACE_OUTER_BOUND('',#536,.T.);
#330=FACE_OUTER_BOUND('',#537,.T.);
#331=FACE_OUTER_BOUND('',#538,.T.);
#332=FACE_OUTER_BOUND('',#539,.T.);
#333=FACE_OUTER_BOUND('',#540,.T.);
#334=FACE_OUTER_BOUND('',#541,.T.);
#335=FACE_OUTER_BOUND('',#542,.T.);
#336=FACE_OUTER_BOUND('',#543,.T.);
#337=FACE_OUTER_BOUND('',#544,.T.);
#338=FACE_OUTER_BOUND('',#545,.T.);
#339=FACE_OUTER_BOUND('',#546,.T.);
#340=FACE_OUTER_BOUND('',#547,.T.);
#341=FACE_OUTER_BOUND('',#548,.T.);
#342=FACE_OUTER_BOUND('',#549,.T.);
#343=FACE_OUTER_BOUND('',#550,.T.);
#344=FACE_OUTER_BOUND('',#551,.T.);
#345=FACE_OUTER_BOUND('',#552,.T.);
#346=FACE_OUTER_BOUND('',#553,.T.);
#347=FACE_OUTER_BOUND('',#554,.T.);
#348=FACE_OUTER_BOUND('',#555,.T.);
#349=EDGE_LOOP('',(#2149,#2150,#2151,#2152));
#350=EDGE_LOOP('',(#2153,#2154,#2155,#2156));
#351=EDGE_LOOP('',(#2157,#2158,#2159,#2160,#2161,#2162,#2163,#2164,#2165));
#352=EDGE_LOOP('',(#2166,#2167,#2168,#2169));
#353=EDGE_LOOP('',(#2170,#2171,#2172,#2173));
#354=EDGE_LOOP('',(#2174,#2175,#2176,#2177));
#355=EDGE_LOOP('',(#2178,#2179,#2180,#2181));
#356=EDGE_LOOP('',(#2182,#2183,#2184,#2185,#2186,#2187,#2188,#2189,#2190,
#2191,#2192,#2193,#2194,#2195,#2196,#2197,#2198,#2199,#2200,#2201,#2202,
#2203,#2204,#2205,#2206,#2207,#2208,#2209,#2210,#2211,#2212,#2213,#2214,
#2215,#2216,#2217,#2218,#2219,#2220,#2221));
#357=EDGE_LOOP('',(#2222));
#358=EDGE_LOOP('',(#2223));
#359=EDGE_LOOP('',(#2224));
#360=EDGE_LOOP('',(#2225,#2226,#2227,#2228,#2229));
#361=EDGE_LOOP('',(#2230,#2231,#2232,#2233,#2234));
#362=EDGE_LOOP('',(#2235));
#363=EDGE_LOOP('',(#2236,#2237,#2238,#2239,#2240));
#364=EDGE_LOOP('',(#2241,#2242,#2243,#2244,#2245));
#365=EDGE_LOOP('',(#2246));
#366=EDGE_LOOP('',(#2247,#2248,#2249,#2250,#2251));
#367=EDGE_LOOP('',(#2252,#2253,#2254,#2255,#2256));
#368=EDGE_LOOP('',(#2257));
#369=EDGE_LOOP('',(#2258,#2259,#2260,#2261));
#370=EDGE_LOOP('',(#2262,#2263,#2264,#2265,#2266,#2267));
#371=EDGE_LOOP('',(#2268,#2269,#2270,#2271,#2272,#2273,#2274,#2275,#2276,
#2277,#2278,#2279,#2280,#2281,#2282,#2283,#2284,#2285,#2286,#2287));
#372=EDGE_LOOP('',(#2288,#2289,#2290,#2291));
#373=EDGE_LOOP('',(#2292,#2293,#2294,#2295,#2296,#2297));
#374=EDGE_LOOP('',(#2298,#2299,#2300,#2301,#2302,#2303,#2304,#2305,#2306,
#2307,#2308,#2309,#2310,#2311,#2312,#2313,#2314,#2315,#2316,#2317));
#375=EDGE_LOOP('',(#2318,#2319,#2320,#2321));
#376=EDGE_LOOP('',(#2322,#2323,#2324,#2325,#2326));
#377=EDGE_LOOP('',(#2327,#2328,#2329,#2330,#2331,#2332,#2333,#2334,#2335,
#2336,#2337,#2338,#2339,#2340,#2341,#2342,#2343,#2344,#2345,#2346));
#378=EDGE_LOOP('',(#2347,#2348,#2349,#2350));
#379=EDGE_LOOP('',(#2351,#2352,#2353,#2354));
#380=EDGE_LOOP('',(#2355,#2356,#2357,#2358));
#381=EDGE_LOOP('',(#2359,#2360,#2361,#2362));
#382=EDGE_LOOP('',(#2363,#2364,#2365,#2366));
#383=EDGE_LOOP('',(#2367,#2368,#2369,#2370,#2371,#2372,#2373,#2374,#2375));
#384=EDGE_LOOP('',(#2376,#2377,#2378,#2379));
#385=EDGE_LOOP('',(#2380,#2381,#2382,#2383,#2384,#2385,#2386,#2387,#2388,
#2389,#2390,#2391,#2392,#2393));
#386=EDGE_LOOP('',(#2394,#2395,#2396,#2397));
#387=EDGE_LOOP('',(#2398,#2399,#2400,#2401,#2402,#2403));
#388=EDGE_LOOP('',(#2404,#2405,#2406,#2407));
#389=EDGE_LOOP('',(#2408,#2409,#2410,#2411,#2412,#2413));
#390=EDGE_LOOP('',(#2414,#2415,#2416,#2417,#2418,#2419));
#391=EDGE_LOOP('',(#2420,#2421,#2422,#2423));
#392=EDGE_LOOP('',(#2424,#2425,#2426,#2427,#2428,#2429));
#393=EDGE_LOOP('',(#2430,#2431,#2432,#2433));
#394=EDGE_LOOP('',(#2434,#2435,#2436,#2437));
#395=EDGE_LOOP('',(#2438,#2439,#2440,#2441));
#396=EDGE_LOOP('',(#2442,#2443,#2444,#2445));
#397=EDGE_LOOP('',(#2446,#2447,#2448,#2449,#2450,#2451));
#398=EDGE_LOOP('',(#2452,#2453,#2454,#2455));
#399=EDGE_LOOP('',(#2456,#2457,#2458,#2459,#2460,#2461));
#400=EDGE_LOOP('',(#2462,#2463,#2464,#2465));
#401=EDGE_LOOP('',(#2466,#2467,#2468,#2469));
#402=EDGE_LOOP('',(#2470,#2471,#2472,#2473,#2474,#2475));
#403=EDGE_LOOP('',(#2476,#2477,#2478,#2479));
#404=EDGE_LOOP('',(#2480,#2481,#2482,#2483));
#405=EDGE_LOOP('',(#2484,#2485,#2486,#2487));
#406=EDGE_LOOP('',(#2488,#2489,#2490,#2491,#2492,#2493));
#407=EDGE_LOOP('',(#2494,#2495,#2496,#2497));
#408=EDGE_LOOP('',(#2498,#2499,#2500,#2501,#2502,#2503));
#409=EDGE_LOOP('',(#2504,#2505,#2506,#2507));
#410=EDGE_LOOP('',(#2508,#2509,#2510,#2511));
#411=EDGE_LOOP('',(#2512,#2513,#2514,#2515,#2516,#2517,#2518,#2519));
#412=EDGE_LOOP('',(#2520,#2521,#2522,#2523,#2524,#2525,#2526,#2527));
#413=EDGE_LOOP('',(#2528,#2529,#2530,#2531));
#414=EDGE_LOOP('',(#2532,#2533,#2534,#2535));
#415=EDGE_LOOP('',(#2536));
#416=EDGE_LOOP('',(#2537,#2538,#2539,#2540));
#417=EDGE_LOOP('',(#2541,#2542,#2543,#2544));
#418=EDGE_LOOP('',(#2545));
#419=EDGE_LOOP('',(#2546,#2547,#2548,#2549));
#420=EDGE_LOOP('',(#2550,#2551,#2552,#2553));
#421=EDGE_LOOP('',(#2554,#2555,#2556,#2557));
#422=EDGE_LOOP('',(#2558,#2559,#2560,#2561));
#423=EDGE_LOOP('',(#2562));
#424=EDGE_LOOP('',(#2563,#2564,#2565,#2566));
#425=EDGE_LOOP('',(#2567,#2568,#2569,#2570,#2571,#2572,#2573,#2574,#2575,
#2576,#2577,#2578,#2579,#2580,#2581,#2582,#2583,#2584));
#426=EDGE_LOOP('',(#2585));
#427=EDGE_LOOP('',(#2586));
#428=EDGE_LOOP('',(#2587));
#429=EDGE_LOOP('',(#2588,#2589,#2590,#2591,#2592,#2593,#2594,#2595));
#430=EDGE_LOOP('',(#2596,#2597,#2598));
#431=EDGE_LOOP('',(#2599,#2600,#2601,#2602,#2603,#2604,#2605,#2606));
#432=EDGE_LOOP('',(#2607,#2608,#2609,#2610));
#433=EDGE_LOOP('',(#2611,#2612,#2613,#2614,#2615));
#434=EDGE_LOOP('',(#2616,#2617,#2618,#2619));
#435=EDGE_LOOP('',(#2620,#2621,#2622,#2623));
#436=EDGE_LOOP('',(#2624,#2625,#2626,#2627));
#437=EDGE_LOOP('',(#2628));
#438=EDGE_LOOP('',(#2629));
#439=EDGE_LOOP('',(#2630));
#440=EDGE_LOOP('',(#2631,#2632,#2633,#2634,#2635,#2636,#2637,#2638,#2639,
#2640,#2641,#2642,#2643));
#441=EDGE_LOOP('',(#2644,#2645,#2646,#2647,#2648,#2649));
#442=EDGE_LOOP('',(#2650,#2651,#2652,#2653));
#443=EDGE_LOOP('',(#2654,#2655,#2656,#2657));
#444=EDGE_LOOP('',(#2658,#2659,#2660,#2661,#2662));
#445=EDGE_LOOP('',(#2663,#2664,#2665,#2666,#2667));
#446=EDGE_LOOP('',(#2668,#2669,#2670,#2671,#2672));
#447=EDGE_LOOP('',(#2673,#2674,#2675,#2676));
#448=EDGE_LOOP('',(#2677,#2678,#2679,#2680));
#449=EDGE_LOOP('',(#2681,#2682,#2683,#2684));
#450=EDGE_LOOP('',(#2685,#2686,#2687,#2688));
#451=EDGE_LOOP('',(#2689,#2690,#2691,#2692));
#452=EDGE_LOOP('',(#2693,#2694,#2695,#2696));
#453=EDGE_LOOP('',(#2697));
#454=EDGE_LOOP('',(#2698));
#455=EDGE_LOOP('',(#2699));
#456=EDGE_LOOP('',(#2700));
#457=EDGE_LOOP('',(#2701,#2702,#2703,#2704));
#458=EDGE_LOOP('',(#2705,#2706,#2707,#2708));
#459=EDGE_LOOP('',(#2709,#2710,#2711,#2712));
#460=EDGE_LOOP('',(#2713));
#461=EDGE_LOOP('',(#2714,#2715,#2716,#2717));
#462=EDGE_LOOP('',(#2718));
#463=EDGE_LOOP('',(#2719));
#464=EDGE_LOOP('',(#2720,#2721,#2722,#2723));
#465=EDGE_LOOP('',(#2724));
#466=EDGE_LOOP('',(#2725));
#467=EDGE_LOOP('',(#2726));
#468=EDGE_LOOP('',(#2727));
#469=EDGE_LOOP('',(#2728,#2729,#2730,#2731,#2732,#2733,#2734,#2735,#2736,
#2737,#2738,#2739,#2740,#2741,#2742,#2743,#2744,#2745,#2746,#2747,#2748,
#2749,#2750,#2751,#2752,#2753,#2754,#2755));
#470=EDGE_LOOP('',(#2756,#2757,#2758,#2759,#2760,#2761,#2762));
#471=EDGE_LOOP('',(#2763,#2764,#2765,#2766,#2767,#2768,#2769));
#472=EDGE_LOOP('',(#2770,#2771,#2772,#2773,#2774,#2775,#2776));
#473=EDGE_LOOP('',(#2777,#2778,#2779,#2780,#2781,#2782,#2783));
#474=EDGE_LOOP('',(#2784,#2785,#2786,#2787,#2788,#2789,#2790));
#475=EDGE_LOOP('',(#2791,#2792,#2793,#2794,#2795,#2796,#2797));
#476=EDGE_LOOP('',(#2798,#2799,#2800,#2801));
#477=EDGE_LOOP('',(#2802,#2803,#2804,#2805,#2806,#2807,#2808,#2809,#2810,
#2811,#2812,#2813,#2814,#2815,#2816,#2817));
#478=EDGE_LOOP('',(#2818));
#479=EDGE_LOOP('',(#2819));
#480=EDGE_LOOP('',(#2820));
#481=EDGE_LOOP('',(#2821,#2822,#2823,#2824));
#482=EDGE_LOOP('',(#2825,#2826,#2827,#2828,#2829,#2830,#2831,#2832,#2833,
#2834,#2835,#2836,#2837,#2838,#2839,#2840));
#483=EDGE_LOOP('',(#2841));
#484=EDGE_LOOP('',(#2842));
#485=EDGE_LOOP('',(#2843));
#486=EDGE_LOOP('',(#2844,#2845,#2846,#2847,#2848,#2849,#2850,#2851,#2852,
#2853,#2854,#2855,#2856,#2857,#2858,#2859));
#487=EDGE_LOOP('',(#2860));
#488=EDGE_LOOP('',(#2861));
#489=EDGE_LOOP('',(#2862,#2863,#2864,#2865,#2866,#2867,#2868,#2869,#2870,
#2871,#2872));
#490=EDGE_LOOP('',(#2873));
#491=EDGE_LOOP('',(#2874,#2875,#2876,#2877));
#492=EDGE_LOOP('',(#2878,#2879,#2880,#2881));
#493=EDGE_LOOP('',(#2882,#2883,#2884,#2885));
#494=EDGE_LOOP('',(#2886,#2887,#2888,#2889));
#495=EDGE_LOOP('',(#2890,#2891,#2892,#2893));
#496=EDGE_LOOP('',(#2894,#2895,#2896,#2897));
#497=EDGE_LOOP('',(#2898,#2899,#2900,#2901,#2902));
#498=EDGE_LOOP('',(#2903,#2904,#2905,#2906));
#499=EDGE_LOOP('',(#2907,#2908,#2909,#2910));
#500=EDGE_LOOP('',(#2911,#2912,#2913,#2914));
#501=EDGE_LOOP('',(#2915,#2916,#2917,#2918));
#502=EDGE_LOOP('',(#2919,#2920,#2921,#2922,#2923,#2924,#2925,#2926));
#503=EDGE_LOOP('',(#2927,#2928,#2929,#2930,#2931,#2932,#2933,#2934));
#504=EDGE_LOOP('',(#2935,#2936,#2937,#2938));
#505=EDGE_LOOP('',(#2939,#2940,#2941,#2942));
#506=EDGE_LOOP('',(#2943,#2944,#2945,#2946));
#507=EDGE_LOOP('',(#2947,#2948,#2949,#2950));
#508=EDGE_LOOP('',(#2951,#2952,#2953,#2954));
#509=EDGE_LOOP('',(#2955,#2956,#2957,#2958));
#510=EDGE_LOOP('',(#2959,#2960,#2961,#2962));
#511=EDGE_LOOP('',(#2963,#2964,#2965,#2966));
#512=EDGE_LOOP('',(#2967,#2968,#2969,#2970));
#513=EDGE_LOOP('',(#2971,#2972,#2973,#2974));
#514=EDGE_LOOP('',(#2975,#2976,#2977,#2978));
#515=EDGE_LOOP('',(#2979,#2980,#2981,#2982));
#516=EDGE_LOOP('',(#2983,#2984,#2985,#2986,#2987,#2988,#2989,#2990,#2991));
#517=EDGE_LOOP('',(#2992,#2993,#2994,#2995,#2996,#2997,#2998,#2999));
#518=EDGE_LOOP('',(#3000,#3001,#3002,#3003,#3004));
#519=EDGE_LOOP('',(#3005,#3006,#3007,#3008));
#520=EDGE_LOOP('',(#3009,#3010,#3011,#3012));
#521=EDGE_LOOP('',(#3013,#3014,#3015,#3016));
#522=EDGE_LOOP('',(#3017,#3018,#3019,#3020));
#523=EDGE_LOOP('',(#3021,#3022,#3023,#3024));
#524=EDGE_LOOP('',(#3025,#3026,#3027,#3028));
#525=EDGE_LOOP('',(#3029,#3030,#3031,#3032));
#526=EDGE_LOOP('',(#3033,#3034,#3035,#3036));
#527=EDGE_LOOP('',(#3037,#3038,#3039,#3040));
#528=EDGE_LOOP('',(#3041,#3042,#3043,#3044));
#529=EDGE_LOOP('',(#3045,#3046,#3047,#3048));
#530=EDGE_LOOP('',(#3049,#3050,#3051,#3052));
#531=EDGE_LOOP('',(#3053,#3054,#3055,#3056,#3057,#3058));
#532=EDGE_LOOP('',(#3059,#3060,#3061,#3062,#3063,#3064));
#533=EDGE_LOOP('',(#3065,#3066,#3067,#3068));
#534=EDGE_LOOP('',(#3069,#3070,#3071,#3072));
#535=EDGE_LOOP('',(#3073,#3074,#3075,#3076));
#536=EDGE_LOOP('',(#3077,#3078,#3079,#3080));
#537=EDGE_LOOP('',(#3081,#3082,#3083,#3084));
#538=EDGE_LOOP('',(#3085,#3086,#3087,#3088));
#539=EDGE_LOOP('',(#3089,#3090,#3091,#3092));
#540=EDGE_LOOP('',(#3093,#3094,#3095,#3096));
#541=EDGE_LOOP('',(#3097,#3098,#3099,#3100));
#542=EDGE_LOOP('',(#3101,#3102,#3103,#3104));
#543=EDGE_LOOP('',(#3105,#3106,#3107,#3108));
#544=EDGE_LOOP('',(#3109,#3110,#3111,#3112));
#545=EDGE_LOOP('',(#3113,#3114,#3115,#3116,#3117));
#546=EDGE_LOOP('',(#3118,#3119,#3120,#3121,#3122,#3123,#3124,#3125));
#547=EDGE_LOOP('',(#3126,#3127,#3128,#3129,#3130,#3131));
#548=EDGE_LOOP('',(#3132,#3133,#3134,#3135,#3136,#3137));
#549=EDGE_LOOP('',(#3138,#3139,#3140,#3141));
#550=EDGE_LOOP('',(#3142,#3143,#3144,#3145));
#551=EDGE_LOOP('',(#3146,#3147,#3148,#3149,#3150,#3151));
#552=EDGE_LOOP('',(#3152,#3153,#3154,#3155,#3156));
#553=EDGE_LOOP('',(#3157,#3158,#3159,#3160,#3161,#3162));
#554=EDGE_LOOP('',(#3163,#3164,#3165,#3166,#3167,#3168));
#555=EDGE_LOOP('',(#3169,#3170,#3171,#3172));
#556=LINE('',#5005,#808);
#557=LINE('',#5008,#809);
#558=LINE('',#5011,#810);
#559=LINE('',#5013,#811);
#560=LINE('',#5014,#812);
#561=LINE('',#5017,#813);
#562=LINE('',#5019,#814);
#563=LINE('',#5021,#815);
#564=LINE('',#5025,#816);
#565=LINE('',#5027,#817);
#566=LINE('',#5034,#818);
#567=LINE('',#5037,#819);
#568=LINE('',#5048,#820);
#569=LINE('',#5049,#821);
#570=LINE('',#5051,#822);
#571=LINE('',#5056,#823);
#572=LINE('',#5060,#824);
#573=LINE('',#5064,#825);
#574=LINE('',#5068,#826);
#575=LINE('',#5070,#827);
#576=LINE('',#5072,#828);
#577=LINE('',#5074,#829);
#578=LINE('',#5076,#830);
#579=LINE('',#5078,#831);
#580=LINE('',#5091,#832);
#581=LINE('',#5097,#833);
#582=LINE('',#5105,#834);
#583=LINE('',#5113,#835);
#584=LINE('',#5121,#836);
#585=LINE('',#5126,#837);
#586=LINE('',#5128,#838);
#587=LINE('',#5129,#839);
#588=LINE('',#5145,#840);
#589=LINE('',#5156,#841);
#590=LINE('',#5167,#842);
#591=LINE('',#5198,#843);
#592=LINE('',#5200,#844);
#593=LINE('',#5202,#845);
#594=LINE('',#5214,#846);
#595=LINE('',#5217,#847);
#596=LINE('',#5233,#848);
#597=LINE('',#5237,#849);
#598=LINE('',#5280,#850);
#599=LINE('',#5282,#851);
#600=LINE('',#5284,#852);
#601=LINE('',#5296,#853);
#602=LINE('',#5299,#854);
#603=LINE('',#5315,#855);
#604=LINE('',#5319,#856);
#605=LINE('',#5444,#857);
#606=LINE('',#5448,#858);
#607=LINE('',#5452,#859);
#608=LINE('',#5456,#860);
#609=LINE('',#5460,#861);
#610=LINE('',#5475,#862);
#611=LINE('',#5478,#863);
#612=LINE('',#5511,#864);
#613=LINE('',#5514,#865);
#614=LINE('',#5522,#866);
#615=LINE('',#5523,#867);
#616=LINE('',#5526,#868);
#617=LINE('',#5530,#869);
#618=LINE('',#5531,#870);
#619=LINE('',#5534,#871);
#620=LINE('',#5537,#872);
#621=LINE('',#5554,#873);
#622=LINE('',#5556,#874);
#623=LINE('',#5557,#875);
#624=LINE('',#5562,#876);
#625=LINE('',#5563,#877);
#626=LINE('',#5566,#878);
#627=LINE('',#5568,#879);
#628=LINE('',#5570,#880);
#629=LINE('',#5571,#881);
#630=LINE('',#5574,#882);
#631=LINE('',#5577,#883);
#632=LINE('',#5580,#884);
#633=LINE('',#5582,#885);
#634=LINE('',#5583,#886);
#635=LINE('',#5586,#887);
#636=LINE('',#5590,#888);
#637=LINE('',#5591,#889);
#638=LINE('',#5593,#890);
#639=LINE('',#5594,#891);
#640=LINE('',#5596,#892);
#641=LINE('',#5597,#893);
#642=LINE('',#5603,#894);
#643=LINE('',#5604,#895);
#644=LINE('',#5608,#896);
#645=LINE('',#5613,#897);
#646=LINE('',#5614,#898);
#647=LINE('',#5616,#899);
#648=LINE('',#5618,#900);
#649=LINE('',#5619,#901);
#650=LINE('',#5624,#902);
#651=LINE('',#5625,#903);
#652=LINE('',#5627,#904);
#653=LINE('',#5629,#905);
#654=LINE('',#5630,#906);
#655=LINE('',#5634,#907);
#656=LINE('',#5638,#908);
#657=LINE('',#5641,#909);
#658=LINE('',#5647,#910);
#659=LINE('',#5648,#911);
#660=LINE('',#5652,#912);
#661=LINE('',#5654,#913);
#662=LINE('',#5657,#914);
#663=LINE('',#5660,#915);
#664=LINE('',#5665,#916);
#665=LINE('',#5667,#917);
#666=LINE('',#5684,#918);
#667=LINE('',#5686,#919);
#668=LINE('',#5727,#920);
#669=LINE('',#5764,#921);
#670=LINE('',#5770,#922);
#671=LINE('',#5772,#923);
#672=LINE('',#5774,#924);
#673=LINE('',#5775,#925);
#674=LINE('',#5778,#926);
#675=LINE('',#5781,#927);
#676=LINE('',#5784,#928);
#677=LINE('',#5785,#929);
#678=LINE('',#5790,#930);
#679=LINE('',#5795,#931);
#680=LINE('',#5796,#932);
#681=LINE('',#5809,#933);
#682=LINE('',#5811,#934);
#683=LINE('',#5813,#935);
#684=LINE('',#5814,#936);
#685=LINE('',#5817,#937);
#686=LINE('',#5818,#938);
#687=LINE('',#5829,#939);
#688=LINE('',#5831,#940);
#689=LINE('',#5834,#941);
#690=LINE('',#5841,#942);
#691=LINE('',#5847,#943);
#692=LINE('',#5864,#944);
#693=LINE('',#5866,#945);
#694=LINE('',#5867,#946);
#695=LINE('',#5869,#947);
#696=LINE('',#5882,#948);
#697=LINE('',#5884,#949);
#698=LINE('',#5885,#950);
#699=LINE('',#5900,#951);
#700=LINE('',#5902,#952);
#701=LINE('',#5903,#953);
#702=LINE('',#5907,#954);
#703=LINE('',#5909,#955);
#704=LINE('',#5911,#956);
#705=LINE('',#5912,#957);
#706=LINE('',#5915,#958);
#707=LINE('',#5917,#959);
#708=LINE('',#5918,#960);
#709=LINE('',#5921,#961);
#710=LINE('',#5923,#962);
#711=LINE('',#5924,#963);
#712=LINE('',#5933,#964);
#713=LINE('',#5944,#965);
#714=LINE('',#5949,#966);
#715=LINE('',#5954,#967);
#716=LINE('',#5961,#968);
#717=LINE('',#5968,#969);
#718=LINE('',#5972,#970);
#719=LINE('',#5976,#971);
#720=LINE('',#5980,#972);
#721=LINE('',#5984,#973);
#722=LINE('',#5988,#974);
#723=LINE('',#5992,#975);
#724=LINE('',#5995,#976);
#725=LINE('',#5999,#977);
#726=LINE('',#6003,#978);
#727=LINE('',#6006,#979);
#728=LINE('',#6009,#980);
#729=LINE('',#6018,#981);
#730=LINE('',#6021,#982);
#731=LINE('',#6030,#983);
#732=LINE('',#6033,#984);
#733=LINE('',#6042,#985);
#734=LINE('',#6052,#986);
#735=LINE('',#6055,#987);
#736=LINE('',#6064,#988);
#737=LINE('',#6074,#989);
#738=LINE('',#6079,#990);
#739=LINE('',#6084,#991);
#740=LINE('',#6086,#992);
#741=LINE('',#6089,#993);
#742=LINE('',#6091,#994);
#743=LINE('',#6094,#995);
#744=LINE('',#6095,#996);
#745=LINE('',#6096,#997);
#746=LINE('',#6103,#998);
#747=LINE('',#6109,#999);
#748=LINE('',#6112,#1000);
#749=LINE('',#6114,#1001);
#750=LINE('',#6117,#1002);
#751=LINE('',#6118,#1003);
#752=LINE('',#6119,#1004);
#753=LINE('',#6121,#1005);
#754=LINE('',#6129,#1006);
#755=LINE('',#6132,#1007);
#756=LINE('',#6133,#1008);
#757=LINE('',#6135,#1009);
#758=LINE('',#6138,#1010);
#759=LINE('',#6139,#1011);
#760=LINE('',#6141,#1012);
#761=LINE('',#6158,#1013);
#762=LINE('',#6163,#1014);
#763=LINE('',#6165,#1015);
#764=LINE('',#6167,#1016);
#765=LINE('',#6170,#1017);
#766=LINE('',#6172,#1018);
#767=LINE('',#6175,#1019);
#768=LINE('',#6177,#1020);
#769=LINE('',#6180,#1021);
#770=LINE('',#6181,#1022);
#771=LINE('',#6185,#1023);
#772=LINE('',#6199,#1024);
#773=LINE('',#6211,#1025);
#774=LINE('',#6212,#1026);
#775=LINE('',#6214,#1027);
#776=LINE('',#6217,#1028);
#777=LINE('',#6219,#1029);
#778=LINE('',#6221,#1030);
#779=LINE('',#6223,#1031);
#780=LINE('',#6224,#1032);
#781=LINE('',#6226,#1033);
#782=LINE('',#6229,#1034);
#783=LINE('',#6231,#1035);
#784=LINE('',#6233,#1036);
#785=LINE('',#6237,#1037);
#786=LINE('',#6239,#1038);
#787=LINE('',#6241,#1039);
#788=LINE('',#6244,#1040);
#789=LINE('',#6246,#1041);
#790=LINE('',#6249,#1042);
#791=LINE('',#6251,#1043);
#792=LINE('',#6254,#1044);
#793=LINE('',#6256,#1045);
#794=LINE('',#6258,#1046);
#795=LINE('',#6261,#1047);
#796=LINE('',#6263,#1048);
#797=LINE('',#6265,#1049);
#798=LINE('',#6268,#1050);
#799=LINE('',#6270,#1051);
#800=LINE('',#6273,#1052);
#801=LINE('',#6275,#1053);
#802=LINE('',#6278,#1054);
#803=LINE('',#6280,#1055);
#804=LINE('',#6282,#1056);
#805=LINE('',#6285,#1057);
#806=LINE('',#6288,#1058);
#807=LINE('',#6289,#1059);
#808=VECTOR('',#3897,10.);
#809=VECTOR('',#3900,10.);
#810=VECTOR('',#3903,10.);
#811=VECTOR('',#3904,10.);
#812=VECTOR('',#3905,10.);
#813=VECTOR('',#3908,10.);
#814=VECTOR('',#3909,10.);
#815=VECTOR('',#3910,10.);
#816=VECTOR('',#3913,10.);
#817=VECTOR('',#3914,10.);
#818=VECTOR('',#3921,10.);
#819=VECTOR('',#3924,10.);
#820=VECTOR('',#3937,10.);
#821=VECTOR('',#3938,10.);
#822=VECTOR('',#3941,10.);
#823=VECTOR('',#3946,10.);
#824=VECTOR('',#3949,10.);
#825=VECTOR('',#3952,10.);
#826=VECTOR('',#3955,10.);
#827=VECTOR('',#3956,10.);
#828=VECTOR('',#3957,10.);
#829=VECTOR('',#3958,10.);
#830=VECTOR('',#3959,10.);
#831=VECTOR('',#3960,10.);
#832=VECTOR('',#3961,10.);
#833=VECTOR('',#3966,10.);
#834=VECTOR('',#3973,10.);
#835=VECTOR('',#3980,10.);
#836=VECTOR('',#3987,10.);
#837=VECTOR('',#3992,10.);
#838=VECTOR('',#3993,10.);
#839=VECTOR('',#3994,10.);
#840=VECTOR('',#4013,3.);
#841=VECTOR('',#4028,3.);
#842=VECTOR('',#4043,3.);
#843=VECTOR('',#4054,10.);
#844=VECTOR('',#4055,10.);
#845=VECTOR('',#4056,10.);
#846=VECTOR('',#4057,10.);
#847=VECTOR('',#4060,10.);
#848=VECTOR('',#4075,10.);
#849=VECTOR('',#4078,10.);
#850=VECTOR('',#4101,10.);
#851=VECTOR('',#4102,10.);
#852=VECTOR('',#4103,10.);
#853=VECTOR('',#4104,10.);
#854=VECTOR('',#4107,10.);
#855=VECTOR('',#4122,10.);
#856=VECTOR('',#4125,10.);
#857=VECTOR('',#4152,10.);
#858=VECTOR('',#4155,10.);
#859=VECTOR('',#4158,10.);
#860=VECTOR('',#4161,10.);
#861=VECTOR('',#4164,10.);
#862=VECTOR('',#4167,10.);
#863=VECTOR('',#4170,10.);
#864=VECTOR('',#4181,10.);
#865=VECTOR('',#4184,10.);
#866=VECTOR('',#4195,10.);
#867=VECTOR('',#4196,10.);
#868=VECTOR('',#4199,10.);
#869=VECTOR('',#4202,10.);
#870=VECTOR('',#4203,10.);
#871=VECTOR('',#4206,10.);
#872=VECTOR('',#4209,10.);
#873=VECTOR('',#4226,10.);
#874=VECTOR('',#4227,10.);
#875=VECTOR('',#4228,10.);
#876=VECTOR('',#4233,10.);
#877=VECTOR('',#4234,10.);
#878=VECTOR('',#4237,10.);
#879=VECTOR('',#4238,10.);
#880=VECTOR('',#4239,10.);
#881=VECTOR('',#4240,10.);
#882=VECTOR('',#4243,10.);
#883=VECTOR('',#4246,10.);
#884=VECTOR('',#4249,10.);
#885=VECTOR('',#4250,10.);
#886=VECTOR('',#4251,10.);
#887=VECTOR('',#4254,10.);
#888=VECTOR('',#4257,10.);
#889=VECTOR('',#4258,10.);
#890=VECTOR('',#4261,10.);
#891=VECTOR('',#4262,10.);
#892=VECTOR('',#4265,10.);
#893=VECTOR('',#4266,10.);
#894=VECTOR('',#4273,10.);
#895=VECTOR('',#4274,10.);
#896=VECTOR('',#4279,10.);
#897=VECTOR('',#4284,10.);
#898=VECTOR('',#4285,10.);
#899=VECTOR('',#4288,10.);
#900=VECTOR('',#4289,10.);
#901=VECTOR('',#4290,10.);
#902=VECTOR('',#4295,10.);
#903=VECTOR('',#4296,10.);
#904=VECTOR('',#4299,10.);
#905=VECTOR('',#4300,10.);
#906=VECTOR('',#4301,10.);
#907=VECTOR('',#4306,10.);
#908=VECTOR('',#4311,10.);
#909=VECTOR('',#4314,10.);
#910=VECTOR('',#4321,10.);
#911=VECTOR('',#4322,10.);
#912=VECTOR('',#4329,10.);
#913=VECTOR('',#4332,10.);
#914=VECTOR('',#4335,10.);
#915=VECTOR('',#4338,10.);
#916=VECTOR('',#4345,10.);
#917=VECTOR('',#4348,10.);
#918=VECTOR('',#4363,31.5);
#919=VECTOR('',#4364,10.);
#920=VECTOR('',#4373,4.);
#921=VECTOR('',#4386,4.);
#922=VECTOR('',#4393,10.);
#923=VECTOR('',#4394,10.);
#924=VECTOR('',#4395,10.);
#925=VECTOR('',#4396,10.);
#926=VECTOR('',#4399,10.);
#927=VECTOR('',#4402,10.);
#928=VECTOR('',#4405,10.);
#929=VECTOR('',#4406,10.);
#930=VECTOR('',#4411,3.);
#931=VECTOR('',#4418,10.);
#932=VECTOR('',#4419,10.);
#933=VECTOR('',#4434,10.);
#934=VECTOR('',#4435,10.);
#935=VECTOR('',#4436,10.);
#936=VECTOR('',#4437,10.);
#937=VECTOR('',#4440,10.);
#938=VECTOR('',#4441,10.);
#939=VECTOR('',#4456,10.);
#940=VECTOR('',#4459,10.);
#941=VECTOR('',#4464,10.);
#942=VECTOR('',#4473,15.);
#943=VECTOR('',#4482,10.);
#944=VECTOR('',#4499,10.);
#945=VECTOR('',#4502,10.);
#946=VECTOR('',#4503,10.);
#947=VECTOR('',#4506,10.);
#948=VECTOR('',#4513,10.);
#949=VECTOR('',#4514,10.);
#950=VECTOR('',#4515,10.);
#951=VECTOR('',#4524,10.);
#952=VECTOR('',#4525,10.);
#953=VECTOR('',#4526,10.);
#954=VECTOR('',#4529,10.);
#955=VECTOR('',#4530,10.);
#956=VECTOR('',#4531,10.);
#957=VECTOR('',#4532,10.);
#958=VECTOR('',#4535,10.);
#959=VECTOR('',#4536,10.);
#960=VECTOR('',#4537,10.);
#961=VECTOR('',#4540,10.);
#962=VECTOR('',#4541,10.);
#963=VECTOR('',#4542,10.);
#964=VECTOR('',#4555,6.);
#965=VECTOR('',#4570,5.);
#966=VECTOR('',#4575,2.);
#967=VECTOR('',#4582,5.);
#968=VECTOR('',#4591,6.);
#969=VECTOR('',#4602,13.25);
#970=VECTOR('',#4605,10.);
#971=VECTOR('',#4608,10.);
#972=VECTOR('',#4611,10.);
#973=VECTOR('',#4614,10.);
#974=VECTOR('',#4617,10.);
#975=VECTOR('',#4620,10.);
#976=VECTOR('',#4623,10.);
#977=VECTOR('',#4626,10.);
#978=VECTOR('',#4629,10.);
#979=VECTOR('',#4632,10.);
#980=VECTOR('',#4635,10.);
#981=VECTOR('',#4644,10.);
#982=VECTOR('',#4647,10.);
#983=VECTOR('',#4656,10.);
#984=VECTOR('',#4659,10.);
#985=VECTOR('',#4668,10.);
#986=VECTOR('',#4679,10.);
#987=VECTOR('',#4682,10.);
#988=VECTOR('',#4691,10.);
#989=VECTOR('',#4702,10.);
#990=VECTOR('',#4707,3.);
#991=VECTOR('',#4714,6.5);
#992=VECTOR('',#4715,10.);
#993=VECTOR('',#4718,10.);
#994=VECTOR('',#4719,10.);
#995=VECTOR('',#4722,10.);
#996=VECTOR('',#4723,10.);
#997=VECTOR('',#4724,10.);
#998=VECTOR('',#4733,3.);
#999=VECTOR('',#4740,6.5);
#1000=VECTOR('',#4743,10.);
#1001=VECTOR('',#4744,10.);
#1002=VECTOR('',#4747,10.);
#1003=VECTOR('',#4748,10.);
#1004=VECTOR('',#4749,10.);
#1005=VECTOR('',#4750,10.);
#1006=VECTOR('',#4761,6.5);
#1007=VECTOR('',#4764,10.);
#1008=VECTOR('',#4765,10.);
#1009=VECTOR('',#4766,10.);
#1010=VECTOR('',#4769,10.);
#1011=VECTOR('',#4770,10.);
#1012=VECTOR('',#4771,10.);
#1013=VECTOR('',#4792,10.);
#1014=VECTOR('',#4799,10.);
#1015=VECTOR('',#4802,10.);
#1016=VECTOR('',#4805,10.);
#1017=VECTOR('',#4810,10.);
#1018=VECTOR('',#4813,10.);
#1019=VECTOR('',#4818,10.);
#1020=VECTOR('',#4821,10.);
#1021=VECTOR('',#4826,10.);
#1022=VECTOR('',#4827,10.);
#1023=VECTOR('',#4830,10.);
#1024=VECTOR('',#4845,10.);
#1025=VECTOR('',#4860,10.);
#1026=VECTOR('',#4861,10.);
#1027=VECTOR('',#4864,10.);
#1028=VECTOR('',#4869,10.);
#1029=VECTOR('',#4872,10.);
#1030=VECTOR('',#4875,10.);
#1031=VECTOR('',#4878,10.);
#1032=VECTOR('',#4879,10.);
#1033=VECTOR('',#4882,10.);
#1034=VECTOR('',#4887,10.);
#1035=VECTOR('',#4890,10.);
#1036=VECTOR('',#4893,10.);
#1037=VECTOR('',#4900,10.);
#1038=VECTOR('',#4903,10.);
#1039=VECTOR('',#4906,10.);
#1040=VECTOR('',#4911,10.);
#1041=VECTOR('',#4914,10.);
#1042=VECTOR('',#4919,10.);
#1043=VECTOR('',#4922,10.);
#1044=VECTOR('',#4927,10.);
#1045=VECTOR('',#4930,10.);
#1046=VECTOR('',#4933,10.);
#1047=VECTOR('',#4938,10.);
#1048=VECTOR('',#4941,10.);
#1049=VECTOR('',#4944,10.);
#1050=VECTOR('',#4949,10.);
#1051=VECTOR('',#4952,10.);
#1052=VECTOR('',#4957,10.);
#1053=VECTOR('',#4960,10.);
#1054=VECTOR('',#4965,3.);
#1055=VECTOR('',#4968,10.);
#1056=VECTOR('',#4971,10.);
#1057=VECTOR('',#4976,10.);
#1058=VECTOR('',#4981,10.);
#1059=VECTOR('',#4982,10.);
#1060=CIRCLE('',#3465,1.);
#1061=CIRCLE('',#3466,1.);
#1062=CIRCLE('',#3469,2.5);
#1063=CIRCLE('',#3470,1.5);
#1064=CIRCLE('',#3472,1.);
#1065=CIRCLE('',#3473,1.);
#1066=CIRCLE('',#3475,0.999999999999996);
#1067=CIRCLE('',#3476,6.5);
#1068=CIRCLE('',#3477,5.5);
#1069=CIRCLE('',#3479,1.);
#1070=CIRCLE('',#3482,1.5);
#1071=CIRCLE('',#3483,1.5);
#1072=CIRCLE('',#3484,1.5);
#1073=CIRCLE('',#3485,1.5);
#1074=CIRCLE('',#3486,35.5);
#1075=CIRCLE('',#3487,1.5);
#1076=CIRCLE('',#3488,1.5);
#1077=CIRCLE('',#3489,41.);
#1078=CIRCLE('',#3490,1.5);
#1079=CIRCLE('',#3491,1.5);
#1080=CIRCLE('',#3492,35.5);
#1081=CIRCLE('',#3493,1.5);
#1082=CIRCLE('',#3494,1.5);
#1083=CIRCLE('',#3495,41.);
#1084=CIRCLE('',#3496,1.5);
#1085=CIRCLE('',#3497,1.5);
#1086=CIRCLE('',#3498,35.5);
#1087=CIRCLE('',#3499,3.);
#1088=CIRCLE('',#3500,3.);
#1089=CIRCLE('',#3501,3.);
#1090=CIRCLE('',#3503,2.);
#1091=CIRCLE('',#3504,1.);
#1092=CIRCLE('',#3505,3.);
#1093=CIRCLE('',#3506,3.);
#1094=CIRCLE('',#3510,2.);
#1095=CIRCLE('',#3511,1.);
#1096=CIRCLE('',#3512,3.);
#1097=CIRCLE('',#3513,3.);
#1098=CIRCLE('',#3517,2.);
#1099=CIRCLE('',#3518,1.);
#1100=CIRCLE('',#3519,3.);
#1101=CIRCLE('',#3520,3.);
#1102=CIRCLE('',#3524,34.45);
#1103=CIRCLE('',#3525,31.95);
#1104=CIRCLE('',#3528,26.25);
#1105=CIRCLE('',#3529,2.75);
#1106=CIRCLE('',#3530,26.25);
#1107=CIRCLE('',#3531,6.5);
#1108=CIRCLE('',#3532,24.5);
#1109=CIRCLE('',#3533,2.75);
#1110=CIRCLE('',#3534,24.5);
#1111=CIRCLE('',#3535,21.25);
#1112=CIRCLE('',#3536,24.5);
#1113=CIRCLE('',#3537,2.75);
#1114=CIRCLE('',#3538,24.5);
#1115=CIRCLE('',#3539,6.5);
#1116=CIRCLE('',#3540,26.25);
#1117=CIRCLE('',#3541,2.75);
#1118=CIRCLE('',#3542,26.25);
#1119=CIRCLE('',#3544,31.95);
#1120=CIRCLE('',#3545,34.45);
#1121=CIRCLE('',#3548,26.25);
#1122=CIRCLE('',#3549,2.75);
#1123=CIRCLE('',#3550,26.25);
#1124=CIRCLE('',#3551,6.5);
#1125=CIRCLE('',#3552,24.5);
#1126=CIRCLE('',#3553,2.75);
#1127=CIRCLE('',#3554,24.5);
#1128=CIRCLE('',#3555,21.25);
#1129=CIRCLE('',#3556,24.5);
#1130=CIRCLE('',#3557,2.75);
#1131=CIRCLE('',#3558,24.5);
#1132=CIRCLE('',#3559,6.5);
#1133=CIRCLE('',#3560,26.25);
#1134=CIRCLE('',#3561,2.75);
#1135=CIRCLE('',#3562,26.25);
#1136=CIRCLE('',#3564,2.5);
#1137=CIRCLE('',#3565,31.95);
#1138=CIRCLE('',#3566,34.45);
#1139=CIRCLE('',#3568,34.45);
#1140=CIRCLE('',#3569,34.45);
#1141=CIRCLE('',#3570,34.45);
#1142=CIRCLE('',#3571,34.45);
#1143=CIRCLE('',#3572,34.45);
#1144=CIRCLE('',#3573,34.45);
#1145=CIRCLE('',#3574,34.45);
#1146=CIRCLE('',#3576,31.95);
#1147=CIRCLE('',#3578,31.95);
#1148=CIRCLE('',#3580,2.5);
#1149=CIRCLE('',#3582,2.5);
#1150=CIRCLE('',#3583,9.5);
#1151=CIRCLE('',#3584,12.);
#1152=CIRCLE('',#3587,6.5);
#1153=CIRCLE('',#3589,12.);
#1154=CIRCLE('',#3591,26.25);
#1155=CIRCLE('',#3592,2.75);
#1156=CIRCLE('',#3593,26.25);
#1157=CIRCLE('',#3594,6.5);
#1158=CIRCLE('',#3595,26.25);
#1159=CIRCLE('',#3596,2.75);
#1160=CIRCLE('',#3597,26.25);
#1161=CIRCLE('',#3599,1.5);
#1162=CIRCLE('',#3602,1.5);
#1163=CIRCLE('',#3605,1.5);
#1164=CIRCLE('',#3610,1.5);
#1165=CIRCLE('',#3612,35.5);
#1166=CIRCLE('',#3614,1.5);
#1167=CIRCLE('',#3617,1.5);
#1168=CIRCLE('',#3620,1.5);
#1169=CIRCLE('',#3622,41.);
#1170=CIRCLE('',#3624,1.5);
#1171=CIRCLE('',#3626,1.5);
#1172=CIRCLE('',#3628,35.5);
#1173=CIRCLE('',#3632,1.5);
#1174=CIRCLE('',#3634,41.);
#1175=CIRCLE('',#3635,1.5);
#1176=CIRCLE('',#3639,30.5);
#1177=CIRCLE('',#3640,31.5);
#1178=CIRCLE('',#3641,31.5);
#1179=CIRCLE('',#3643,31.5);
#1180=CIRCLE('',#3644,2.);
#1181=CIRCLE('',#3645,2.);
#1182=CIRCLE('',#3646,4.);
#1183=CIRCLE('',#3648,4.);
#1184=CIRCLE('',#3650,2.);
#1185=CIRCLE('',#3651,2.);
#1186=CIRCLE('',#3652,4.);
#1187=CIRCLE('',#3654,4.);
#1188=CIRCLE('',#3658,16.5);
#1189=CIRCLE('',#3661,3.);
#1190=CIRCLE('',#3662,3.);
#1191=CIRCLE('',#3666,4.);
#1192=CIRCLE('',#3667,16.5);
#1193=CIRCLE('',#3668,16.5);
#1194=CIRCLE('',#3669,16.5);
#1195=CIRCLE('',#3670,4.);
#1196=CIRCLE('',#3671,16.5);
#1197=CIRCLE('',#3673,16.5);
#1198=CIRCLE('',#3674,4.);
#1199=CIRCLE('',#3675,16.5);
#1200=CIRCLE('',#3677,16.5);
#1201=CIRCLE('',#3678,4.);
#1202=CIRCLE('',#3686,15.);
#1203=CIRCLE('',#3687,15.);
#1204=CIRCLE('',#3691,26.25);
#1205=CIRCLE('',#3692,2.75);
#1206=CIRCLE('',#3693,26.25);
#1207=CIRCLE('',#3694,6.5);
#1208=CIRCLE('',#3695,6.5);
#1209=CIRCLE('',#3696,26.25);
#1210=CIRCLE('',#3697,2.75);
#1211=CIRCLE('',#3698,26.25);
#1212=CIRCLE('',#3702,13.25);
#1213=CIRCLE('',#3705,13.25);
#1214=CIRCLE('',#3706,13.25);
#1215=CIRCLE('',#3712,5.);
#1216=CIRCLE('',#3714,5.);
#1217=CIRCLE('',#3716,6.);
#1218=CIRCLE('',#3717,6.);
#1219=CIRCLE('',#3719,5.);
#1220=CIRCLE('',#3721,5.);
#1221=CIRCLE('',#3723,5.);
#1222=CIRCLE('',#3725,2.);
#1223=CIRCLE('',#3726,2.);
#1224=CIRCLE('',#3729,5.);
#1225=CIRCLE('',#3732,6.);
#1226=CIRCLE('',#3733,6.);
#1227=CIRCLE('',#3736,13.25);
#1228=CIRCLE('',#3738,13.25);
#1229=CIRCLE('',#3739,13.25);
#1230=CIRCLE('',#3740,13.25);
#1231=CIRCLE('',#3741,13.25);
#1232=CIRCLE('',#3742,13.25);
#1233=CIRCLE('',#3743,13.25);
#1234=CIRCLE('',#3744,13.25);
#1235=CIRCLE('',#3745,13.25);
#1236=CIRCLE('',#3746,13.25);
#1237=CIRCLE('',#3747,13.25);
#1238=CIRCLE('',#3749,6.5);
#1239=CIRCLE('',#3750,24.5);
#1240=CIRCLE('',#3751,2.75);
#1241=CIRCLE('',#3752,24.5);
#1242=CIRCLE('',#3754,24.5);
#1243=CIRCLE('',#3755,2.75);
#1244=CIRCLE('',#3756,24.5);
#1245=CIRCLE('',#3757,6.5);
#1246=CIRCLE('',#3759,6.5);
#1247=CIRCLE('',#3760,24.5);
#1248=CIRCLE('',#3761,2.75);
#1249=CIRCLE('',#3762,24.5);
#1250=CIRCLE('',#3764,24.5);
#1251=CIRCLE('',#3765,2.75);
#1252=CIRCLE('',#3766,24.5);
#1253=CIRCLE('',#3767,6.5);
#1254=CIRCLE('',#3769,6.5);
#1255=CIRCLE('',#3770,24.5);
#1256=CIRCLE('',#3771,2.75);
#1257=CIRCLE('',#3772,24.5);
#1258=CIRCLE('',#3774,24.5);
#1259=CIRCLE('',#3775,2.75);
#1260=CIRCLE('',#3776,24.5);
#1261=CIRCLE('',#3777,6.5);
#1262=CIRCLE('',#3779,3.);
#1263=CIRCLE('',#3780,3.);
#1264=CIRCLE('',#3782,6.5);
#1265=CIRCLE('',#3783,6.5);
#1266=CIRCLE('',#3784,6.5);
#1267=CIRCLE('',#3788,3.);
#1268=CIRCLE('',#3789,3.);
#1269=CIRCLE('',#3791,6.5);
#1270=CIRCLE('',#3792,6.5);
#1271=CIRCLE('',#3793,6.5);
#1272=CIRCLE('',#3794,6.5);
#1273=CIRCLE('',#3798,6.5);
#1274=CIRCLE('',#3799,6.5);
#1275=CIRCLE('',#3800,6.5);
#1276=CIRCLE('',#3801,6.5);
#1277=CIRCLE('',#3803,3.);
#1278=CIRCLE('',#3805,26.25);
#1279=CIRCLE('',#3806,2.75);
#1280=CIRCLE('',#3807,26.25);
#1281=CIRCLE('',#3808,26.25);
#1282=CIRCLE('',#3809,2.75);
#1283=CIRCLE('',#3810,26.25);
#1284=CIRCLE('',#3812,3.);
#1285=CIRCLE('',#3825,26.25);
#1286=CIRCLE('',#3826,2.75);
#1287=CIRCLE('',#3827,26.25);
#1288=CIRCLE('',#3828,24.5);
#1289=CIRCLE('',#3829,2.75);
#1290=CIRCLE('',#3830,24.5);
#1291=CIRCLE('',#3832,24.5);
#1292=CIRCLE('',#3833,2.75);
#1293=CIRCLE('',#3834,24.5);
#1294=CIRCLE('',#3835,26.25);
#1295=CIRCLE('',#3836,2.75);
#1296=CIRCLE('',#3837,26.25);
#1297=CIRCLE('',#3885,35.5);
#1298=VERTEX_POINT('',#5001);
#1299=VERTEX_POINT('',#5002);
#1300=VERTEX_POINT('',#5004);
#1301=VERTEX_POINT('',#5006);
#1302=VERTEX_POINT('',#5010);
#1303=VERTEX_POINT('',#5012);
#1304=VERTEX_POINT('',#5016);
#1305=VERTEX_POINT('',#5018);
#1306=VERTEX_POINT('',#5020);
#1307=VERTEX_POINT('',#5022);
#1308=VERTEX_POINT('',#5024);
#1309=VERTEX_POINT('',#5026);
#1310=VERTEX_POINT('',#5030);
#1311=VERTEX_POINT('',#5031);
#1312=VERTEX_POINT('',#5033);
#1313=VERTEX_POINT('',#5035);
#1314=VERTEX_POINT('',#5039);
#1315=VERTEX_POINT('',#5040);
#1316=VERTEX_POINT('',#5045);
#1317=VERTEX_POINT('',#5046);
#1318=VERTEX_POINT('',#5053);
#1319=VERTEX_POINT('',#5055);
#1320=VERTEX_POINT('',#5057);
#1321=VERTEX_POINT('',#5059);
#1322=VERTEX_POINT('',#5061);
#1323=VERTEX_POINT('',#5063);
#1324=VERTEX_POINT('',#5065);
#1325=VERTEX_POINT('',#5067);
#1326=VERTEX_POINT('',#5069);
#1327=VERTEX_POINT('',#5071);
#1328=VERTEX_POINT('',#5073);
#1329=VERTEX_POINT('',#5075);
#1330=VERTEX_POINT('',#5077);
#1331=VERTEX_POINT('',#5079);
#1332=VERTEX_POINT('',#5090);
#1333=VERTEX_POINT('',#5092);
#1334=VERTEX_POINT('',#5094);
#1335=VERTEX_POINT('',#5096);
#1336=VERTEX_POINT('',#5098);
#1337=VERTEX_POINT('',#5100);
#1338=VERTEX_POINT('',#5102);
#1339=VERTEX_POINT('',#5104);
#1340=VERTEX_POINT('',#5106);
#1341=VERTEX_POINT('',#5108);
#1342=VERTEX_POINT('',#5110);
#1343=VERTEX_POINT('',#5112);
#1344=VERTEX_POINT('',#5114);
#1345=VERTEX_POINT('',#5116);
#1346=VERTEX_POINT('',#5118);
#1347=VERTEX_POINT('',#5120);
#1348=VERTEX_POINT('',#5122);
#1349=VERTEX_POINT('',#5124);
#1350=VERTEX_POINT('',#5127);
#1351=VERTEX_POINT('',#5130);
#1352=VERTEX_POINT('',#5132);
#1353=VERTEX_POINT('',#5134);
#1354=VERTEX_POINT('',#5137);
#1355=VERTEX_POINT('',#5139);
#1356=VERTEX_POINT('',#5141);
#1357=VERTEX_POINT('',#5148);
#1358=VERTEX_POINT('',#5150);
#1359=VERTEX_POINT('',#5152);
#1360=VERTEX_POINT('',#5159);
#1361=VERTEX_POINT('',#5161);
#1362=VERTEX_POINT('',#5163);
#1363=VERTEX_POINT('',#5170);
#1364=VERTEX_POINT('',#5171);
#1365=VERTEX_POINT('',#5182);
#1366=VERTEX_POINT('',#5184);
#1367=VERTEX_POINT('',#5197);
#1368=VERTEX_POINT('',#5199);
#1369=VERTEX_POINT('',#5201);
#1370=VERTEX_POINT('',#5203);
#1371=VERTEX_POINT('',#5216);
#1372=VERTEX_POINT('',#5218);
#1373=VERTEX_POINT('',#5220);
#1374=VERTEX_POINT('',#5222);
#1375=VERTEX_POINT('',#5224);
#1376=VERTEX_POINT('',#5226);
#1377=VERTEX_POINT('',#5228);
#1378=VERTEX_POINT('',#5230);
#1379=VERTEX_POINT('',#5232);
#1380=VERTEX_POINT('',#5234);
#1381=VERTEX_POINT('',#5236);
#1382=VERTEX_POINT('',#5238);
#1383=VERTEX_POINT('',#5240);
#1384=VERTEX_POINT('',#5242);
#1385=VERTEX_POINT('',#5244);
#1386=VERTEX_POINT('',#5246);
#1387=VERTEX_POINT('',#5248);
#1388=VERTEX_POINT('',#5252);
#1389=VERTEX_POINT('',#5253);
#1390=VERTEX_POINT('',#5264);
#1391=VERTEX_POINT('',#5266);
#1392=VERTEX_POINT('',#5279);
#1393=VERTEX_POINT('',#5281);
#1394=VERTEX_POINT('',#5283);
#1395=VERTEX_POINT('',#5285);
#1396=VERTEX_POINT('',#5298);
#1397=VERTEX_POINT('',#5300);
#1398=VERTEX_POINT('',#5302);
#1399=VERTEX_POINT('',#5304);
#1400=VERTEX_POINT('',#5306);
#1401=VERTEX_POINT('',#5308);
#1402=VERTEX_POINT('',#5310);
#1403=VERTEX_POINT('',#5312);
#1404=VERTEX_POINT('',#5314);
#1405=VERTEX_POINT('',#5316);
#1406=VERTEX_POINT('',#5318);
#1407=VERTEX_POINT('',#5320);
#1408=VERTEX_POINT('',#5322);
#1409=VERTEX_POINT('',#5324);
#1410=VERTEX_POINT('',#5326);
#1411=VERTEX_POINT('',#5328);
#1412=VERTEX_POINT('',#5330);
#1413=VERTEX_POINT('',#5334);
#1414=VERTEX_POINT('',#5335);
#1415=VERTEX_POINT('',#5337);
#1416=VERTEX_POINT('',#5339);
#1417=VERTEX_POINT('',#5401);
#1418=VERTEX_POINT('',#5402);
#1419=VERTEX_POINT('',#5417);
#1420=VERTEX_POINT('',#5441);
#1421=VERTEX_POINT('',#5443);
#1422=VERTEX_POINT('',#5445);
#1423=VERTEX_POINT('',#5447);
#1424=VERTEX_POINT('',#5449);
#1425=VERTEX_POINT('',#5451);
#1426=VERTEX_POINT('',#5453);
#1427=VERTEX_POINT('',#5455);
#1428=VERTEX_POINT('',#5457);
#1429=VERTEX_POINT('',#5459);
#1430=VERTEX_POINT('',#5461);
#1431=VERTEX_POINT('',#5476);
#1432=VERTEX_POINT('',#5480);
#1433=VERTEX_POINT('',#5493);
#1434=VERTEX_POINT('',#5510);
#1435=VERTEX_POINT('',#5512);
#1436=VERTEX_POINT('',#5516);
#1437=VERTEX_POINT('',#5517);
#1438=VERTEX_POINT('',#5525);
#1439=VERTEX_POINT('',#5527);
#1440=VERTEX_POINT('',#5529);
#1441=VERTEX_POINT('',#5533);
#1442=VERTEX_POINT('',#5535);
#1443=VERTEX_POINT('',#5539);
#1444=VERTEX_POINT('',#5541);
#1445=VERTEX_POINT('',#5543);
#1446=VERTEX_POINT('',#5545);
#1447=VERTEX_POINT('',#5547);
#1448=VERTEX_POINT('',#5549);
#1449=VERTEX_POINT('',#5551);
#1450=VERTEX_POINT('',#5553);
#1451=VERTEX_POINT('',#5555);
#1452=VERTEX_POINT('',#5559);
#1453=VERTEX_POINT('',#5560);
#1454=VERTEX_POINT('',#5565);
#1455=VERTEX_POINT('',#5567);
#1456=VERTEX_POINT('',#5569);
#1457=VERTEX_POINT('',#5573);
#1458=VERTEX_POINT('',#5575);
#1459=VERTEX_POINT('',#5579);
#1460=VERTEX_POINT('',#5581);
#1461=VERTEX_POINT('',#5585);
#1462=VERTEX_POINT('',#5587);
#1463=VERTEX_POINT('',#5589);
#1464=VERTEX_POINT('',#5600);
#1465=VERTEX_POINT('',#5601);
#1466=VERTEX_POINT('',#5606);
#1467=VERTEX_POINT('',#5610);
#1468=VERTEX_POINT('',#5611);
#1469=VERTEX_POINT('',#5617);
#1470=VERTEX_POINT('',#5621);
#1471=VERTEX_POINT('',#5622);
#1472=VERTEX_POINT('',#5628);
#1473=VERTEX_POINT('',#5632);
#1474=VERTEX_POINT('',#5636);
#1475=VERTEX_POINT('',#5640);
#1476=VERTEX_POINT('',#5644);
#1477=VERTEX_POINT('',#5645);
#1478=VERTEX_POINT('',#5656);
#1479=VERTEX_POINT('',#5658);
#1480=VERTEX_POINT('',#5662);
#1481=VERTEX_POINT('',#5671);
#1482=VERTEX_POINT('',#5678);
#1483=VERTEX_POINT('',#5682);
#1484=VERTEX_POINT('',#5685);
#1485=VERTEX_POINT('',#5720);
#1486=VERTEX_POINT('',#5722);
#1487=VERTEX_POINT('',#5726);
#1488=VERTEX_POINT('',#5757);
#1489=VERTEX_POINT('',#5759);
#1490=VERTEX_POINT('',#5763);
#1491=VERTEX_POINT('',#5768);
#1492=VERTEX_POINT('',#5769);
#1493=VERTEX_POINT('',#5771);
#1494=VERTEX_POINT('',#5773);
#1495=VERTEX_POINT('',#5777);
#1496=VERTEX_POINT('',#5779);
#1497=VERTEX_POINT('',#5783);
#1498=VERTEX_POINT('',#5787);
#1499=VERTEX_POINT('',#5789);
#1500=VERTEX_POINT('',#5794);
#1501=VERTEX_POINT('',#5798);
#1502=VERTEX_POINT('',#5802);
#1503=VERTEX_POINT('',#5804);
#1504=VERTEX_POINT('',#5806);
#1505=VERTEX_POINT('',#5808);
#1506=VERTEX_POINT('',#5810);
#1507=VERTEX_POINT('',#5812);
#1508=VERTEX_POINT('',#5816);
#1509=VERTEX_POINT('',#5819);
#1510=VERTEX_POINT('',#5821);
#1511=VERTEX_POINT('',#5825);
#1512=VERTEX_POINT('',#5838);
#1513=VERTEX_POINT('',#5840);
#1514=VERTEX_POINT('',#5846);
#1515=VERTEX_POINT('',#5848);
#1516=VERTEX_POINT('',#5850);
#1517=VERTEX_POINT('',#5852);
#1518=VERTEX_POINT('',#5854);
#1519=VERTEX_POINT('',#5856);
#1520=VERTEX_POINT('',#5858);
#1521=VERTEX_POINT('',#5860);
#1522=VERTEX_POINT('',#5862);
#1523=VERTEX_POINT('',#5871);
#1524=VERTEX_POINT('',#5875);
#1525=VERTEX_POINT('',#5881);
#1526=VERTEX_POINT('',#5883);
#1527=VERTEX_POINT('',#5887);
#1528=VERTEX_POINT('',#5891);
#1529=VERTEX_POINT('',#5893);
#1530=VERTEX_POINT('',#5899);
#1531=VERTEX_POINT('',#5901);
#1532=VERTEX_POINT('',#5905);
#1533=VERTEX_POINT('',#5906);
#1534=VERTEX_POINT('',#5908);
#1535=VERTEX_POINT('',#5910);
#1536=VERTEX_POINT('',#5914);
#1537=VERTEX_POINT('',#5916);
#1538=VERTEX_POINT('',#5920);
#1539=VERTEX_POINT('',#5922);
#1540=VERTEX_POINT('',#5930);
#1541=VERTEX_POINT('',#5932);
#1542=VERTEX_POINT('',#5936);
#1543=VERTEX_POINT('',#5939);
#1544=VERTEX_POINT('',#5942);
#1545=VERTEX_POINT('',#5946);
#1546=VERTEX_POINT('',#5948);
#1547=VERTEX_POINT('',#5953);
#1548=VERTEX_POINT('',#5958);
#1549=VERTEX_POINT('',#5960);
#1550=VERTEX_POINT('',#5965);
#1551=VERTEX_POINT('',#5969);
#1552=VERTEX_POINT('',#5971);
#1553=VERTEX_POINT('',#5973);
#1554=VERTEX_POINT('',#5975);
#1555=VERTEX_POINT('',#5977);
#1556=VERTEX_POINT('',#5979);
#1557=VERTEX_POINT('',#5981);
#1558=VERTEX_POINT('',#5983);
#1559=VERTEX_POINT('',#5985);
#1560=VERTEX_POINT('',#5987);
#1561=VERTEX_POINT('',#5989);
#1562=VERTEX_POINT('',#5991);
#1563=VERTEX_POINT('',#5993);
#1564=VERTEX_POINT('',#5996);
#1565=VERTEX_POINT('',#5998);
#1566=VERTEX_POINT('',#6000);
#1567=VERTEX_POINT('',#6002);
#1568=VERTEX_POINT('',#6004);
#1569=VERTEX_POINT('',#6008);
#1570=VERTEX_POINT('',#6010);
#1571=VERTEX_POINT('',#6012);
#1572=VERTEX_POINT('',#6014);
#1573=VERTEX_POINT('',#6016);
#1574=VERTEX_POINT('',#6020);
#1575=VERTEX_POINT('',#6022);
#1576=VERTEX_POINT('',#6024);
#1577=VERTEX_POINT('',#6026);
#1578=VERTEX_POINT('',#6028);
#1579=VERTEX_POINT('',#6032);
#1580=VERTEX_POINT('',#6034);
#1581=VERTEX_POINT('',#6036);
#1582=VERTEX_POINT('',#6038);
#1583=VERTEX_POINT('',#6040);
#1584=VERTEX_POINT('',#6044);
#1585=VERTEX_POINT('',#6046);
#1586=VERTEX_POINT('',#6048);
#1587=VERTEX_POINT('',#6050);
#1588=VERTEX_POINT('',#6054);
#1589=VERTEX_POINT('',#6056);
#1590=VERTEX_POINT('',#6058);
#1591=VERTEX_POINT('',#6060);
#1592=VERTEX_POINT('',#6062);
#1593=VERTEX_POINT('',#6066);
#1594=VERTEX_POINT('',#6068);
#1595=VERTEX_POINT('',#6070);
#1596=VERTEX_POINT('',#6072);
#1597=VERTEX_POINT('',#6076);
#1598=VERTEX_POINT('',#6078);
#1599=VERTEX_POINT('',#6082);
#1600=VERTEX_POINT('',#6085);
#1601=VERTEX_POINT('',#6087);
#1602=VERTEX_POINT('',#6090);
#1603=VERTEX_POINT('',#6092);
#1604=VERTEX_POINT('',#6100);
#1605=VERTEX_POINT('',#6102);
#1606=VERTEX_POINT('',#6106);
#1607=VERTEX_POINT('',#6108);
#1608=VERTEX_POINT('',#6110);
#1609=VERTEX_POINT('',#6113);
#1610=VERTEX_POINT('',#6115);
#1611=VERTEX_POINT('',#6120);
#1612=VERTEX_POINT('',#6126);
#1613=VERTEX_POINT('',#6128);
#1614=VERTEX_POINT('',#6130);
#1615=VERTEX_POINT('',#6134);
#1616=VERTEX_POINT('',#6136);
#1617=VERTEX_POINT('',#6140);
#1618=VERTEX_POINT('',#6144);
#1619=VERTEX_POINT('',#6147);
#1620=VERTEX_POINT('',#6149);
#1621=VERTEX_POINT('',#6152);
#1622=VERTEX_POINT('',#6154);
#1623=VERTEX_POINT('',#6156);
#1624=VERTEX_POINT('',#6160);
#1625=VERTEX_POINT('',#6183);
#1626=VERTEX_POINT('',#6184);
#1627=VERTEX_POINT('',#6186);
#1628=VERTEX_POINT('',#6188);
#1629=VERTEX_POINT('',#6191);
#1630=VERTEX_POINT('',#6193);
#1631=VERTEX_POINT('',#6197);
#1632=VERTEX_POINT('',#6198);
#1633=VERTEX_POINT('',#6200);
#1634=VERTEX_POINT('',#6202);
#1635=VERTEX_POINT('',#6205);
#1636=VERTEX_POINT('',#6207);
#1637=EDGE_CURVE('',#1298,#1299,#1060,.T.);
#1638=EDGE_CURVE('',#1299,#1300,#556,.T.);
#1639=EDGE_CURVE('',#1300,#1301,#1061,.T.);
#1640=EDGE_CURVE('',#1301,#1298,#557,.T.);
#1641=EDGE_CURVE('',#1302,#1299,#558,.T.);
#1642=EDGE_CURVE('',#1303,#1302,#559,.T.);
#1643=EDGE_CURVE('',#1300,#1303,#560,.T.);
#1644=EDGE_CURVE('',#1298,#1304,#561,.T.);
#1645=EDGE_CURVE('',#1304,#1305,#562,.T.);
#1646=EDGE_CURVE('',#1305,#1306,#563,.T.);
#1647=EDGE_CURVE('',#1307,#1306,#1062,.F.);
#1648=EDGE_CURVE('',#1308,#1307,#564,.T.);
#1649=EDGE_CURVE('',#1308,#1309,#565,.T.);
#1650=EDGE_CURVE('',#1302,#1309,#1063,.T.);
#1651=EDGE_CURVE('',#1310,#1311,#1064,.T.);
#1652=EDGE_CURVE('',#1311,#1312,#566,.T.);
#1653=EDGE_CURVE('',#1312,#1313,#1065,.T.);
#1654=EDGE_CURVE('',#1313,#1310,#567,.T.);
#1655=EDGE_CURVE('',#1314,#1315,#1066,.T.);
#1656=EDGE_CURVE('',#1315,#1313,#1067,.T.);
#1657=EDGE_CURVE('',#1312,#1314,#1068,.T.);
#1658=EDGE_CURVE('',#1316,#1317,#1069,.T.);
#1659=EDGE_CURVE('',#1317,#1315,#568,.T.);
#1660=EDGE_CURVE('',#1314,#1316,#569,.T.);
#1661=EDGE_CURVE('',#1316,#1311,#570,.T.);
#1662=EDGE_CURVE('',#1318,#1303,#1070,.T.);
#1663=EDGE_CURVE('',#1319,#1318,#571,.T.);
#1664=EDGE_CURVE('',#1320,#1319,#1071,.T.);
#1665=EDGE_CURVE('',#1321,#1320,#572,.T.);
#1666=EDGE_CURVE('',#1322,#1321,#1072,.T.);
#1667=EDGE_CURVE('',#1323,#1322,#573,.T.);
#1668=EDGE_CURVE('',#1324,#1323,#1073,.T.);
#1669=EDGE_CURVE('',#1324,#1325,#574,.T.);
#1670=EDGE_CURVE('',#1326,#1325,#575,.T.);
#1671=EDGE_CURVE('',#1326,#1327,#576,.T.);
#1672=EDGE_CURVE('',#1327,#1328,#577,.T.);
#1673=EDGE_CURVE('',#1328,#1329,#578,.T.);
#1674=EDGE_CURVE('',#1330,#1329,#579,.T.);
#1675=EDGE_CURVE('',#1331,#1330,#41,.F.);
#1676=EDGE_CURVE('',#1331,#1332,#580,.T.);
#1677=EDGE_CURVE('',#1332,#1333,#1074,.T.);
#1678=EDGE_CURVE('',#1334,#1333,#1075,.T.);
#1679=EDGE_CURVE('',#1335,#1334,#581,.T.);
#1680=EDGE_CURVE('',#1336,#1335,#1076,.T.);
#1681=EDGE_CURVE('',#1337,#1336,#1077,.T.);
#1682=EDGE_CURVE('',#1338,#1337,#1078,.T.);
#1683=EDGE_CURVE('',#1339,#1338,#582,.T.);
#1684=EDGE_CURVE('',#1340,#1339,#1079,.T.);
#1685=EDGE_CURVE('',#1340,#1341,#1080,.T.);
#1686=EDGE_CURVE('',#1342,#1341,#1081,.T.);
#1687=EDGE_CURVE('',#1343,#1342,#583,.T.);
#1688=EDGE_CURVE('',#1344,#1343,#1082,.T.);
#1689=EDGE_CURVE('',#1345,#1344,#1083,.T.);
#1690=EDGE_CURVE('',#1346,#1345,#1084,.T.);
#1691=EDGE_CURVE('',#1347,#1346,#584,.T.);
#1692=EDGE_CURVE('',#1348,#1347,#1085,.T.);
#1693=EDGE_CURVE('',#1348,#1349,#1086,.T.);
#1694=EDGE_CURVE('',#1349,#1317,#585,.T.);
#1695=EDGE_CURVE('',#1310,#1350,#586,.T.);
#1696=EDGE_CURVE('',#1350,#1301,#587,.T.);
#1697=EDGE_CURVE('',#1351,#1351,#1087,.T.);
#1698=EDGE_CURVE('',#1352,#1352,#1088,.T.);
#1699=EDGE_CURVE('',#1353,#1353,#1089,.T.);
#1700=EDGE_CURVE('',#1354,#1354,#1090,.T.);
#1701=EDGE_CURVE('',#1354,#1355,#1091,.T.);
#1702=EDGE_CURVE('',#1355,#1356,#1092,.T.);
#1703=EDGE_CURVE('',#1356,#1355,#1093,.T.);
#1704=EDGE_CURVE('',#1356,#1351,#588,.T.);
#1705=EDGE_CURVE('',#1357,#1357,#1094,.T.);
#1706=EDGE_CURVE('',#1357,#1358,#1095,.T.);
#1707=EDGE_CURVE('',#1358,#1359,#1096,.T.);
#1708=EDGE_CURVE('',#1359,#1358,#1097,.T.);
#1709=EDGE_CURVE('',#1359,#1352,#589,.T.);
#1710=EDGE_CURVE('',#1360,#1360,#1098,.T.);
#1711=EDGE_CURVE('',#1360,#1361,#1099,.T.);
#1712=EDGE_CURVE('',#1361,#1362,#1100,.T.);
#1713=EDGE_CURVE('',#1362,#1361,#1101,.T.);
#1714=EDGE_CURVE('',#1362,#1353,#590,.T.);
#1715=EDGE_CURVE('',#1363,#1364,#42,.T.);
#1716=EDGE_CURVE('',#1364,#1365,#1102,.T.);
#1717=EDGE_CURVE('',#1365,#1366,#43,.T.);
#1718=EDGE_CURVE('',#1366,#1363,#1103,.T.);
#1719=EDGE_CURVE('',#1367,#1363,#591,.T.);
#1720=EDGE_CURVE('',#1368,#1367,#592,.T.);
#1721=EDGE_CURVE('',#1369,#1368,#593,.T.);
#1722=EDGE_CURVE('',#1370,#1369,#44,.F.);
#1723=EDGE_CURVE('',#1370,#1364,#594,.T.);
#1724=EDGE_CURVE('',#1366,#1371,#595,.T.);
#1725=EDGE_CURVE('',#1371,#1372,#1104,.T.);
#1726=EDGE_CURVE('',#1372,#1373,#1105,.T.);
#1727=EDGE_CURVE('',#1373,#1374,#1106,.T.);
#1728=EDGE_CURVE('',#1374,#1375,#1107,.T.);
#1729=EDGE_CURVE('',#1375,#1376,#1108,.T.);
#1730=EDGE_CURVE('',#1376,#1377,#1109,.T.);
#1731=EDGE_CURVE('',#1377,#1378,#1110,.T.);
#1732=EDGE_CURVE('',#1378,#1379,#596,.T.);
#1733=EDGE_CURVE('',#1379,#1380,#1111,.T.);
#1734=EDGE_CURVE('',#1380,#1381,#597,.T.);
#1735=EDGE_CURVE('',#1381,#1382,#1112,.T.);
#1736=EDGE_CURVE('',#1382,#1383,#1113,.T.);
#1737=EDGE_CURVE('',#1383,#1384,#1114,.T.);
#1738=EDGE_CURVE('',#1384,#1385,#1115,.T.);
#1739=EDGE_CURVE('',#1385,#1386,#1116,.T.);
#1740=EDGE_CURVE('',#1386,#1387,#1117,.T.);
#1741=EDGE_CURVE('',#1387,#1367,#1118,.T.);
#1742=EDGE_CURVE('',#1388,#1389,#45,.T.);
#1743=EDGE_CURVE('',#1389,#1390,#1119,.T.);
#1744=EDGE_CURVE('',#1390,#1391,#46,.T.);
#1745=EDGE_CURVE('',#1391,#1388,#1120,.T.);
#1746=EDGE_CURVE('',#1392,#1390,#598,.T.);
#1747=EDGE_CURVE('',#1393,#1392,#599,.T.);
#1748=EDGE_CURVE('',#1394,#1393,#600,.T.);
#1749=EDGE_CURVE('',#1395,#1394,#47,.F.);
#1750=EDGE_CURVE('',#1395,#1391,#601,.T.);
#1751=EDGE_CURVE('',#1389,#1396,#602,.T.);
#1752=EDGE_CURVE('',#1396,#1397,#1121,.T.);
#1753=EDGE_CURVE('',#1397,#1398,#1122,.T.);
#1754=EDGE_CURVE('',#1398,#1399,#1123,.T.);
#1755=EDGE_CURVE('',#1399,#1400,#1124,.T.);
#1756=EDGE_CURVE('',#1400,#1401,#1125,.T.);
#1757=EDGE_CURVE('',#1401,#1402,#1126,.T.);
#1758=EDGE_CURVE('',#1402,#1403,#1127,.T.);
#1759=EDGE_CURVE('',#1403,#1404,#603,.T.);
#1760=EDGE_CURVE('',#1404,#1405,#1128,.T.);
#1761=EDGE_CURVE('',#1405,#1406,#604,.T.);
#1762=EDGE_CURVE('',#1406,#1407,#1129,.T.);
#1763=EDGE_CURVE('',#1407,#1408,#1130,.T.);
#1764=EDGE_CURVE('',#1408,#1409,#1131,.T.);
#1765=EDGE_CURVE('',#1409,#1410,#1132,.T.);
#1766=EDGE_CURVE('',#1410,#1411,#1133,.T.);
#1767=EDGE_CURVE('',#1411,#1412,#1134,.T.);
#1768=EDGE_CURVE('',#1412,#1392,#1135,.T.);
#1769=EDGE_CURVE('',#1413,#1414,#1136,.T.);
#1770=EDGE_CURVE('',#1414,#1415,#1137,.T.);
#1771=EDGE_CURVE('',#1415,#1416,#48,.F.);
#1772=EDGE_CURVE('',#1416,#1413,#1138,.T.);
#1773=EDGE_CURVE('',#1417,#1418,#49,.F.);
#1774=EDGE_CURVE('',#1418,#1414,#50,.T.);
#1775=EDGE_CURVE('',#1419,#1413,#51,.F.);
#1776=EDGE_CURVE('',#1417,#1419,#52,.T.);
#1777=EDGE_CURVE('',#1420,#1370,#1139,.T.);
#1778=EDGE_CURVE('',#1420,#1421,#605,.T.);
#1779=EDGE_CURVE('',#1422,#1421,#1140,.T.);
#1780=EDGE_CURVE('',#1422,#1423,#606,.T.);
#1781=EDGE_CURVE('',#1423,#1424,#1141,.T.);
#1782=EDGE_CURVE('',#1424,#1425,#607,.T.);
#1783=EDGE_CURVE('',#1426,#1425,#1142,.T.);
#1784=EDGE_CURVE('',#1426,#1427,#608,.T.);
#1785=EDGE_CURVE('',#1427,#1428,#1143,.T.);
#1786=EDGE_CURVE('',#1428,#1429,#609,.T.);
#1787=EDGE_CURVE('',#1430,#1429,#1144,.T.);
#1788=EDGE_CURVE('',#1413,#1430,#53,.F.);
#1789=EDGE_CURVE('',#1416,#1388,#610,.T.);
#1790=EDGE_CURVE('',#1431,#1395,#1145,.T.);
#1791=EDGE_CURVE('',#1431,#1365,#611,.T.);
#1792=EDGE_CURVE('',#1432,#1431,#54,.F.);
#1793=EDGE_CURVE('',#1394,#1432,#1146,.T.);
#1794=EDGE_CURVE('',#1369,#1433,#1147,.T.);
#1795=EDGE_CURVE('',#1433,#1420,#55,.T.);
#1796=EDGE_CURVE('',#1433,#1434,#612,.T.);
#1797=EDGE_CURVE('',#1434,#1435,#1148,.T.);
#1798=EDGE_CURVE('',#1435,#1420,#613,.T.);
#1799=EDGE_CURVE('',#1436,#1437,#1149,.T.);
#1800=EDGE_CURVE('',#1437,#1435,#1150,.T.);
#1801=EDGE_CURVE('',#1434,#1436,#1151,.T.);
#1802=EDGE_CURVE('',#1306,#1437,#614,.T.);
#1803=EDGE_CURVE('',#1436,#1307,#615,.T.);
#1804=EDGE_CURVE('',#1438,#1305,#616,.T.);
#1805=EDGE_CURVE('',#1439,#1438,#1152,.F.);
#1806=EDGE_CURVE('',#1439,#1440,#617,.T.);
#1807=EDGE_CURVE('',#1421,#1440,#618,.T.);
#1808=EDGE_CURVE('',#1434,#1441,#619,.T.);
#1809=EDGE_CURVE('',#1441,#1442,#1153,.F.);
#1810=EDGE_CURVE('',#1442,#1436,#620,.T.);
#1811=EDGE_CURVE('',#1368,#1443,#1154,.T.);
#1812=EDGE_CURVE('',#1443,#1444,#1155,.T.);
#1813=EDGE_CURVE('',#1444,#1445,#1156,.T.);
#1814=EDGE_CURVE('',#1445,#1446,#1157,.T.);
#1815=EDGE_CURVE('',#1446,#1447,#1158,.T.);
#1816=EDGE_CURVE('',#1447,#1448,#1159,.T.);
#1817=EDGE_CURVE('',#1448,#1449,#1160,.T.);
#1818=EDGE_CURVE('',#1449,#1450,#621,.T.);
#1819=EDGE_CURVE('',#1450,#1451,#622,.T.);
#1820=EDGE_CURVE('',#1451,#1441,#623,.T.);
#1821=EDGE_CURVE('',#1452,#1453,#1161,.T.);
#1822=EDGE_CURVE('',#1453,#1324,#624,.T.);
#1823=EDGE_CURVE('',#1323,#1452,#625,.T.);
#1824=EDGE_CURVE('',#1454,#1453,#626,.T.);
#1825=EDGE_CURVE('',#1454,#1455,#627,.T.);
#1826=EDGE_CURVE('',#1455,#1456,#628,.T.);
#1827=EDGE_CURVE('',#1325,#1456,#629,.T.);
#1828=EDGE_CURVE('',#1321,#1457,#630,.T.);
#1829=EDGE_CURVE('',#1457,#1458,#1162,.T.);
#1830=EDGE_CURVE('',#1458,#1322,#631,.T.);
#1831=EDGE_CURVE('',#1459,#1458,#632,.T.);
#1832=EDGE_CURVE('',#1460,#1459,#633,.T.);
#1833=EDGE_CURVE('',#1452,#1460,#634,.T.);
#1834=EDGE_CURVE('',#1457,#1461,#635,.T.);
#1835=EDGE_CURVE('',#1462,#1461,#1163,.T.);
#1836=EDGE_CURVE('',#1462,#1463,#636,.T.);
#1837=EDGE_CURVE('',#1459,#1463,#637,.T.);
#1838=EDGE_CURVE('',#1319,#1462,#638,.T.);
#1839=EDGE_CURVE('',#1461,#1320,#639,.T.);
#1840=EDGE_CURVE('',#1309,#1318,#640,.T.);
#1841=EDGE_CURVE('',#1463,#1308,#641,.T.);
#1842=EDGE_CURVE('',#1464,#1465,#1164,.T.);
#1843=EDGE_CURVE('',#1465,#1348,#642,.T.);
#1844=EDGE_CURVE('',#1347,#1464,#643,.T.);
#1845=EDGE_CURVE('',#1466,#1465,#1165,.T.);
#1846=EDGE_CURVE('',#1349,#1466,#644,.T.);
#1847=EDGE_CURVE('',#1467,#1468,#1166,.T.);
#1848=EDGE_CURVE('',#1468,#1342,#645,.T.);
#1849=EDGE_CURVE('',#1341,#1467,#646,.T.);
#1850=EDGE_CURVE('',#1425,#1468,#647,.T.);
#1851=EDGE_CURVE('',#1469,#1424,#648,.T.);
#1852=EDGE_CURVE('',#1343,#1469,#649,.T.);
#1853=EDGE_CURVE('',#1470,#1471,#1167,.T.);
#1854=EDGE_CURVE('',#1471,#1334,#650,.T.);
#1855=EDGE_CURVE('',#1333,#1470,#651,.T.);
#1856=EDGE_CURVE('',#1429,#1471,#652,.T.);
#1857=EDGE_CURVE('',#1472,#1428,#653,.T.);
#1858=EDGE_CURVE('',#1335,#1472,#654,.T.);
#1859=EDGE_CURVE('',#1472,#1473,#1168,.T.);
#1860=EDGE_CURVE('',#1473,#1336,#655,.T.);
#1861=EDGE_CURVE('',#1474,#1473,#1169,.T.);
#1862=EDGE_CURVE('',#1337,#1474,#656,.T.);
#1863=EDGE_CURVE('',#1427,#1475,#657,.T.);
#1864=EDGE_CURVE('',#1474,#1475,#1170,.T.);
#1865=EDGE_CURVE('',#1476,#1477,#1171,.T.);
#1866=EDGE_CURVE('',#1477,#1340,#658,.T.);
#1867=EDGE_CURVE('',#1339,#1476,#659,.T.);
#1868=EDGE_CURVE('',#1467,#1477,#1172,.T.);
#1869=EDGE_CURVE('',#1475,#1338,#660,.T.);
#1870=EDGE_CURVE('',#1476,#1426,#661,.T.);
#1871=EDGE_CURVE('',#1345,#1478,#662,.T.);
#1872=EDGE_CURVE('',#1478,#1479,#1173,.T.);
#1873=EDGE_CURVE('',#1479,#1346,#663,.T.);
#1874=EDGE_CURVE('',#1478,#1480,#1174,.T.);
#1875=EDGE_CURVE('',#1469,#1480,#1175,.T.);
#1876=EDGE_CURVE('',#1423,#1479,#664,.T.);
#1877=EDGE_CURVE('',#1480,#1344,#665,.T.);
#1878=EDGE_CURVE('',#1330,#1417,#1176,.T.);
#1879=EDGE_CURVE('',#1481,#1430,#56,.T.);
#1880=EDGE_CURVE('',#1481,#1482,#1177,.T.);
#1881=EDGE_CURVE('',#1482,#1331,#1178,.T.);
#1882=EDGE_CURVE('',#1483,#1483,#1179,.T.);
#1883=EDGE_CURVE('',#1483,#1482,#666,.T.);
#1884=EDGE_CURVE('',#1484,#1481,#667,.T.);
#1885=EDGE_CURVE('',#1332,#1484,#57,.T.);
#1886=EDGE_CURVE('',#1485,#1485,#1180,.T.);
#1887=EDGE_CURVE('',#1485,#1486,#1181,.T.);
#1888=EDGE_CURVE('',#1486,#1486,#1182,.T.);
#1889=EDGE_CURVE('',#1486,#1487,#668,.T.);
#1890=EDGE_CURVE('',#1487,#1487,#1183,.T.);
#1891=EDGE_CURVE('',#1488,#1488,#1184,.T.);
#1892=EDGE_CURVE('',#1488,#1489,#1185,.T.);
#1893=EDGE_CURVE('',#1489,#1489,#1186,.T.);
#1894=EDGE_CURVE('',#1489,#1490,#669,.T.);
#1895=EDGE_CURVE('',#1490,#1490,#1187,.T.);
#1896=EDGE_CURVE('',#1491,#1492,#670,.T.);
#1897=EDGE_CURVE('',#1492,#1493,#671,.T.);
#1898=EDGE_CURVE('',#1493,#1494,#672,.T.);
#1899=EDGE_CURVE('',#1491,#1494,#673,.T.);
#1900=EDGE_CURVE('',#1492,#1495,#674,.T.);
#1901=EDGE_CURVE('',#1496,#1495,#1188,.T.);
#1902=EDGE_CURVE('',#1496,#1493,#675,.T.);
#1903=EDGE_CURVE('',#1497,#1491,#676,.T.);
#1904=EDGE_CURVE('',#1495,#1497,#677,.T.);
#1905=EDGE_CURVE('',#1498,#1498,#1189,.T.);
#1906=EDGE_CURVE('',#1498,#1499,#678,.T.);
#1907=EDGE_CURVE('',#1499,#1499,#1190,.T.);
#1908=EDGE_CURVE('',#1500,#1496,#679,.T.);
#1909=EDGE_CURVE('',#1494,#1500,#680,.T.);
#1910=EDGE_CURVE('',#1329,#1501,#1191,.T.);
#1911=EDGE_CURVE('',#1501,#1326,#1192,.T.);
#1912=EDGE_CURVE('',#1456,#1497,#1193,.T.);
#1913=EDGE_CURVE('',#1500,#1502,#1194,.T.);
#1914=EDGE_CURVE('',#1502,#1503,#1195,.T.);
#1915=EDGE_CURVE('',#1503,#1504,#1196,.T.);
#1916=EDGE_CURVE('',#1504,#1505,#681,.T.);
#1917=EDGE_CURVE('',#1506,#1505,#682,.T.);
#1918=EDGE_CURVE('',#1507,#1506,#683,.T.);
#1919=EDGE_CURVE('',#1418,#1507,#684,.T.);
#1920=EDGE_CURVE('',#1508,#1454,#685,.T.);
#1921=EDGE_CURVE('',#1442,#1508,#686,.T.);
#1922=EDGE_CURVE('',#1451,#1509,#1197,.T.);
#1923=EDGE_CURVE('',#1509,#1510,#1198,.T.);
#1924=EDGE_CURVE('',#1510,#1455,#1199,.T.);
#1925=EDGE_CURVE('',#1327,#1511,#1200,.T.);
#1926=EDGE_CURVE('',#1511,#1328,#1201,.T.);
#1927=EDGE_CURVE('',#1502,#1510,#687,.T.);
#1928=EDGE_CURVE('',#1501,#1511,#688,.T.);
#1929=EDGE_CURVE('',#1504,#1450,#21,.T.);
#1930=EDGE_CURVE('',#1503,#1509,#689,.T.);
#1931=EDGE_CURVE('',#1512,#1512,#1202,.T.);
#1932=EDGE_CURVE('',#1512,#1513,#690,.T.);
#1933=EDGE_CURVE('',#1513,#1513,#1203,.T.);
#1934=EDGE_CURVE('',#1507,#1514,#691,.T.);
#1935=EDGE_CURVE('',#1514,#1515,#1204,.T.);
#1936=EDGE_CURVE('',#1515,#1516,#1205,.T.);
#1937=EDGE_CURVE('',#1516,#1517,#1206,.T.);
#1938=EDGE_CURVE('',#1517,#1518,#1207,.T.);
#1939=EDGE_CURVE('',#1518,#1519,#1208,.T.);
#1940=EDGE_CURVE('',#1519,#1520,#1209,.T.);
#1941=EDGE_CURVE('',#1520,#1521,#1210,.T.);
#1942=EDGE_CURVE('',#1521,#1522,#1211,.T.);
#1943=EDGE_CURVE('',#1522,#1415,#692,.T.);
#1944=EDGE_CURVE('',#1438,#1313,#693,.T.);
#1945=EDGE_CURVE('',#1350,#1304,#694,.T.);
#1946=EDGE_CURVE('',#1315,#1439,#695,.T.);
#1947=EDGE_CURVE('',#1379,#1523,#15,.T.);
#1948=EDGE_CURVE('',#1523,#1524,#1212,.T.);
#1949=EDGE_CURVE('',#1524,#1380,#16,.T.);
#1950=EDGE_CURVE('',#1525,#1378,#696,.T.);
#1951=EDGE_CURVE('',#1526,#1525,#697,.T.);
#1952=EDGE_CURVE('',#1526,#1523,#698,.T.);
#1953=EDGE_CURVE('',#1404,#1527,#17,.T.);
#1954=EDGE_CURVE('',#1527,#1528,#1213,.T.);
#1955=EDGE_CURVE('',#1528,#1529,#1214,.T.);
#1956=EDGE_CURVE('',#1529,#1405,#18,.T.);
#1957=EDGE_CURVE('',#1530,#1403,#699,.T.);
#1958=EDGE_CURVE('',#1531,#1530,#700,.T.);
#1959=EDGE_CURVE('',#1531,#1527,#701,.T.);
#1960=EDGE_CURVE('',#1532,#1533,#702,.T.);
#1961=EDGE_CURVE('',#1534,#1532,#703,.T.);
#1962=EDGE_CURVE('',#1535,#1534,#704,.T.);
#1963=EDGE_CURVE('',#1533,#1535,#705,.T.);
#1964=EDGE_CURVE('',#1533,#1536,#706,.T.);
#1965=EDGE_CURVE('',#1537,#1535,#707,.T.);
#1966=EDGE_CURVE('',#1536,#1537,#708,.T.);
#1967=EDGE_CURVE('',#1536,#1538,#709,.T.);
#1968=EDGE_CURVE('',#1539,#1537,#710,.T.);
#1969=EDGE_CURVE('',#1538,#1539,#711,.T.);
#1970=EDGE_CURVE('',#1532,#1538,#1215,.T.);
#1971=EDGE_CURVE('',#1539,#1534,#1216,.T.);
#1972=EDGE_CURVE('',#1540,#1540,#1217,.T.);
#1973=EDGE_CURVE('',#1540,#1541,#712,.T.);
#1974=EDGE_CURVE('',#1541,#1541,#1218,.T.);
#1975=EDGE_CURVE('',#1542,#1542,#1219,.T.);
#1976=EDGE_CURVE('',#1543,#1543,#1220,.T.);
#1977=EDGE_CURVE('',#1544,#1544,#1221,.T.);
#1978=EDGE_CURVE('',#1544,#1543,#713,.T.);
#1979=EDGE_CURVE('',#1545,#1545,#1222,.T.);
#1980=EDGE_CURVE('',#1545,#1546,#714,.T.);
#1981=EDGE_CURVE('',#1546,#1546,#1223,.T.);
#1982=EDGE_CURVE('',#1542,#1547,#715,.T.);
#1983=EDGE_CURVE('',#1547,#1547,#1224,.T.);
#1984=EDGE_CURVE('',#1548,#1548,#1225,.T.);
#1985=EDGE_CURVE('',#1548,#1549,#716,.T.);
#1986=EDGE_CURVE('',#1549,#1549,#1226,.T.);
#1987=EDGE_CURVE('',#1550,#1550,#1227,.T.);
#1988=EDGE_CURVE('',#1550,#1528,#717,.T.);
#1989=EDGE_CURVE('',#1551,#1531,#1228,.T.);
#1990=EDGE_CURVE('',#1551,#1552,#718,.T.);
#1991=EDGE_CURVE('',#1553,#1552,#1229,.T.);
#1992=EDGE_CURVE('',#1554,#1553,#719,.T.);
#1993=EDGE_CURVE('',#1555,#1554,#1230,.T.);
#1994=EDGE_CURVE('',#1555,#1556,#720,.T.);
#1995=EDGE_CURVE('',#1557,#1556,#1231,.T.);
#1996=EDGE_CURVE('',#1558,#1557,#721,.T.);
#1997=EDGE_CURVE('',#1559,#1558,#1232,.T.);
#1998=EDGE_CURVE('',#1559,#1560,#722,.T.);
#1999=EDGE_CURVE('',#1561,#1560,#1233,.T.);
#2000=EDGE_CURVE('',#1562,#1561,#723,.T.);
#2001=EDGE_CURVE('',#1563,#1562,#1234,.T.);
#2002=EDGE_CURVE('',#1563,#1524,#724,.T.);
#2003=EDGE_CURVE('',#1564,#1526,#1235,.T.);
#2004=EDGE_CURVE('',#1564,#1565,#725,.T.);
#2005=EDGE_CURVE('',#1566,#1565,#1236,.T.);
#2006=EDGE_CURVE('',#1567,#1566,#726,.T.);
#2007=EDGE_CURVE('',#1568,#1567,#1237,.T.);
#2008=EDGE_CURVE('',#1568,#1529,#727,.T.);
#2009=EDGE_CURVE('',#1562,#1569,#728,.T.);
#2010=EDGE_CURVE('',#1569,#1570,#1238,.T.);
#2011=EDGE_CURVE('',#1570,#1571,#1239,.T.);
#2012=EDGE_CURVE('',#1571,#1572,#1240,.T.);
#2013=EDGE_CURVE('',#1572,#1573,#1241,.T.);
#2014=EDGE_CURVE('',#1573,#1563,#729,.T.);
#2015=EDGE_CURVE('',#1558,#1574,#730,.T.);
#2016=EDGE_CURVE('',#1574,#1575,#1242,.T.);
#2017=EDGE_CURVE('',#1575,#1576,#1243,.T.);
#2018=EDGE_CURVE('',#1576,#1577,#1244,.T.);
#2019=EDGE_CURVE('',#1577,#1578,#1245,.T.);
#2020=EDGE_CURVE('',#1578,#1559,#731,.T.);
#2021=EDGE_CURVE('',#1554,#1579,#732,.T.);
#2022=EDGE_CURVE('',#1579,#1580,#1246,.T.);
#2023=EDGE_CURVE('',#1580,#1581,#1247,.T.);
#2024=EDGE_CURVE('',#1581,#1582,#1248,.T.);
#2025=EDGE_CURVE('',#1582,#1583,#1249,.T.);
#2026=EDGE_CURVE('',#1583,#1555,#733,.T.);
#2027=EDGE_CURVE('',#1530,#1584,#1250,.T.);
#2028=EDGE_CURVE('',#1584,#1585,#1251,.T.);
#2029=EDGE_CURVE('',#1585,#1586,#1252,.T.);
#2030=EDGE_CURVE('',#1586,#1587,#1253,.T.);
#2031=EDGE_CURVE('',#1587,#1551,#734,.T.);
#2032=EDGE_CURVE('',#1567,#1588,#735,.T.);
#2033=EDGE_CURVE('',#1588,#1589,#1254,.T.);
#2034=EDGE_CURVE('',#1589,#1590,#1255,.T.);
#2035=EDGE_CURVE('',#1590,#1591,#1256,.T.);
#2036=EDGE_CURVE('',#1591,#1592,#1257,.T.);
#2037=EDGE_CURVE('',#1592,#1568,#736,.T.);
#2038=EDGE_CURVE('',#1525,#1593,#1258,.T.);
#2039=EDGE_CURVE('',#1593,#1594,#1259,.T.);
#2040=EDGE_CURVE('',#1594,#1595,#1260,.T.);
#2041=EDGE_CURVE('',#1595,#1596,#1261,.T.);
#2042=EDGE_CURVE('',#1596,#1564,#737,.T.);
#2043=EDGE_CURVE('',#1597,#1597,#1262,.T.);
#2044=EDGE_CURVE('',#1597,#1598,#738,.T.);
#2045=EDGE_CURVE('',#1598,#1598,#1263,.T.);
#2046=EDGE_CURVE('',#1599,#1599,#1264,.T.);
#2047=EDGE_CURVE('',#1599,#1518,#739,.T.);
#2048=EDGE_CURVE('',#1517,#1600,#740,.T.);
#2049=EDGE_CURVE('',#1601,#1600,#1265,.T.);
#2050=EDGE_CURVE('',#1580,#1601,#741,.T.);
#2051=EDGE_CURVE('',#1579,#1602,#742,.T.);
#2052=EDGE_CURVE('',#1603,#1602,#1266,.T.);
#2053=EDGE_CURVE('',#1587,#1603,#743,.T.);
#2054=EDGE_CURVE('',#1586,#1400,#744,.T.);
#2055=EDGE_CURVE('',#1519,#1399,#745,.T.);
#2056=EDGE_CURVE('',#1604,#1604,#1267,.T.);
#2057=EDGE_CURVE('',#1604,#1605,#746,.T.);
#2058=EDGE_CURVE('',#1605,#1605,#1268,.T.);
#2059=EDGE_CURVE('',#1606,#1606,#1269,.T.);
#2060=EDGE_CURVE('',#1606,#1607,#747,.T.);
#2061=EDGE_CURVE('',#1608,#1607,#1270,.T.);
#2062=EDGE_CURVE('',#1578,#1608,#748,.T.);
#2063=EDGE_CURVE('',#1577,#1609,#749,.T.);
#2064=EDGE_CURVE('',#1610,#1609,#1271,.T.);
#2065=EDGE_CURVE('',#1446,#1610,#750,.T.);
#2066=EDGE_CURVE('',#1445,#1385,#751,.T.);
#2067=EDGE_CURVE('',#1570,#1384,#752,.T.);
#2068=EDGE_CURVE('',#1569,#1611,#753,.T.);
#2069=EDGE_CURVE('',#1607,#1611,#1272,.T.);
#2070=EDGE_CURVE('',#1612,#1612,#1273,.T.);
#2071=EDGE_CURVE('',#1612,#1613,#754,.T.);
#2072=EDGE_CURVE('',#1614,#1613,#1274,.T.);
#2073=EDGE_CURVE('',#1410,#1614,#755,.T.);
#2074=EDGE_CURVE('',#1589,#1409,#756,.T.);
#2075=EDGE_CURVE('',#1588,#1615,#757,.T.);
#2076=EDGE_CURVE('',#1616,#1615,#1275,.T.);
#2077=EDGE_CURVE('',#1596,#1616,#758,.T.);
#2078=EDGE_CURVE('',#1595,#1375,#759,.T.);
#2079=EDGE_CURVE('',#1617,#1374,#760,.T.);
#2080=EDGE_CURVE('',#1613,#1617,#1276,.T.);
#2081=EDGE_CURVE('',#1618,#1618,#1277,.T.);
#2082=EDGE_CURVE('',#1393,#1619,#1278,.T.);
#2083=EDGE_CURVE('',#1619,#1620,#1279,.T.);
#2084=EDGE_CURVE('',#1620,#1614,#1280,.T.);
#2085=EDGE_CURVE('',#1617,#1621,#1281,.T.);
#2086=EDGE_CURVE('',#1621,#1622,#1282,.T.);
#2087=EDGE_CURVE('',#1622,#1623,#1283,.T.);
#2088=EDGE_CURVE('',#1623,#1432,#761,.T.);
#2089=EDGE_CURVE('',#1624,#1624,#1284,.T.);
#2090=EDGE_CURVE('',#1590,#1408,#762,.T.);
#2091=EDGE_CURVE('',#1552,#1603,#763,.T.);
#2092=EDGE_CURVE('',#1602,#1553,#764,.T.);
#2093=EDGE_CURVE('',#1560,#1608,#765,.T.);
#2094=EDGE_CURVE('',#1611,#1561,#766,.T.);
#2095=EDGE_CURVE('',#1565,#1616,#767,.T.);
#2096=EDGE_CURVE('',#1615,#1566,#768,.T.);
#2097=EDGE_CURVE('',#1556,#1506,#769,.T.);
#2098=EDGE_CURVE('',#1505,#1557,#770,.T.);
#2099=EDGE_CURVE('',#1625,#1626,#771,.T.);
#2100=EDGE_CURVE('',#1626,#1627,#1285,.T.);
#2101=EDGE_CURVE('',#1627,#1628,#1286,.T.);
#2102=EDGE_CURVE('',#1628,#1610,#1287,.T.);
#2103=EDGE_CURVE('',#1609,#1629,#1288,.T.);
#2104=EDGE_CURVE('',#1629,#1630,#1289,.T.);
#2105=EDGE_CURVE('',#1630,#1625,#1290,.T.);
#2106=EDGE_CURVE('',#1631,#1632,#772,.T.);
#2107=EDGE_CURVE('',#1632,#1633,#1291,.T.);
#2108=EDGE_CURVE('',#1633,#1634,#1292,.T.);
#2109=EDGE_CURVE('',#1634,#1601,#1293,.T.);
#2110=EDGE_CURVE('',#1600,#1635,#1294,.T.);
#2111=EDGE_CURVE('',#1635,#1636,#1295,.T.);
#2112=EDGE_CURVE('',#1636,#1631,#1296,.T.);
#2113=EDGE_CURVE('',#1582,#1633,#773,.T.);
#2114=EDGE_CURVE('',#1583,#1632,#774,.T.);
#2115=EDGE_CURVE('',#1581,#1634,#775,.T.);
#2116=EDGE_CURVE('',#1516,#1635,#776,.T.);
#2117=EDGE_CURVE('',#1515,#1636,#777,.T.);
#2118=EDGE_CURVE('',#1514,#1631,#778,.T.);
#2119=EDGE_CURVE('',#1574,#1625,#779,.T.);
#2120=EDGE_CURVE('',#1575,#1630,#780,.T.);
#2121=EDGE_CURVE('',#1576,#1629,#781,.T.);
#2122=EDGE_CURVE('',#1447,#1628,#782,.T.);
#2123=EDGE_CURVE('',#1448,#1627,#783,.T.);
#2124=EDGE_CURVE('',#1449,#1626,#784,.T.);
#2125=EDGE_CURVE('',#1573,#1381,#785,.T.);
#2126=EDGE_CURVE('',#1572,#1382,#786,.T.);
#2127=EDGE_CURVE('',#1571,#1383,#787,.T.);
#2128=EDGE_CURVE('',#1444,#1386,#788,.T.);
#2129=EDGE_CURVE('',#1443,#1387,#789,.T.);
#2130=EDGE_CURVE('',#1593,#1377,#790,.T.);
#2131=EDGE_CURVE('',#1594,#1376,#791,.T.);
#2132=EDGE_CURVE('',#1621,#1373,#792,.T.);
#2133=EDGE_CURVE('',#1622,#1372,#793,.T.);
#2134=EDGE_CURVE('',#1623,#1371,#794,.T.);
#2135=EDGE_CURVE('',#1522,#1396,#795,.T.);
#2136=EDGE_CURVE('',#1521,#1397,#796,.T.);
#2137=EDGE_CURVE('',#1520,#1398,#797,.T.);
#2138=EDGE_CURVE('',#1585,#1401,#798,.T.);
#2139=EDGE_CURVE('',#1584,#1402,#799,.T.);
#2140=EDGE_CURVE('',#1619,#1412,#800,.T.);
#2141=EDGE_CURVE('',#1620,#1411,#801,.T.);
#2142=EDGE_CURVE('',#1618,#1624,#802,.T.);
#2143=EDGE_CURVE('',#1591,#1407,#803,.T.);
#2144=EDGE_CURVE('',#1592,#1406,#804,.T.);
#2145=EDGE_CURVE('',#1508,#1460,#805,.T.);
#2146=EDGE_CURVE('',#1464,#1422,#806,.T.);
#2147=EDGE_CURVE('',#1440,#1466,#807,.T.);
#2148=EDGE_CURVE('',#1470,#1484,#1297,.T.);
#2149=ORIENTED_EDGE('',*,*,#1637,.T.);
#2150=ORIENTED_EDGE('',*,*,#1638,.T.);
#2151=ORIENTED_EDGE('',*,*,#1639,.T.);
#2152=ORIENTED_EDGE('',*,*,#1640,.T.);
#2153=ORIENTED_EDGE('',*,*,#1638,.F.);
#2154=ORIENTED_EDGE('',*,*,#1641,.F.);
#2155=ORIENTED_EDGE('',*,*,#1642,.F.);
#2156=ORIENTED_EDGE('',*,*,#1643,.F.);
#2157=ORIENTED_EDGE('',*,*,#1637,.F.);
#2158=ORIENTED_EDGE('',*,*,#1644,.T.);
#2159=ORIENTED_EDGE('',*,*,#1645,.T.);
#2160=ORIENTED_EDGE('',*,*,#1646,.T.);
#2161=ORIENTED_EDGE('',*,*,#1647,.F.);
#2162=ORIENTED_EDGE('',*,*,#1648,.F.);
#2163=ORIENTED_EDGE('',*,*,#1649,.T.);
#2164=ORIENTED_EDGE('',*,*,#1650,.F.);
#2165=ORIENTED_EDGE('',*,*,#1641,.T.);
#2166=ORIENTED_EDGE('',*,*,#1651,.T.);
#2167=ORIENTED_EDGE('',*,*,#1652,.T.);
#2168=ORIENTED_EDGE('',*,*,#1653,.T.);
#2169=ORIENTED_EDGE('',*,*,#1654,.T.);
#2170=ORIENTED_EDGE('',*,*,#1655,.T.);
#2171=ORIENTED_EDGE('',*,*,#1656,.T.);
#2172=ORIENTED_EDGE('',*,*,#1653,.F.);
#2173=ORIENTED_EDGE('',*,*,#1657,.T.);
#2174=ORIENTED_EDGE('',*,*,#1658,.T.);
#2175=ORIENTED_EDGE('',*,*,#1659,.T.);
#2176=ORIENTED_EDGE('',*,*,#1655,.F.);
#2177=ORIENTED_EDGE('',*,*,#1660,.T.);
#2178=ORIENTED_EDGE('',*,*,#1660,.F.);
#2179=ORIENTED_EDGE('',*,*,#1657,.F.);
#2180=ORIENTED_EDGE('',*,*,#1652,.F.);
#2181=ORIENTED_EDGE('',*,*,#1661,.F.);
#2182=ORIENTED_EDGE('',*,*,#1639,.F.);
#2183=ORIENTED_EDGE('',*,*,#1643,.T.);
#2184=ORIENTED_EDGE('',*,*,#1662,.F.);
#2185=ORIENTED_EDGE('',*,*,#1663,.F.);
#2186=ORIENTED_EDGE('',*,*,#1664,.F.);
#2187=ORIENTED_EDGE('',*,*,#1665,.F.);
#2188=ORIENTED_EDGE('',*,*,#1666,.F.);
#2189=ORIENTED_EDGE('',*,*,#1667,.F.);
#2190=ORIENTED_EDGE('',*,*,#1668,.F.);
#2191=ORIENTED_EDGE('',*,*,#1669,.T.);
#2192=ORIENTED_EDGE('',*,*,#1670,.F.);
#2193=ORIENTED_EDGE('',*,*,#1671,.T.);
#2194=ORIENTED_EDGE('',*,*,#1672,.T.);
#2195=ORIENTED_EDGE('',*,*,#1673,.T.);
#2196=ORIENTED_EDGE('',*,*,#1674,.F.);
#2197=ORIENTED_EDGE('',*,*,#1675,.F.);
#2198=ORIENTED_EDGE('',*,*,#1676,.T.);
#2199=ORIENTED_EDGE('',*,*,#1677,.T.);
#2200=ORIENTED_EDGE('',*,*,#1678,.F.);
#2201=ORIENTED_EDGE('',*,*,#1679,.F.);
#2202=ORIENTED_EDGE('',*,*,#1680,.F.);
#2203=ORIENTED_EDGE('',*,*,#1681,.F.);
#2204=ORIENTED_EDGE('',*,*,#1682,.F.);
#2205=ORIENTED_EDGE('',*,*,#1683,.F.);
#2206=ORIENTED_EDGE('',*,*,#1684,.F.);
#2207=ORIENTED_EDGE('',*,*,#1685,.T.);
#2208=ORIENTED_EDGE('',*,*,#1686,.F.);
#2209=ORIENTED_EDGE('',*,*,#1687,.F.);
#2210=ORIENTED_EDGE('',*,*,#1688,.F.);
#2211=ORIENTED_EDGE('',*,*,#1689,.F.);
#2212=ORIENTED_EDGE('',*,*,#1690,.F.);
#2213=ORIENTED_EDGE('',*,*,#1691,.F.);
#2214=ORIENTED_EDGE('',*,*,#1692,.F.);
#2215=ORIENTED_EDGE('',*,*,#1693,.T.);
#2216=ORIENTED_EDGE('',*,*,#1694,.T.);
#2217=ORIENTED_EDGE('',*,*,#1658,.F.);
#2218=ORIENTED_EDGE('',*,*,#1661,.T.);
#2219=ORIENTED_EDGE('',*,*,#1651,.F.);
#2220=ORIENTED_EDGE('',*,*,#1695,.T.);
#2221=ORIENTED_EDGE('',*,*,#1696,.T.);
#2222=ORIENTED_EDGE('',*,*,#1697,.T.);
#2223=ORIENTED_EDGE('',*,*,#1698,.T.);
#2224=ORIENTED_EDGE('',*,*,#1699,.T.);
#2225=ORIENTED_EDGE('',*,*,#1700,.T.);
#2226=ORIENTED_EDGE('',*,*,#1701,.T.);
#2227=ORIENTED_EDGE('',*,*,#1702,.T.);
#2228=ORIENTED_EDGE('',*,*,#1703,.T.);
#2229=ORIENTED_EDGE('',*,*,#1701,.F.);
#2230=ORIENTED_EDGE('',*,*,#1703,.F.);
#2231=ORIENTED_EDGE('',*,*,#1704,.T.);
#2232=ORIENTED_EDGE('',*,*,#1697,.F.);
#2233=ORIENTED_EDGE('',*,*,#1704,.F.);
#2234=ORIENTED_EDGE('',*,*,#1702,.F.);
#2235=ORIENTED_EDGE('',*,*,#1700,.F.);
#2236=ORIENTED_EDGE('',*,*,#1705,.T.);
#2237=ORIENTED_EDGE('',*,*,#1706,.T.);
#2238=ORIENTED_EDGE('',*,*,#1707,.T.);
#2239=ORIENTED_EDGE('',*,*,#1708,.T.);
#2240=ORIENTED_EDGE('',*,*,#1706,.F.);
#2241=ORIENTED_EDGE('',*,*,#1708,.F.);
#2242=ORIENTED_EDGE('',*,*,#1709,.T.);
#2243=ORIENTED_EDGE('',*,*,#1698,.F.);
#2244=ORIENTED_EDGE('',*,*,#1709,.F.);
#2245=ORIENTED_EDGE('',*,*,#1707,.F.);
#2246=ORIENTED_EDGE('',*,*,#1705,.F.);
#2247=ORIENTED_EDGE('',*,*,#1710,.T.);
#2248=ORIENTED_EDGE('',*,*,#1711,.T.);
#2249=ORIENTED_EDGE('',*,*,#1712,.T.);
#2250=ORIENTED_EDGE('',*,*,#1713,.T.);
#2251=ORIENTED_EDGE('',*,*,#1711,.F.);
#2252=ORIENTED_EDGE('',*,*,#1713,.F.);
#2253=ORIENTED_EDGE('',*,*,#1714,.T.);
#2254=ORIENTED_EDGE('',*,*,#1699,.F.);
#2255=ORIENTED_EDGE('',*,*,#1714,.F.);
#2256=ORIENTED_EDGE('',*,*,#1712,.F.);
#2257=ORIENTED_EDGE('',*,*,#1710,.F.);
#2258=ORIENTED_EDGE('',*,*,#1715,.T.);
#2259=ORIENTED_EDGE('',*,*,#1716,.T.);
#2260=ORIENTED_EDGE('',*,*,#1717,.T.);
#2261=ORIENTED_EDGE('',*,*,#1718,.T.);
#2262=ORIENTED_EDGE('',*,*,#1715,.F.);
#2263=ORIENTED_EDGE('',*,*,#1719,.F.);
#2264=ORIENTED_EDGE('',*,*,#1720,.F.);
#2265=ORIENTED_EDGE('',*,*,#1721,.F.);
#2266=ORIENTED_EDGE('',*,*,#1722,.F.);
#2267=ORIENTED_EDGE('',*,*,#1723,.T.);
#2268=ORIENTED_EDGE('',*,*,#1718,.F.);
#2269=ORIENTED_EDGE('',*,*,#1724,.T.);
#2270=ORIENTED_EDGE('',*,*,#1725,.T.);
#2271=ORIENTED_EDGE('',*,*,#1726,.T.);
#2272=ORIENTED_EDGE('',*,*,#1727,.T.);
#2273=ORIENTED_EDGE('',*,*,#1728,.T.);
#2274=ORIENTED_EDGE('',*,*,#1729,.T.);
#2275=ORIENTED_EDGE('',*,*,#1730,.T.);
#2276=ORIENTED_EDGE('',*,*,#1731,.T.);
#2277=ORIENTED_EDGE('',*,*,#1732,.T.);
#2278=ORIENTED_EDGE('',*,*,#1733,.T.);
#2279=ORIENTED_EDGE('',*,*,#1734,.T.);
#2280=ORIENTED_EDGE('',*,*,#1735,.T.);
#2281=ORIENTED_EDGE('',*,*,#1736,.T.);
#2282=ORIENTED_EDGE('',*,*,#1737,.T.);
#2283=ORIENTED_EDGE('',*,*,#1738,.T.);
#2284=ORIENTED_EDGE('',*,*,#1739,.T.);
#2285=ORIENTED_EDGE('',*,*,#1740,.T.);
#2286=ORIENTED_EDGE('',*,*,#1741,.T.);
#2287=ORIENTED_EDGE('',*,*,#1719,.T.);
#2288=ORIENTED_EDGE('',*,*,#1742,.T.);
#2289=ORIENTED_EDGE('',*,*,#1743,.T.);
#2290=ORIENTED_EDGE('',*,*,#1744,.T.);
#2291=ORIENTED_EDGE('',*,*,#1745,.T.);
#2292=ORIENTED_EDGE('',*,*,#1744,.F.);
#2293=ORIENTED_EDGE('',*,*,#1746,.F.);
#2294=ORIENTED_EDGE('',*,*,#1747,.F.);
#2295=ORIENTED_EDGE('',*,*,#1748,.F.);
#2296=ORIENTED_EDGE('',*,*,#1749,.F.);
#2297=ORIENTED_EDGE('',*,*,#1750,.T.);
#2298=ORIENTED_EDGE('',*,*,#1743,.F.);
#2299=ORIENTED_EDGE('',*,*,#1751,.T.);
#2300=ORIENTED_EDGE('',*,*,#1752,.T.);
#2301=ORIENTED_EDGE('',*,*,#1753,.T.);
#2302=ORIENTED_EDGE('',*,*,#1754,.T.);
#2303=ORIENTED_EDGE('',*,*,#1755,.T.);
#2304=ORIENTED_EDGE('',*,*,#1756,.T.);
#2305=ORIENTED_EDGE('',*,*,#1757,.T.);
#2306=ORIENTED_EDGE('',*,*,#1758,.T.);
#2307=ORIENTED_EDGE('',*,*,#1759,.T.);
#2308=ORIENTED_EDGE('',*,*,#1760,.T.);
#2309=ORIENTED_EDGE('',*,*,#1761,.T.);
#2310=ORIENTED_EDGE('',*,*,#1762,.T.);
#2311=ORIENTED_EDGE('',*,*,#1763,.T.);
#2312=ORIENTED_EDGE('',*,*,#1764,.T.);
#2313=ORIENTED_EDGE('',*,*,#1765,.T.);
#2314=ORIENTED_EDGE('',*,*,#1766,.T.);
#2315=ORIENTED_EDGE('',*,*,#1767,.T.);
#2316=ORIENTED_EDGE('',*,*,#1768,.T.);
#2317=ORIENTED_EDGE('',*,*,#1746,.T.);
#2318=ORIENTED_EDGE('',*,*,#1769,.T.);
#2319=ORIENTED_EDGE('',*,*,#1770,.T.);
#2320=ORIENTED_EDGE('',*,*,#1771,.T.);
#2321=ORIENTED_EDGE('',*,*,#1772,.T.);
#2322=ORIENTED_EDGE('',*,*,#1773,.T.);
#2323=ORIENTED_EDGE('',*,*,#1774,.T.);
#2324=ORIENTED_EDGE('',*,*,#1769,.F.);
#2325=ORIENTED_EDGE('',*,*,#1775,.F.);
#2326=ORIENTED_EDGE('',*,*,#1776,.F.);
#2327=ORIENTED_EDGE('',*,*,#1716,.F.);
#2328=ORIENTED_EDGE('',*,*,#1723,.F.);
#2329=ORIENTED_EDGE('',*,*,#1777,.F.);
#2330=ORIENTED_EDGE('',*,*,#1778,.T.);
#2331=ORIENTED_EDGE('',*,*,#1779,.F.);
#2332=ORIENTED_EDGE('',*,*,#1780,.T.);
#2333=ORIENTED_EDGE('',*,*,#1781,.T.);
#2334=ORIENTED_EDGE('',*,*,#1782,.T.);
#2335=ORIENTED_EDGE('',*,*,#1783,.F.);
#2336=ORIENTED_EDGE('',*,*,#1784,.T.);
#2337=ORIENTED_EDGE('',*,*,#1785,.T.);
#2338=ORIENTED_EDGE('',*,*,#1786,.T.);
#2339=ORIENTED_EDGE('',*,*,#1787,.F.);
#2340=ORIENTED_EDGE('',*,*,#1788,.F.);
#2341=ORIENTED_EDGE('',*,*,#1772,.F.);
#2342=ORIENTED_EDGE('',*,*,#1789,.T.);
#2343=ORIENTED_EDGE('',*,*,#1745,.F.);
#2344=ORIENTED_EDGE('',*,*,#1750,.F.);
#2345=ORIENTED_EDGE('',*,*,#1790,.F.);
#2346=ORIENTED_EDGE('',*,*,#1791,.T.);
#2347=ORIENTED_EDGE('',*,*,#1792,.T.);
#2348=ORIENTED_EDGE('',*,*,#1790,.T.);
#2349=ORIENTED_EDGE('',*,*,#1749,.T.);
#2350=ORIENTED_EDGE('',*,*,#1793,.T.);
#2351=ORIENTED_EDGE('',*,*,#1777,.T.);
#2352=ORIENTED_EDGE('',*,*,#1722,.T.);
#2353=ORIENTED_EDGE('',*,*,#1794,.T.);
#2354=ORIENTED_EDGE('',*,*,#1795,.T.);
#2355=ORIENTED_EDGE('',*,*,#1796,.T.);
#2356=ORIENTED_EDGE('',*,*,#1797,.T.);
#2357=ORIENTED_EDGE('',*,*,#1798,.T.);
#2358=ORIENTED_EDGE('',*,*,#1795,.F.);
#2359=ORIENTED_EDGE('',*,*,#1799,.T.);
#2360=ORIENTED_EDGE('',*,*,#1800,.T.);
#2361=ORIENTED_EDGE('',*,*,#1797,.F.);
#2362=ORIENTED_EDGE('',*,*,#1801,.T.);
#2363=ORIENTED_EDGE('',*,*,#1647,.T.);
#2364=ORIENTED_EDGE('',*,*,#1802,.T.);
#2365=ORIENTED_EDGE('',*,*,#1799,.F.);
#2366=ORIENTED_EDGE('',*,*,#1803,.T.);
#2367=ORIENTED_EDGE('',*,*,#1798,.F.);
#2368=ORIENTED_EDGE('',*,*,#1800,.F.);
#2369=ORIENTED_EDGE('',*,*,#1802,.F.);
#2370=ORIENTED_EDGE('',*,*,#1646,.F.);
#2371=ORIENTED_EDGE('',*,*,#1804,.F.);
#2372=ORIENTED_EDGE('',*,*,#1805,.F.);
#2373=ORIENTED_EDGE('',*,*,#1806,.T.);
#2374=ORIENTED_EDGE('',*,*,#1807,.F.);
#2375=ORIENTED_EDGE('',*,*,#1778,.F.);
#2376=ORIENTED_EDGE('',*,*,#1801,.F.);
#2377=ORIENTED_EDGE('',*,*,#1808,.T.);
#2378=ORIENTED_EDGE('',*,*,#1809,.T.);
#2379=ORIENTED_EDGE('',*,*,#1810,.T.);
#2380=ORIENTED_EDGE('',*,*,#1794,.F.);
#2381=ORIENTED_EDGE('',*,*,#1721,.T.);
#2382=ORIENTED_EDGE('',*,*,#1811,.T.);
#2383=ORIENTED_EDGE('',*,*,#1812,.T.);
#2384=ORIENTED_EDGE('',*,*,#1813,.T.);
#2385=ORIENTED_EDGE('',*,*,#1814,.T.);
#2386=ORIENTED_EDGE('',*,*,#1815,.T.);
#2387=ORIENTED_EDGE('',*,*,#1816,.T.);
#2388=ORIENTED_EDGE('',*,*,#1817,.T.);
#2389=ORIENTED_EDGE('',*,*,#1818,.T.);
#2390=ORIENTED_EDGE('',*,*,#1819,.T.);
#2391=ORIENTED_EDGE('',*,*,#1820,.T.);
#2392=ORIENTED_EDGE('',*,*,#1808,.F.);
#2393=ORIENTED_EDGE('',*,*,#1796,.F.);
#2394=ORIENTED_EDGE('',*,*,#1821,.T.);
#2395=ORIENTED_EDGE('',*,*,#1822,.T.);
#2396=ORIENTED_EDGE('',*,*,#1668,.T.);
#2397=ORIENTED_EDGE('',*,*,#1823,.T.);
#2398=ORIENTED_EDGE('',*,*,#1822,.F.);
#2399=ORIENTED_EDGE('',*,*,#1824,.F.);
#2400=ORIENTED_EDGE('',*,*,#1825,.T.);
#2401=ORIENTED_EDGE('',*,*,#1826,.T.);
#2402=ORIENTED_EDGE('',*,*,#1827,.F.);
#2403=ORIENTED_EDGE('',*,*,#1669,.F.);
#2404=ORIENTED_EDGE('',*,*,#1666,.T.);
#2405=ORIENTED_EDGE('',*,*,#1828,.T.);
#2406=ORIENTED_EDGE('',*,*,#1829,.T.);
#2407=ORIENTED_EDGE('',*,*,#1830,.T.);
#2408=ORIENTED_EDGE('',*,*,#1823,.F.);
#2409=ORIENTED_EDGE('',*,*,#1667,.T.);
#2410=ORIENTED_EDGE('',*,*,#1830,.F.);
#2411=ORIENTED_EDGE('',*,*,#1831,.F.);
#2412=ORIENTED_EDGE('',*,*,#1832,.F.);
#2413=ORIENTED_EDGE('',*,*,#1833,.F.);
#2414=ORIENTED_EDGE('',*,*,#1829,.F.);
#2415=ORIENTED_EDGE('',*,*,#1834,.T.);
#2416=ORIENTED_EDGE('',*,*,#1835,.F.);
#2417=ORIENTED_EDGE('',*,*,#1836,.T.);
#2418=ORIENTED_EDGE('',*,*,#1837,.F.);
#2419=ORIENTED_EDGE('',*,*,#1831,.T.);
#2420=ORIENTED_EDGE('',*,*,#1664,.T.);
#2421=ORIENTED_EDGE('',*,*,#1838,.T.);
#2422=ORIENTED_EDGE('',*,*,#1835,.T.);
#2423=ORIENTED_EDGE('',*,*,#1839,.T.);
#2424=ORIENTED_EDGE('',*,*,#1838,.F.);
#2425=ORIENTED_EDGE('',*,*,#1663,.T.);
#2426=ORIENTED_EDGE('',*,*,#1840,.F.);
#2427=ORIENTED_EDGE('',*,*,#1649,.F.);
#2428=ORIENTED_EDGE('',*,*,#1841,.F.);
#2429=ORIENTED_EDGE('',*,*,#1836,.F.);
#2430=ORIENTED_EDGE('',*,*,#1650,.T.);
#2431=ORIENTED_EDGE('',*,*,#1840,.T.);
#2432=ORIENTED_EDGE('',*,*,#1662,.T.);
#2433=ORIENTED_EDGE('',*,*,#1642,.T.);
#2434=ORIENTED_EDGE('',*,*,#1842,.T.);
#2435=ORIENTED_EDGE('',*,*,#1843,.T.);
#2436=ORIENTED_EDGE('',*,*,#1692,.T.);
#2437=ORIENTED_EDGE('',*,*,#1844,.T.);
#2438=ORIENTED_EDGE('',*,*,#1843,.F.);
#2439=ORIENTED_EDGE('',*,*,#1845,.F.);
#2440=ORIENTED_EDGE('',*,*,#1846,.F.);
#2441=ORIENTED_EDGE('',*,*,#1693,.F.);
#2442=ORIENTED_EDGE('',*,*,#1847,.T.);
#2443=ORIENTED_EDGE('',*,*,#1848,.T.);
#2444=ORIENTED_EDGE('',*,*,#1686,.T.);
#2445=ORIENTED_EDGE('',*,*,#1849,.T.);
#2446=ORIENTED_EDGE('',*,*,#1848,.F.);
#2447=ORIENTED_EDGE('',*,*,#1850,.F.);
#2448=ORIENTED_EDGE('',*,*,#1782,.F.);
#2449=ORIENTED_EDGE('',*,*,#1851,.F.);
#2450=ORIENTED_EDGE('',*,*,#1852,.F.);
#2451=ORIENTED_EDGE('',*,*,#1687,.T.);
#2452=ORIENTED_EDGE('',*,*,#1853,.T.);
#2453=ORIENTED_EDGE('',*,*,#1854,.T.);
#2454=ORIENTED_EDGE('',*,*,#1678,.T.);
#2455=ORIENTED_EDGE('',*,*,#1855,.T.);
#2456=ORIENTED_EDGE('',*,*,#1854,.F.);
#2457=ORIENTED_EDGE('',*,*,#1856,.F.);
#2458=ORIENTED_EDGE('',*,*,#1786,.F.);
#2459=ORIENTED_EDGE('',*,*,#1857,.F.);
#2460=ORIENTED_EDGE('',*,*,#1858,.F.);
#2461=ORIENTED_EDGE('',*,*,#1679,.T.);
#2462=ORIENTED_EDGE('',*,*,#1680,.T.);
#2463=ORIENTED_EDGE('',*,*,#1858,.T.);
#2464=ORIENTED_EDGE('',*,*,#1859,.T.);
#2465=ORIENTED_EDGE('',*,*,#1860,.T.);
#2466=ORIENTED_EDGE('',*,*,#1860,.F.);
#2467=ORIENTED_EDGE('',*,*,#1861,.F.);
#2468=ORIENTED_EDGE('',*,*,#1862,.F.);
#2469=ORIENTED_EDGE('',*,*,#1681,.T.);
#2470=ORIENTED_EDGE('',*,*,#1859,.F.);
#2471=ORIENTED_EDGE('',*,*,#1857,.T.);
#2472=ORIENTED_EDGE('',*,*,#1785,.F.);
#2473=ORIENTED_EDGE('',*,*,#1863,.T.);
#2474=ORIENTED_EDGE('',*,*,#1864,.F.);
#2475=ORIENTED_EDGE('',*,*,#1861,.T.);
#2476=ORIENTED_EDGE('',*,*,#1865,.T.);
#2477=ORIENTED_EDGE('',*,*,#1866,.T.);
#2478=ORIENTED_EDGE('',*,*,#1684,.T.);
#2479=ORIENTED_EDGE('',*,*,#1867,.T.);
#2480=ORIENTED_EDGE('',*,*,#1849,.F.);
#2481=ORIENTED_EDGE('',*,*,#1685,.F.);
#2482=ORIENTED_EDGE('',*,*,#1866,.F.);
#2483=ORIENTED_EDGE('',*,*,#1868,.F.);
#2484=ORIENTED_EDGE('',*,*,#1682,.T.);
#2485=ORIENTED_EDGE('',*,*,#1862,.T.);
#2486=ORIENTED_EDGE('',*,*,#1864,.T.);
#2487=ORIENTED_EDGE('',*,*,#1869,.T.);
#2488=ORIENTED_EDGE('',*,*,#1867,.F.);
#2489=ORIENTED_EDGE('',*,*,#1683,.T.);
#2490=ORIENTED_EDGE('',*,*,#1869,.F.);
#2491=ORIENTED_EDGE('',*,*,#1863,.F.);
#2492=ORIENTED_EDGE('',*,*,#1784,.F.);
#2493=ORIENTED_EDGE('',*,*,#1870,.F.);
#2494=ORIENTED_EDGE('',*,*,#1690,.T.);
#2495=ORIENTED_EDGE('',*,*,#1871,.T.);
#2496=ORIENTED_EDGE('',*,*,#1872,.T.);
#2497=ORIENTED_EDGE('',*,*,#1873,.T.);
#2498=ORIENTED_EDGE('',*,*,#1872,.F.);
#2499=ORIENTED_EDGE('',*,*,#1874,.T.);
#2500=ORIENTED_EDGE('',*,*,#1875,.F.);
#2501=ORIENTED_EDGE('',*,*,#1851,.T.);
#2502=ORIENTED_EDGE('',*,*,#1781,.F.);
#2503=ORIENTED_EDGE('',*,*,#1876,.T.);
#2504=ORIENTED_EDGE('',*,*,#1871,.F.);
#2505=ORIENTED_EDGE('',*,*,#1689,.T.);
#2506=ORIENTED_EDGE('',*,*,#1877,.F.);
#2507=ORIENTED_EDGE('',*,*,#1874,.F.);
#2508=ORIENTED_EDGE('',*,*,#1688,.T.);
#2509=ORIENTED_EDGE('',*,*,#1852,.T.);
#2510=ORIENTED_EDGE('',*,*,#1875,.T.);
#2511=ORIENTED_EDGE('',*,*,#1877,.T.);
#2512=ORIENTED_EDGE('',*,*,#1878,.T.);
#2513=ORIENTED_EDGE('',*,*,#1776,.T.);
#2514=ORIENTED_EDGE('',*,*,#1775,.T.);
#2515=ORIENTED_EDGE('',*,*,#1788,.T.);
#2516=ORIENTED_EDGE('',*,*,#1879,.F.);
#2517=ORIENTED_EDGE('',*,*,#1880,.T.);
#2518=ORIENTED_EDGE('',*,*,#1881,.T.);
#2519=ORIENTED_EDGE('',*,*,#1675,.T.);
#2520=ORIENTED_EDGE('',*,*,#1882,.F.);
#2521=ORIENTED_EDGE('',*,*,#1883,.T.);
#2522=ORIENTED_EDGE('',*,*,#1880,.F.);
#2523=ORIENTED_EDGE('',*,*,#1884,.F.);
#2524=ORIENTED_EDGE('',*,*,#1885,.F.);
#2525=ORIENTED_EDGE('',*,*,#1676,.F.);
#2526=ORIENTED_EDGE('',*,*,#1881,.F.);
#2527=ORIENTED_EDGE('',*,*,#1883,.F.);
#2528=ORIENTED_EDGE('',*,*,#1886,.T.);
#2529=ORIENTED_EDGE('',*,*,#1887,.T.);
#2530=ORIENTED_EDGE('',*,*,#1888,.T.);
#2531=ORIENTED_EDGE('',*,*,#1887,.F.);
#2532=ORIENTED_EDGE('',*,*,#1888,.F.);
#2533=ORIENTED_EDGE('',*,*,#1889,.T.);
#2534=ORIENTED_EDGE('',*,*,#1890,.F.);
#2535=ORIENTED_EDGE('',*,*,#1889,.F.);
#2536=ORIENTED_EDGE('',*,*,#1886,.F.);
#2537=ORIENTED_EDGE('',*,*,#1891,.T.);
#2538=ORIENTED_EDGE('',*,*,#1892,.T.);
#2539=ORIENTED_EDGE('',*,*,#1893,.T.);
#2540=ORIENTED_EDGE('',*,*,#1892,.F.);
#2541=ORIENTED_EDGE('',*,*,#1893,.F.);
#2542=ORIENTED_EDGE('',*,*,#1894,.T.);
#2543=ORIENTED_EDGE('',*,*,#1895,.F.);
#2544=ORIENTED_EDGE('',*,*,#1894,.F.);
#2545=ORIENTED_EDGE('',*,*,#1891,.F.);
#2546=ORIENTED_EDGE('',*,*,#1896,.T.);
#2547=ORIENTED_EDGE('',*,*,#1897,.T.);
#2548=ORIENTED_EDGE('',*,*,#1898,.T.);
#2549=ORIENTED_EDGE('',*,*,#1899,.F.);
#2550=ORIENTED_EDGE('',*,*,#1897,.F.);
#2551=ORIENTED_EDGE('',*,*,#1900,.T.);
#2552=ORIENTED_EDGE('',*,*,#1901,.F.);
#2553=ORIENTED_EDGE('',*,*,#1902,.T.);
#2554=ORIENTED_EDGE('',*,*,#1896,.F.);
#2555=ORIENTED_EDGE('',*,*,#1903,.F.);
#2556=ORIENTED_EDGE('',*,*,#1904,.F.);
#2557=ORIENTED_EDGE('',*,*,#1900,.F.);
#2558=ORIENTED_EDGE('',*,*,#1905,.F.);
#2559=ORIENTED_EDGE('',*,*,#1906,.T.);
#2560=ORIENTED_EDGE('',*,*,#1907,.F.);
#2561=ORIENTED_EDGE('',*,*,#1906,.F.);
#2562=ORIENTED_EDGE('',*,*,#1905,.T.);
#2563=ORIENTED_EDGE('',*,*,#1898,.F.);
#2564=ORIENTED_EDGE('',*,*,#1902,.F.);
#2565=ORIENTED_EDGE('',*,*,#1908,.F.);
#2566=ORIENTED_EDGE('',*,*,#1909,.F.);
#2567=ORIENTED_EDGE('',*,*,#1878,.F.);
#2568=ORIENTED_EDGE('',*,*,#1674,.T.);
#2569=ORIENTED_EDGE('',*,*,#1910,.T.);
#2570=ORIENTED_EDGE('',*,*,#1911,.T.);
#2571=ORIENTED_EDGE('',*,*,#1670,.T.);
#2572=ORIENTED_EDGE('',*,*,#1827,.T.);
#2573=ORIENTED_EDGE('',*,*,#1912,.T.);
#2574=ORIENTED_EDGE('',*,*,#1903,.T.);
#2575=ORIENTED_EDGE('',*,*,#1899,.T.);
#2576=ORIENTED_EDGE('',*,*,#1909,.T.);
#2577=ORIENTED_EDGE('',*,*,#1913,.T.);
#2578=ORIENTED_EDGE('',*,*,#1914,.T.);
#2579=ORIENTED_EDGE('',*,*,#1915,.T.);
#2580=ORIENTED_EDGE('',*,*,#1916,.T.);
#2581=ORIENTED_EDGE('',*,*,#1917,.F.);
#2582=ORIENTED_EDGE('',*,*,#1918,.F.);
#2583=ORIENTED_EDGE('',*,*,#1919,.F.);
#2584=ORIENTED_EDGE('',*,*,#1773,.F.);
#2585=ORIENTED_EDGE('',*,*,#1907,.T.);
#2586=ORIENTED_EDGE('',*,*,#1890,.T.);
#2587=ORIENTED_EDGE('',*,*,#1895,.T.);
#2588=ORIENTED_EDGE('',*,*,#1825,.F.);
#2589=ORIENTED_EDGE('',*,*,#1920,.F.);
#2590=ORIENTED_EDGE('',*,*,#1921,.F.);
#2591=ORIENTED_EDGE('',*,*,#1809,.F.);
#2592=ORIENTED_EDGE('',*,*,#1820,.F.);
#2593=ORIENTED_EDGE('',*,*,#1922,.T.);
#2594=ORIENTED_EDGE('',*,*,#1923,.T.);
#2595=ORIENTED_EDGE('',*,*,#1924,.T.);
#2596=ORIENTED_EDGE('',*,*,#1672,.F.);
#2597=ORIENTED_EDGE('',*,*,#1925,.T.);
#2598=ORIENTED_EDGE('',*,*,#1926,.T.);
#2599=ORIENTED_EDGE('',*,*,#1904,.T.);
#2600=ORIENTED_EDGE('',*,*,#1912,.F.);
#2601=ORIENTED_EDGE('',*,*,#1826,.F.);
#2602=ORIENTED_EDGE('',*,*,#1924,.F.);
#2603=ORIENTED_EDGE('',*,*,#1927,.F.);
#2604=ORIENTED_EDGE('',*,*,#1913,.F.);
#2605=ORIENTED_EDGE('',*,*,#1908,.T.);
#2606=ORIENTED_EDGE('',*,*,#1901,.T.);
#2607=ORIENTED_EDGE('',*,*,#1671,.F.);
#2608=ORIENTED_EDGE('',*,*,#1911,.F.);
#2609=ORIENTED_EDGE('',*,*,#1928,.T.);
#2610=ORIENTED_EDGE('',*,*,#1925,.F.);
#2611=ORIENTED_EDGE('',*,*,#1819,.F.);
#2612=ORIENTED_EDGE('',*,*,#1929,.F.);
#2613=ORIENTED_EDGE('',*,*,#1915,.F.);
#2614=ORIENTED_EDGE('',*,*,#1930,.T.);
#2615=ORIENTED_EDGE('',*,*,#1922,.F.);
#2616=ORIENTED_EDGE('',*,*,#1914,.F.);
#2617=ORIENTED_EDGE('',*,*,#1927,.T.);
#2618=ORIENTED_EDGE('',*,*,#1923,.F.);
#2619=ORIENTED_EDGE('',*,*,#1930,.F.);
#2620=ORIENTED_EDGE('',*,*,#1673,.F.);
#2621=ORIENTED_EDGE('',*,*,#1926,.F.);
#2622=ORIENTED_EDGE('',*,*,#1928,.F.);
#2623=ORIENTED_EDGE('',*,*,#1910,.F.);
#2624=ORIENTED_EDGE('',*,*,#1931,.F.);
#2625=ORIENTED_EDGE('',*,*,#1932,.T.);
#2626=ORIENTED_EDGE('',*,*,#1933,.F.);
#2627=ORIENTED_EDGE('',*,*,#1932,.F.);
#2628=ORIENTED_EDGE('',*,*,#1931,.T.);
#2629=ORIENTED_EDGE('',*,*,#1882,.T.);
#2630=ORIENTED_EDGE('',*,*,#1933,.T.);
#2631=ORIENTED_EDGE('',*,*,#1774,.F.);
#2632=ORIENTED_EDGE('',*,*,#1919,.T.);
#2633=ORIENTED_EDGE('',*,*,#1934,.T.);
#2634=ORIENTED_EDGE('',*,*,#1935,.T.);
#2635=ORIENTED_EDGE('',*,*,#1936,.T.);
#2636=ORIENTED_EDGE('',*,*,#1937,.T.);
#2637=ORIENTED_EDGE('',*,*,#1938,.T.);
#2638=ORIENTED_EDGE('',*,*,#1939,.T.);
#2639=ORIENTED_EDGE('',*,*,#1940,.T.);
#2640=ORIENTED_EDGE('',*,*,#1941,.T.);
#2641=ORIENTED_EDGE('',*,*,#1942,.T.);
#2642=ORIENTED_EDGE('',*,*,#1943,.T.);
#2643=ORIENTED_EDGE('',*,*,#1770,.F.);
#2644=ORIENTED_EDGE('',*,*,#1654,.F.);
#2645=ORIENTED_EDGE('',*,*,#1944,.F.);
#2646=ORIENTED_EDGE('',*,*,#1804,.T.);
#2647=ORIENTED_EDGE('',*,*,#1645,.F.);
#2648=ORIENTED_EDGE('',*,*,#1945,.F.);
#2649=ORIENTED_EDGE('',*,*,#1695,.F.);
#2650=ORIENTED_EDGE('',*,*,#1656,.F.);
#2651=ORIENTED_EDGE('',*,*,#1946,.T.);
#2652=ORIENTED_EDGE('',*,*,#1805,.T.);
#2653=ORIENTED_EDGE('',*,*,#1944,.T.);
#2654=ORIENTED_EDGE('',*,*,#1947,.T.);
#2655=ORIENTED_EDGE('',*,*,#1948,.T.);
#2656=ORIENTED_EDGE('',*,*,#1949,.T.);
#2657=ORIENTED_EDGE('',*,*,#1733,.F.);
#2658=ORIENTED_EDGE('',*,*,#1947,.F.);
#2659=ORIENTED_EDGE('',*,*,#1732,.F.);
#2660=ORIENTED_EDGE('',*,*,#1950,.F.);
#2661=ORIENTED_EDGE('',*,*,#1951,.F.);
#2662=ORIENTED_EDGE('',*,*,#1952,.T.);
#2663=ORIENTED_EDGE('',*,*,#1953,.T.);
#2664=ORIENTED_EDGE('',*,*,#1954,.T.);
#2665=ORIENTED_EDGE('',*,*,#1955,.T.);
#2666=ORIENTED_EDGE('',*,*,#1956,.T.);
#2667=ORIENTED_EDGE('',*,*,#1760,.F.);
#2668=ORIENTED_EDGE('',*,*,#1953,.F.);
#2669=ORIENTED_EDGE('',*,*,#1759,.F.);
#2670=ORIENTED_EDGE('',*,*,#1957,.F.);
#2671=ORIENTED_EDGE('',*,*,#1958,.F.);
#2672=ORIENTED_EDGE('',*,*,#1959,.T.);
#2673=ORIENTED_EDGE('',*,*,#1960,.F.);
#2674=ORIENTED_EDGE('',*,*,#1961,.F.);
#2675=ORIENTED_EDGE('',*,*,#1962,.F.);
#2676=ORIENTED_EDGE('',*,*,#1963,.F.);
#2677=ORIENTED_EDGE('',*,*,#1964,.F.);
#2678=ORIENTED_EDGE('',*,*,#1963,.T.);
#2679=ORIENTED_EDGE('',*,*,#1965,.F.);
#2680=ORIENTED_EDGE('',*,*,#1966,.F.);
#2681=ORIENTED_EDGE('',*,*,#1967,.F.);
#2682=ORIENTED_EDGE('',*,*,#1966,.T.);
#2683=ORIENTED_EDGE('',*,*,#1968,.F.);
#2684=ORIENTED_EDGE('',*,*,#1969,.F.);
#2685=ORIENTED_EDGE('',*,*,#1967,.T.);
#2686=ORIENTED_EDGE('',*,*,#1970,.F.);
#2687=ORIENTED_EDGE('',*,*,#1960,.T.);
#2688=ORIENTED_EDGE('',*,*,#1964,.T.);
#2689=ORIENTED_EDGE('',*,*,#1968,.T.);
#2690=ORIENTED_EDGE('',*,*,#1965,.T.);
#2691=ORIENTED_EDGE('',*,*,#1962,.T.);
#2692=ORIENTED_EDGE('',*,*,#1971,.F.);
#2693=ORIENTED_EDGE('',*,*,#1972,.F.);
#2694=ORIENTED_EDGE('',*,*,#1973,.T.);
#2695=ORIENTED_EDGE('',*,*,#1974,.F.);
#2696=ORIENTED_EDGE('',*,*,#1973,.F.);
#2697=ORIENTED_EDGE('',*,*,#1974,.T.);
#2698=ORIENTED_EDGE('',*,*,#1975,.F.);
#2699=ORIENTED_EDGE('',*,*,#1972,.T.);
#2700=ORIENTED_EDGE('',*,*,#1976,.F.);
#2701=ORIENTED_EDGE('',*,*,#1977,.F.);
#2702=ORIENTED_EDGE('',*,*,#1978,.T.);
#2703=ORIENTED_EDGE('',*,*,#1976,.T.);
#2704=ORIENTED_EDGE('',*,*,#1978,.F.);
#2705=ORIENTED_EDGE('',*,*,#1969,.T.);
#2706=ORIENTED_EDGE('',*,*,#1971,.T.);
#2707=ORIENTED_EDGE('',*,*,#1961,.T.);
#2708=ORIENTED_EDGE('',*,*,#1970,.T.);
#2709=ORIENTED_EDGE('',*,*,#1979,.F.);
#2710=ORIENTED_EDGE('',*,*,#1980,.T.);
#2711=ORIENTED_EDGE('',*,*,#1981,.T.);
#2712=ORIENTED_EDGE('',*,*,#1980,.F.);
#2713=ORIENTED_EDGE('',*,*,#1981,.F.);
#2714=ORIENTED_EDGE('',*,*,#1975,.T.);
#2715=ORIENTED_EDGE('',*,*,#1982,.T.);
#2716=ORIENTED_EDGE('',*,*,#1983,.T.);
#2717=ORIENTED_EDGE('',*,*,#1982,.F.);
#2718=ORIENTED_EDGE('',*,*,#1977,.T.);
#2719=ORIENTED_EDGE('',*,*,#1979,.T.);
#2720=ORIENTED_EDGE('',*,*,#1984,.T.);
#2721=ORIENTED_EDGE('',*,*,#1985,.T.);
#2722=ORIENTED_EDGE('',*,*,#1986,.F.);
#2723=ORIENTED_EDGE('',*,*,#1985,.F.);
#2724=ORIENTED_EDGE('',*,*,#1984,.F.);
#2725=ORIENTED_EDGE('',*,*,#1983,.F.);
#2726=ORIENTED_EDGE('',*,*,#1987,.T.);
#2727=ORIENTED_EDGE('',*,*,#1986,.T.);
#2728=ORIENTED_EDGE('',*,*,#1987,.F.);
#2729=ORIENTED_EDGE('',*,*,#1988,.T.);
#2730=ORIENTED_EDGE('',*,*,#1954,.F.);
#2731=ORIENTED_EDGE('',*,*,#1959,.F.);
#2732=ORIENTED_EDGE('',*,*,#1989,.F.);
#2733=ORIENTED_EDGE('',*,*,#1990,.T.);
#2734=ORIENTED_EDGE('',*,*,#1991,.F.);
#2735=ORIENTED_EDGE('',*,*,#1992,.F.);
#2736=ORIENTED_EDGE('',*,*,#1993,.F.);
#2737=ORIENTED_EDGE('',*,*,#1994,.T.);
#2738=ORIENTED_EDGE('',*,*,#1995,.F.);
#2739=ORIENTED_EDGE('',*,*,#1996,.F.);
#2740=ORIENTED_EDGE('',*,*,#1997,.F.);
#2741=ORIENTED_EDGE('',*,*,#1998,.T.);
#2742=ORIENTED_EDGE('',*,*,#1999,.F.);
#2743=ORIENTED_EDGE('',*,*,#2000,.F.);
#2744=ORIENTED_EDGE('',*,*,#2001,.F.);
#2745=ORIENTED_EDGE('',*,*,#2002,.T.);
#2746=ORIENTED_EDGE('',*,*,#1948,.F.);
#2747=ORIENTED_EDGE('',*,*,#1952,.F.);
#2748=ORIENTED_EDGE('',*,*,#2003,.F.);
#2749=ORIENTED_EDGE('',*,*,#2004,.T.);
#2750=ORIENTED_EDGE('',*,*,#2005,.F.);
#2751=ORIENTED_EDGE('',*,*,#2006,.F.);
#2752=ORIENTED_EDGE('',*,*,#2007,.F.);
#2753=ORIENTED_EDGE('',*,*,#2008,.T.);
#2754=ORIENTED_EDGE('',*,*,#1955,.F.);
#2755=ORIENTED_EDGE('',*,*,#1988,.F.);
#2756=ORIENTED_EDGE('',*,*,#2001,.T.);
#2757=ORIENTED_EDGE('',*,*,#2009,.T.);
#2758=ORIENTED_EDGE('',*,*,#2010,.T.);
#2759=ORIENTED_EDGE('',*,*,#2011,.T.);
#2760=ORIENTED_EDGE('',*,*,#2012,.T.);
#2761=ORIENTED_EDGE('',*,*,#2013,.T.);
#2762=ORIENTED_EDGE('',*,*,#2014,.T.);
#2763=ORIENTED_EDGE('',*,*,#1997,.T.);
#2764=ORIENTED_EDGE('',*,*,#2015,.T.);
#2765=ORIENTED_EDGE('',*,*,#2016,.T.);
#2766=ORIENTED_EDGE('',*,*,#2017,.T.);
#2767=ORIENTED_EDGE('',*,*,#2018,.T.);
#2768=ORIENTED_EDGE('',*,*,#2019,.T.);
#2769=ORIENTED_EDGE('',*,*,#2020,.T.);
#2770=ORIENTED_EDGE('',*,*,#1993,.T.);
#2771=ORIENTED_EDGE('',*,*,#2021,.T.);
#2772=ORIENTED_EDGE('',*,*,#2022,.T.);
#2773=ORIENTED_EDGE('',*,*,#2023,.T.);
#2774=ORIENTED_EDGE('',*,*,#2024,.T.);
#2775=ORIENTED_EDGE('',*,*,#2025,.T.);
#2776=ORIENTED_EDGE('',*,*,#2026,.T.);
#2777=ORIENTED_EDGE('',*,*,#1989,.T.);
#2778=ORIENTED_EDGE('',*,*,#1958,.T.);
#2779=ORIENTED_EDGE('',*,*,#2027,.T.);
#2780=ORIENTED_EDGE('',*,*,#2028,.T.);
#2781=ORIENTED_EDGE('',*,*,#2029,.T.);
#2782=ORIENTED_EDGE('',*,*,#2030,.T.);
#2783=ORIENTED_EDGE('',*,*,#2031,.T.);
#2784=ORIENTED_EDGE('',*,*,#2007,.T.);
#2785=ORIENTED_EDGE('',*,*,#2032,.T.);
#2786=ORIENTED_EDGE('',*,*,#2033,.T.);
#2787=ORIENTED_EDGE('',*,*,#2034,.T.);
#2788=ORIENTED_EDGE('',*,*,#2035,.T.);
#2789=ORIENTED_EDGE('',*,*,#2036,.T.);
#2790=ORIENTED_EDGE('',*,*,#2037,.T.);
#2791=ORIENTED_EDGE('',*,*,#2003,.T.);
#2792=ORIENTED_EDGE('',*,*,#1951,.T.);
#2793=ORIENTED_EDGE('',*,*,#2038,.T.);
#2794=ORIENTED_EDGE('',*,*,#2039,.T.);
#2795=ORIENTED_EDGE('',*,*,#2040,.T.);
#2796=ORIENTED_EDGE('',*,*,#2041,.T.);
#2797=ORIENTED_EDGE('',*,*,#2042,.T.);
#2798=ORIENTED_EDGE('',*,*,#2043,.F.);
#2799=ORIENTED_EDGE('',*,*,#2044,.T.);
#2800=ORIENTED_EDGE('',*,*,#2045,.F.);
#2801=ORIENTED_EDGE('',*,*,#2044,.F.);
#2802=ORIENTED_EDGE('',*,*,#2046,.F.);
#2803=ORIENTED_EDGE('',*,*,#2047,.T.);
#2804=ORIENTED_EDGE('',*,*,#1938,.F.);
#2805=ORIENTED_EDGE('',*,*,#2048,.T.);
#2806=ORIENTED_EDGE('',*,*,#2049,.F.);
#2807=ORIENTED_EDGE('',*,*,#2050,.F.);
#2808=ORIENTED_EDGE('',*,*,#2022,.F.);
#2809=ORIENTED_EDGE('',*,*,#2051,.T.);
#2810=ORIENTED_EDGE('',*,*,#2052,.F.);
#2811=ORIENTED_EDGE('',*,*,#2053,.F.);
#2812=ORIENTED_EDGE('',*,*,#2030,.F.);
#2813=ORIENTED_EDGE('',*,*,#2054,.T.);
#2814=ORIENTED_EDGE('',*,*,#1755,.F.);
#2815=ORIENTED_EDGE('',*,*,#2055,.F.);
#2816=ORIENTED_EDGE('',*,*,#1939,.F.);
#2817=ORIENTED_EDGE('',*,*,#2047,.F.);
#2818=ORIENTED_EDGE('',*,*,#2046,.T.);
#2819=ORIENTED_EDGE('',*,*,#2043,.T.);
#2820=ORIENTED_EDGE('',*,*,#2045,.T.);
#2821=ORIENTED_EDGE('',*,*,#2056,.F.);
#2822=ORIENTED_EDGE('',*,*,#2057,.T.);
#2823=ORIENTED_EDGE('',*,*,#2058,.F.);
#2824=ORIENTED_EDGE('',*,*,#2057,.F.);
#2825=ORIENTED_EDGE('',*,*,#2059,.F.);
#2826=ORIENTED_EDGE('',*,*,#2060,.T.);
#2827=ORIENTED_EDGE('',*,*,#2061,.F.);
#2828=ORIENTED_EDGE('',*,*,#2062,.F.);
#2829=ORIENTED_EDGE('',*,*,#2019,.F.);
#2830=ORIENTED_EDGE('',*,*,#2063,.T.);
#2831=ORIENTED_EDGE('',*,*,#2064,.F.);
#2832=ORIENTED_EDGE('',*,*,#2065,.F.);
#2833=ORIENTED_EDGE('',*,*,#1814,.F.);
#2834=ORIENTED_EDGE('',*,*,#2066,.T.);
#2835=ORIENTED_EDGE('',*,*,#1738,.F.);
#2836=ORIENTED_EDGE('',*,*,#2067,.F.);
#2837=ORIENTED_EDGE('',*,*,#2010,.F.);
#2838=ORIENTED_EDGE('',*,*,#2068,.T.);
#2839=ORIENTED_EDGE('',*,*,#2069,.F.);
#2840=ORIENTED_EDGE('',*,*,#2060,.F.);
#2841=ORIENTED_EDGE('',*,*,#2059,.T.);
#2842=ORIENTED_EDGE('',*,*,#2056,.T.);
#2843=ORIENTED_EDGE('',*,*,#2058,.T.);
#2844=ORIENTED_EDGE('',*,*,#2070,.F.);
#2845=ORIENTED_EDGE('',*,*,#2071,.T.);
#2846=ORIENTED_EDGE('',*,*,#2072,.F.);
#2847=ORIENTED_EDGE('',*,*,#2073,.F.);
#2848=ORIENTED_EDGE('',*,*,#1765,.F.);
#2849=ORIENTED_EDGE('',*,*,#2074,.F.);
#2850=ORIENTED_EDGE('',*,*,#2033,.F.);
#2851=ORIENTED_EDGE('',*,*,#2075,.T.);
#2852=ORIENTED_EDGE('',*,*,#2076,.F.);
#2853=ORIENTED_EDGE('',*,*,#2077,.F.);
#2854=ORIENTED_EDGE('',*,*,#2041,.F.);
#2855=ORIENTED_EDGE('',*,*,#2078,.T.);
#2856=ORIENTED_EDGE('',*,*,#1728,.F.);
#2857=ORIENTED_EDGE('',*,*,#2079,.F.);
#2858=ORIENTED_EDGE('',*,*,#2080,.F.);
#2859=ORIENTED_EDGE('',*,*,#2071,.F.);
#2860=ORIENTED_EDGE('',*,*,#2070,.T.);
#2861=ORIENTED_EDGE('',*,*,#2081,.T.);
#2862=ORIENTED_EDGE('',*,*,#1793,.F.);
#2863=ORIENTED_EDGE('',*,*,#1748,.T.);
#2864=ORIENTED_EDGE('',*,*,#2082,.T.);
#2865=ORIENTED_EDGE('',*,*,#2083,.T.);
#2866=ORIENTED_EDGE('',*,*,#2084,.T.);
#2867=ORIENTED_EDGE('',*,*,#2072,.T.);
#2868=ORIENTED_EDGE('',*,*,#2080,.T.);
#2869=ORIENTED_EDGE('',*,*,#2085,.T.);
#2870=ORIENTED_EDGE('',*,*,#2086,.T.);
#2871=ORIENTED_EDGE('',*,*,#2087,.T.);
#2872=ORIENTED_EDGE('',*,*,#2088,.T.);
#2873=ORIENTED_EDGE('',*,*,#2089,.T.);
#2874=ORIENTED_EDGE('',*,*,#2074,.T.);
#2875=ORIENTED_EDGE('',*,*,#1764,.F.);
#2876=ORIENTED_EDGE('',*,*,#2090,.F.);
#2877=ORIENTED_EDGE('',*,*,#2034,.F.);
#2878=ORIENTED_EDGE('',*,*,#2031,.F.);
#2879=ORIENTED_EDGE('',*,*,#2053,.T.);
#2880=ORIENTED_EDGE('',*,*,#2091,.F.);
#2881=ORIENTED_EDGE('',*,*,#1990,.F.);
#2882=ORIENTED_EDGE('',*,*,#2021,.F.);
#2883=ORIENTED_EDGE('',*,*,#1992,.T.);
#2884=ORIENTED_EDGE('',*,*,#2092,.F.);
#2885=ORIENTED_EDGE('',*,*,#2051,.F.);
#2886=ORIENTED_EDGE('',*,*,#2092,.T.);
#2887=ORIENTED_EDGE('',*,*,#1991,.T.);
#2888=ORIENTED_EDGE('',*,*,#2091,.T.);
#2889=ORIENTED_EDGE('',*,*,#2052,.T.);
#2890=ORIENTED_EDGE('',*,*,#2020,.F.);
#2891=ORIENTED_EDGE('',*,*,#2062,.T.);
#2892=ORIENTED_EDGE('',*,*,#2093,.F.);
#2893=ORIENTED_EDGE('',*,*,#1998,.F.);
#2894=ORIENTED_EDGE('',*,*,#2009,.F.);
#2895=ORIENTED_EDGE('',*,*,#2000,.T.);
#2896=ORIENTED_EDGE('',*,*,#2094,.F.);
#2897=ORIENTED_EDGE('',*,*,#2068,.F.);
#2898=ORIENTED_EDGE('',*,*,#2094,.T.);
#2899=ORIENTED_EDGE('',*,*,#1999,.T.);
#2900=ORIENTED_EDGE('',*,*,#2093,.T.);
#2901=ORIENTED_EDGE('',*,*,#2061,.T.);
#2902=ORIENTED_EDGE('',*,*,#2069,.T.);
#2903=ORIENTED_EDGE('',*,*,#2042,.F.);
#2904=ORIENTED_EDGE('',*,*,#2077,.T.);
#2905=ORIENTED_EDGE('',*,*,#2095,.F.);
#2906=ORIENTED_EDGE('',*,*,#2004,.F.);
#2907=ORIENTED_EDGE('',*,*,#2032,.F.);
#2908=ORIENTED_EDGE('',*,*,#2006,.T.);
#2909=ORIENTED_EDGE('',*,*,#2096,.F.);
#2910=ORIENTED_EDGE('',*,*,#2075,.F.);
#2911=ORIENTED_EDGE('',*,*,#2096,.T.);
#2912=ORIENTED_EDGE('',*,*,#2005,.T.);
#2913=ORIENTED_EDGE('',*,*,#2095,.T.);
#2914=ORIENTED_EDGE('',*,*,#2076,.T.);
#2915=ORIENTED_EDGE('',*,*,#1995,.T.);
#2916=ORIENTED_EDGE('',*,*,#2097,.T.);
#2917=ORIENTED_EDGE('',*,*,#1917,.T.);
#2918=ORIENTED_EDGE('',*,*,#2098,.T.);
#2919=ORIENTED_EDGE('',*,*,#2099,.T.);
#2920=ORIENTED_EDGE('',*,*,#2100,.T.);
#2921=ORIENTED_EDGE('',*,*,#2101,.T.);
#2922=ORIENTED_EDGE('',*,*,#2102,.T.);
#2923=ORIENTED_EDGE('',*,*,#2064,.T.);
#2924=ORIENTED_EDGE('',*,*,#2103,.T.);
#2925=ORIENTED_EDGE('',*,*,#2104,.T.);
#2926=ORIENTED_EDGE('',*,*,#2105,.T.);
#2927=ORIENTED_EDGE('',*,*,#2106,.T.);
#2928=ORIENTED_EDGE('',*,*,#2107,.T.);
#2929=ORIENTED_EDGE('',*,*,#2108,.T.);
#2930=ORIENTED_EDGE('',*,*,#2109,.T.);
#2931=ORIENTED_EDGE('',*,*,#2049,.T.);
#2932=ORIENTED_EDGE('',*,*,#2110,.T.);
#2933=ORIENTED_EDGE('',*,*,#2111,.T.);
#2934=ORIENTED_EDGE('',*,*,#2112,.T.);
#2935=ORIENTED_EDGE('',*,*,#2025,.F.);
#2936=ORIENTED_EDGE('',*,*,#2113,.T.);
#2937=ORIENTED_EDGE('',*,*,#2107,.F.);
#2938=ORIENTED_EDGE('',*,*,#2114,.F.);
#2939=ORIENTED_EDGE('',*,*,#2024,.F.);
#2940=ORIENTED_EDGE('',*,*,#2115,.T.);
#2941=ORIENTED_EDGE('',*,*,#2108,.F.);
#2942=ORIENTED_EDGE('',*,*,#2113,.F.);
#2943=ORIENTED_EDGE('',*,*,#2023,.F.);
#2944=ORIENTED_EDGE('',*,*,#2050,.T.);
#2945=ORIENTED_EDGE('',*,*,#2109,.F.);
#2946=ORIENTED_EDGE('',*,*,#2115,.F.);
#2947=ORIENTED_EDGE('',*,*,#1937,.F.);
#2948=ORIENTED_EDGE('',*,*,#2116,.T.);
#2949=ORIENTED_EDGE('',*,*,#2110,.F.);
#2950=ORIENTED_EDGE('',*,*,#2048,.F.);
#2951=ORIENTED_EDGE('',*,*,#1936,.F.);
#2952=ORIENTED_EDGE('',*,*,#2117,.T.);
#2953=ORIENTED_EDGE('',*,*,#2111,.F.);
#2954=ORIENTED_EDGE('',*,*,#2116,.F.);
#2955=ORIENTED_EDGE('',*,*,#1935,.F.);
#2956=ORIENTED_EDGE('',*,*,#2118,.T.);
#2957=ORIENTED_EDGE('',*,*,#2112,.F.);
#2958=ORIENTED_EDGE('',*,*,#2117,.F.);
#2959=ORIENTED_EDGE('',*,*,#2016,.F.);
#2960=ORIENTED_EDGE('',*,*,#2119,.T.);
#2961=ORIENTED_EDGE('',*,*,#2105,.F.);
#2962=ORIENTED_EDGE('',*,*,#2120,.F.);
#2963=ORIENTED_EDGE('',*,*,#2017,.F.);
#2964=ORIENTED_EDGE('',*,*,#2120,.T.);
#2965=ORIENTED_EDGE('',*,*,#2104,.F.);
#2966=ORIENTED_EDGE('',*,*,#2121,.F.);
#2967=ORIENTED_EDGE('',*,*,#2018,.F.);
#2968=ORIENTED_EDGE('',*,*,#2121,.T.);
#2969=ORIENTED_EDGE('',*,*,#2103,.F.);
#2970=ORIENTED_EDGE('',*,*,#2063,.F.);
#2971=ORIENTED_EDGE('',*,*,#1815,.F.);
#2972=ORIENTED_EDGE('',*,*,#2065,.T.);
#2973=ORIENTED_EDGE('',*,*,#2102,.F.);
#2974=ORIENTED_EDGE('',*,*,#2122,.F.);
#2975=ORIENTED_EDGE('',*,*,#1816,.F.);
#2976=ORIENTED_EDGE('',*,*,#2122,.T.);
#2977=ORIENTED_EDGE('',*,*,#2101,.F.);
#2978=ORIENTED_EDGE('',*,*,#2123,.F.);
#2979=ORIENTED_EDGE('',*,*,#1817,.F.);
#2980=ORIENTED_EDGE('',*,*,#2123,.T.);
#2981=ORIENTED_EDGE('',*,*,#2100,.F.);
#2982=ORIENTED_EDGE('',*,*,#2124,.F.);
#2983=ORIENTED_EDGE('',*,*,#1929,.T.);
#2984=ORIENTED_EDGE('',*,*,#1818,.F.);
#2985=ORIENTED_EDGE('',*,*,#2124,.T.);
#2986=ORIENTED_EDGE('',*,*,#2099,.F.);
#2987=ORIENTED_EDGE('',*,*,#2119,.F.);
#2988=ORIENTED_EDGE('',*,*,#2015,.F.);
#2989=ORIENTED_EDGE('',*,*,#1996,.T.);
#2990=ORIENTED_EDGE('',*,*,#2098,.F.);
#2991=ORIENTED_EDGE('',*,*,#1916,.F.);
#2992=ORIENTED_EDGE('',*,*,#1934,.F.);
#2993=ORIENTED_EDGE('',*,*,#1918,.T.);
#2994=ORIENTED_EDGE('',*,*,#2097,.F.);
#2995=ORIENTED_EDGE('',*,*,#1994,.F.);
#2996=ORIENTED_EDGE('',*,*,#2026,.F.);
#2997=ORIENTED_EDGE('',*,*,#2114,.T.);
#2998=ORIENTED_EDGE('',*,*,#2106,.F.);
#2999=ORIENTED_EDGE('',*,*,#2118,.F.);
#3000=ORIENTED_EDGE('',*,*,#1949,.F.);
#3001=ORIENTED_EDGE('',*,*,#2002,.F.);
#3002=ORIENTED_EDGE('',*,*,#2014,.F.);
#3003=ORIENTED_EDGE('',*,*,#2125,.T.);
#3004=ORIENTED_EDGE('',*,*,#1734,.F.);
#3005=ORIENTED_EDGE('',*,*,#2013,.F.);
#3006=ORIENTED_EDGE('',*,*,#2126,.T.);
#3007=ORIENTED_EDGE('',*,*,#1735,.F.);
#3008=ORIENTED_EDGE('',*,*,#2125,.F.);
#3009=ORIENTED_EDGE('',*,*,#2012,.F.);
#3010=ORIENTED_EDGE('',*,*,#2127,.T.);
#3011=ORIENTED_EDGE('',*,*,#1736,.F.);
#3012=ORIENTED_EDGE('',*,*,#2126,.F.);
#3013=ORIENTED_EDGE('',*,*,#2011,.F.);
#3014=ORIENTED_EDGE('',*,*,#2067,.T.);
#3015=ORIENTED_EDGE('',*,*,#1737,.F.);
#3016=ORIENTED_EDGE('',*,*,#2127,.F.);
#3017=ORIENTED_EDGE('',*,*,#1813,.F.);
#3018=ORIENTED_EDGE('',*,*,#2128,.T.);
#3019=ORIENTED_EDGE('',*,*,#1739,.F.);
#3020=ORIENTED_EDGE('',*,*,#2066,.F.);
#3021=ORIENTED_EDGE('',*,*,#1812,.F.);
#3022=ORIENTED_EDGE('',*,*,#2129,.T.);
#3023=ORIENTED_EDGE('',*,*,#1740,.F.);
#3024=ORIENTED_EDGE('',*,*,#2128,.F.);
#3025=ORIENTED_EDGE('',*,*,#1811,.F.);
#3026=ORIENTED_EDGE('',*,*,#1720,.T.);
#3027=ORIENTED_EDGE('',*,*,#1741,.F.);
#3028=ORIENTED_EDGE('',*,*,#2129,.F.);
#3029=ORIENTED_EDGE('',*,*,#2038,.F.);
#3030=ORIENTED_EDGE('',*,*,#1950,.T.);
#3031=ORIENTED_EDGE('',*,*,#1731,.F.);
#3032=ORIENTED_EDGE('',*,*,#2130,.F.);
#3033=ORIENTED_EDGE('',*,*,#2039,.F.);
#3034=ORIENTED_EDGE('',*,*,#2130,.T.);
#3035=ORIENTED_EDGE('',*,*,#1730,.F.);
#3036=ORIENTED_EDGE('',*,*,#2131,.F.);
#3037=ORIENTED_EDGE('',*,*,#2040,.F.);
#3038=ORIENTED_EDGE('',*,*,#2131,.T.);
#3039=ORIENTED_EDGE('',*,*,#1729,.F.);
#3040=ORIENTED_EDGE('',*,*,#2078,.F.);
#3041=ORIENTED_EDGE('',*,*,#2085,.F.);
#3042=ORIENTED_EDGE('',*,*,#2079,.T.);
#3043=ORIENTED_EDGE('',*,*,#1727,.F.);
#3044=ORIENTED_EDGE('',*,*,#2132,.F.);
#3045=ORIENTED_EDGE('',*,*,#2086,.F.);
#3046=ORIENTED_EDGE('',*,*,#2132,.T.);
#3047=ORIENTED_EDGE('',*,*,#1726,.F.);
#3048=ORIENTED_EDGE('',*,*,#2133,.F.);
#3049=ORIENTED_EDGE('',*,*,#2087,.F.);
#3050=ORIENTED_EDGE('',*,*,#2133,.T.);
#3051=ORIENTED_EDGE('',*,*,#1725,.F.);
#3052=ORIENTED_EDGE('',*,*,#2134,.F.);
#3053=ORIENTED_EDGE('',*,*,#1717,.F.);
#3054=ORIENTED_EDGE('',*,*,#1791,.F.);
#3055=ORIENTED_EDGE('',*,*,#1792,.F.);
#3056=ORIENTED_EDGE('',*,*,#2088,.F.);
#3057=ORIENTED_EDGE('',*,*,#2134,.T.);
#3058=ORIENTED_EDGE('',*,*,#1724,.F.);
#3059=ORIENTED_EDGE('',*,*,#1742,.F.);
#3060=ORIENTED_EDGE('',*,*,#1789,.F.);
#3061=ORIENTED_EDGE('',*,*,#1771,.F.);
#3062=ORIENTED_EDGE('',*,*,#1943,.F.);
#3063=ORIENTED_EDGE('',*,*,#2135,.T.);
#3064=ORIENTED_EDGE('',*,*,#1751,.F.);
#3065=ORIENTED_EDGE('',*,*,#1942,.F.);
#3066=ORIENTED_EDGE('',*,*,#2136,.T.);
#3067=ORIENTED_EDGE('',*,*,#1752,.F.);
#3068=ORIENTED_EDGE('',*,*,#2135,.F.);
#3069=ORIENTED_EDGE('',*,*,#1941,.F.);
#3070=ORIENTED_EDGE('',*,*,#2137,.T.);
#3071=ORIENTED_EDGE('',*,*,#1753,.F.);
#3072=ORIENTED_EDGE('',*,*,#2136,.F.);
#3073=ORIENTED_EDGE('',*,*,#1940,.F.);
#3074=ORIENTED_EDGE('',*,*,#2055,.T.);
#3075=ORIENTED_EDGE('',*,*,#1754,.F.);
#3076=ORIENTED_EDGE('',*,*,#2137,.F.);
#3077=ORIENTED_EDGE('',*,*,#2029,.F.);
#3078=ORIENTED_EDGE('',*,*,#2138,.T.);
#3079=ORIENTED_EDGE('',*,*,#1756,.F.);
#3080=ORIENTED_EDGE('',*,*,#2054,.F.);
#3081=ORIENTED_EDGE('',*,*,#2028,.F.);
#3082=ORIENTED_EDGE('',*,*,#2139,.T.);
#3083=ORIENTED_EDGE('',*,*,#1757,.F.);
#3084=ORIENTED_EDGE('',*,*,#2138,.F.);
#3085=ORIENTED_EDGE('',*,*,#2027,.F.);
#3086=ORIENTED_EDGE('',*,*,#1957,.T.);
#3087=ORIENTED_EDGE('',*,*,#1758,.F.);
#3088=ORIENTED_EDGE('',*,*,#2139,.F.);
#3089=ORIENTED_EDGE('',*,*,#2082,.F.);
#3090=ORIENTED_EDGE('',*,*,#1747,.T.);
#3091=ORIENTED_EDGE('',*,*,#1768,.F.);
#3092=ORIENTED_EDGE('',*,*,#2140,.F.);
#3093=ORIENTED_EDGE('',*,*,#2083,.F.);
#3094=ORIENTED_EDGE('',*,*,#2140,.T.);
#3095=ORIENTED_EDGE('',*,*,#1767,.F.);
#3096=ORIENTED_EDGE('',*,*,#2141,.F.);
#3097=ORIENTED_EDGE('',*,*,#2073,.T.);
#3098=ORIENTED_EDGE('',*,*,#2084,.F.);
#3099=ORIENTED_EDGE('',*,*,#2141,.T.);
#3100=ORIENTED_EDGE('',*,*,#1766,.F.);
#3101=ORIENTED_EDGE('',*,*,#2081,.F.);
#3102=ORIENTED_EDGE('',*,*,#2142,.T.);
#3103=ORIENTED_EDGE('',*,*,#2089,.F.);
#3104=ORIENTED_EDGE('',*,*,#2142,.F.);
#3105=ORIENTED_EDGE('',*,*,#2035,.F.);
#3106=ORIENTED_EDGE('',*,*,#2090,.T.);
#3107=ORIENTED_EDGE('',*,*,#1763,.F.);
#3108=ORIENTED_EDGE('',*,*,#2143,.F.);
#3109=ORIENTED_EDGE('',*,*,#2036,.F.);
#3110=ORIENTED_EDGE('',*,*,#2143,.T.);
#3111=ORIENTED_EDGE('',*,*,#1762,.F.);
#3112=ORIENTED_EDGE('',*,*,#2144,.F.);
#3113=ORIENTED_EDGE('',*,*,#1956,.F.);
#3114=ORIENTED_EDGE('',*,*,#2008,.F.);
#3115=ORIENTED_EDGE('',*,*,#2037,.F.);
#3116=ORIENTED_EDGE('',*,*,#2144,.T.);
#3117=ORIENTED_EDGE('',*,*,#1761,.F.);
#3118=ORIENTED_EDGE('',*,*,#1803,.F.);
#3119=ORIENTED_EDGE('',*,*,#1810,.F.);
#3120=ORIENTED_EDGE('',*,*,#1921,.T.);
#3121=ORIENTED_EDGE('',*,*,#2145,.T.);
#3122=ORIENTED_EDGE('',*,*,#1832,.T.);
#3123=ORIENTED_EDGE('',*,*,#1837,.T.);
#3124=ORIENTED_EDGE('',*,*,#1841,.T.);
#3125=ORIENTED_EDGE('',*,*,#1648,.T.);
#3126=ORIENTED_EDGE('',*,*,#1870,.T.);
#3127=ORIENTED_EDGE('',*,*,#1783,.T.);
#3128=ORIENTED_EDGE('',*,*,#1850,.T.);
#3129=ORIENTED_EDGE('',*,*,#1847,.F.);
#3130=ORIENTED_EDGE('',*,*,#1868,.T.);
#3131=ORIENTED_EDGE('',*,*,#1865,.F.);
#3132=ORIENTED_EDGE('',*,*,#2146,.T.);
#3133=ORIENTED_EDGE('',*,*,#1779,.T.);
#3134=ORIENTED_EDGE('',*,*,#1807,.T.);
#3135=ORIENTED_EDGE('',*,*,#2147,.T.);
#3136=ORIENTED_EDGE('',*,*,#1845,.T.);
#3137=ORIENTED_EDGE('',*,*,#1842,.F.);
#3138=ORIENTED_EDGE('',*,*,#1828,.F.);
#3139=ORIENTED_EDGE('',*,*,#1665,.T.);
#3140=ORIENTED_EDGE('',*,*,#1839,.F.);
#3141=ORIENTED_EDGE('',*,*,#1834,.F.);
#3142=ORIENTED_EDGE('',*,*,#1855,.F.);
#3143=ORIENTED_EDGE('',*,*,#1677,.F.);
#3144=ORIENTED_EDGE('',*,*,#1885,.T.);
#3145=ORIENTED_EDGE('',*,*,#2148,.F.);
#3146=ORIENTED_EDGE('',*,*,#1844,.F.);
#3147=ORIENTED_EDGE('',*,*,#1691,.T.);
#3148=ORIENTED_EDGE('',*,*,#1873,.F.);
#3149=ORIENTED_EDGE('',*,*,#1876,.F.);
#3150=ORIENTED_EDGE('',*,*,#1780,.F.);
#3151=ORIENTED_EDGE('',*,*,#2146,.F.);
#3152=ORIENTED_EDGE('',*,*,#1920,.T.);
#3153=ORIENTED_EDGE('',*,*,#1824,.T.);
#3154=ORIENTED_EDGE('',*,*,#1821,.F.);
#3155=ORIENTED_EDGE('',*,*,#1833,.T.);
#3156=ORIENTED_EDGE('',*,*,#2145,.F.);
#3157=ORIENTED_EDGE('',*,*,#1884,.T.);
#3158=ORIENTED_EDGE('',*,*,#1879,.T.);
#3159=ORIENTED_EDGE('',*,*,#1787,.T.);
#3160=ORIENTED_EDGE('',*,*,#1856,.T.);
#3161=ORIENTED_EDGE('',*,*,#1853,.F.);
#3162=ORIENTED_EDGE('',*,*,#2148,.T.);
#3163=ORIENTED_EDGE('',*,*,#1659,.F.);
#3164=ORIENTED_EDGE('',*,*,#1694,.F.);
#3165=ORIENTED_EDGE('',*,*,#1846,.T.);
#3166=ORIENTED_EDGE('',*,*,#2147,.F.);
#3167=ORIENTED_EDGE('',*,*,#1806,.F.);
#3168=ORIENTED_EDGE('',*,*,#1946,.F.);
#3169=ORIENTED_EDGE('',*,*,#1640,.F.);
#3170=ORIENTED_EDGE('',*,*,#1696,.F.);
#3171=ORIENTED_EDGE('',*,*,#1945,.T.);
#3172=ORIENTED_EDGE('',*,*,#1644,.F.);
#3173=CYLINDRICAL_SURFACE('',#3464,1.);
#3174=CYLINDRICAL_SURFACE('',#3471,1.);
#3175=CYLINDRICAL_SURFACE('',#3478,1.);
#3176=CYLINDRICAL_SURFACE('',#3507,3.);
#3177=CYLINDRICAL_SURFACE('',#3514,3.);
#3178=CYLINDRICAL_SURFACE('',#3521,3.);
#3179=CYLINDRICAL_SURFACE('',#3567,34.45);
#3180=CYLINDRICAL_SURFACE('',#3579,2.5);
#3181=CYLINDRICAL_SURFACE('',#3585,2.5);
#3182=CYLINDRICAL_SURFACE('',#3588,12.);
#3183=CYLINDRICAL_SURFACE('',#3598,1.5);
#3184=CYLINDRICAL_SURFACE('',#3601,1.5);
#3185=CYLINDRICAL_SURFACE('',#3606,1.5);
#3186=CYLINDRICAL_SURFACE('',#3608,1.5);
#3187=CYLINDRICAL_SURFACE('',#3609,1.5);
#3188=CYLINDRICAL_SURFACE('',#3611,35.5);
#3189=CYLINDRICAL_SURFACE('',#3613,1.5);
#3190=CYLINDRICAL_SURFACE('',#3616,1.5);
#3191=CYLINDRICAL_SURFACE('',#3619,1.5);
#3192=CYLINDRICAL_SURFACE('',#3621,41.);
#3193=CYLINDRICAL_SURFACE('',#3625,1.5);
#3194=CYLINDRICAL_SURFACE('',#3627,35.5);
#3195=CYLINDRICAL_SURFACE('',#3629,1.5);
#3196=CYLINDRICAL_SURFACE('',#3631,1.5);
#3197=CYLINDRICAL_SURFACE('',#3636,41.);
#3198=CYLINDRICAL_SURFACE('',#3637,1.5);
#3199=CYLINDRICAL_SURFACE('',#3642,31.5);
#3200=CYLINDRICAL_SURFACE('',#3647,4.);
#3201=CYLINDRICAL_SURFACE('',#3653,4.);
#3202=CYLINDRICAL_SURFACE('',#3660,3.);
#3203=CYLINDRICAL_SURFACE('',#3679,16.5);
#3204=CYLINDRICAL_SURFACE('',#3680,16.5);
#3205=CYLINDRICAL_SURFACE('',#3681,16.5);
#3206=CYLINDRICAL_SURFACE('',#3683,4.);
#3207=CYLINDRICAL_SURFACE('',#3684,4.);
#3208=CYLINDRICAL_SURFACE('',#3685,15.);
#3209=CYLINDRICAL_SURFACE('',#3700,6.5);
#3210=CYLINDRICAL_SURFACE('',#3715,6.);
#3211=CYLINDRICAL_SURFACE('',#3722,5.);
#3212=CYLINDRICAL_SURFACE('',#3724,2.);
#3213=CYLINDRICAL_SURFACE('',#3728,5.);
#3214=CYLINDRICAL_SURFACE('',#3731,6.);
#3215=CYLINDRICAL_SURFACE('',#3737,13.25);
#3216=CYLINDRICAL_SURFACE('',#3778,3.);
#3217=CYLINDRICAL_SURFACE('',#3781,6.5);
#3218=CYLINDRICAL_SURFACE('',#3787,3.);
#3219=CYLINDRICAL_SURFACE('',#3790,6.5);
#3220=CYLINDRICAL_SURFACE('',#3797,6.5);
#3221=CYLINDRICAL_SURFACE('',#3813,24.5);
#3222=CYLINDRICAL_SURFACE('',#3838,24.5);
#3223=CYLINDRICAL_SURFACE('',#3839,2.75);
#3224=CYLINDRICAL_SURFACE('',#3840,24.5);
#3225=CYLINDRICAL_SURFACE('',#3841,26.25);
#3226=CYLINDRICAL_SURFACE('',#3842,2.75);
#3227=CYLINDRICAL_SURFACE('',#3843,26.25);
#3228=CYLINDRICAL_SURFACE('',#3844,24.5);
#3229=CYLINDRICAL_SURFACE('',#3845,2.75);
#3230=CYLINDRICAL_SURFACE('',#3846,24.5);
#3231=CYLINDRICAL_SURFACE('',#3847,26.25);
#3232=CYLINDRICAL_SURFACE('',#3848,2.75);
#3233=CYLINDRICAL_SURFACE('',#3849,26.25);
#3234=CYLINDRICAL_SURFACE('',#3853,24.5);
#3235=CYLINDRICAL_SURFACE('',#3854,2.75);
#3236=CYLINDRICAL_SURFACE('',#3855,24.5);
#3237=CYLINDRICAL_SURFACE('',#3856,26.25);
#3238=CYLINDRICAL_SURFACE('',#3857,2.75);
#3239=CYLINDRICAL_SURFACE('',#3858,26.25);
#3240=CYLINDRICAL_SURFACE('',#3859,24.5);
#3241=CYLINDRICAL_SURFACE('',#3860,2.75);
#3242=CYLINDRICAL_SURFACE('',#3861,24.5);
#3243=CYLINDRICAL_SURFACE('',#3862,26.25);
#3244=CYLINDRICAL_SURFACE('',#3863,2.75);
#3245=CYLINDRICAL_SURFACE('',#3864,26.25);
#3246=CYLINDRICAL_SURFACE('',#3867,26.25);
#3247=CYLINDRICAL_SURFACE('',#3868,2.75);
#3248=CYLINDRICAL_SURFACE('',#3869,26.25);
#3249=CYLINDRICAL_SURFACE('',#3870,24.5);
#3250=CYLINDRICAL_SURFACE('',#3871,2.75);
#3251=CYLINDRICAL_SURFACE('',#3872,24.5);
#3252=CYLINDRICAL_SURFACE('',#3873,26.25);
#3253=CYLINDRICAL_SURFACE('',#3874,2.75);
#3254=CYLINDRICAL_SURFACE('',#3875,26.25);
#3255=CYLINDRICAL_SURFACE('',#3876,3.);
#3256=CYLINDRICAL_SURFACE('',#3877,2.75);
#3257=CYLINDRICAL_SURFACE('',#3878,24.5);
#3258=CYLINDRICAL_SURFACE('',#3884,35.5);
#3259=ADVANCED_FACE('',(#158),#3173,.T.);
#3260=ADVANCED_FACE('',(#159),#69,.T.);
#3261=ADVANCED_FACE('',(#160),#70,.F.);
#3262=ADVANCED_FACE('',(#161),#3174,.T.);
#3263=ADVANCED_FACE('',(#162),#58,.T.);
#3264=ADVANCED_FACE('',(#163),#3175,.T.);
#3265=ADVANCED_FACE('',(#164),#71,.T.);
#3266=ADVANCED_FACE('',(#165,#25,#26,#27),#72,.T.);
#3267=ADVANCED_FACE('',(#166),#59,.T.);
#3268=ADVANCED_FACE('',(#167),#3176,.T.);
#3269=ADVANCED_FACE('',(#168),#73,.T.);
#3270=ADVANCED_FACE('',(#169),#60,.T.);
#3271=ADVANCED_FACE('',(#170),#3177,.T.);
#3272=ADVANCED_FACE('',(#171),#74,.T.);
#3273=ADVANCED_FACE('',(#172),#61,.T.);
#3274=ADVANCED_FACE('',(#173),#3178,.T.);
#3275=ADVANCED_FACE('',(#174),#75,.T.);
#3276=ADVANCED_FACE('',(#175),#62,.T.);
#3277=ADVANCED_FACE('',(#176),#76,.T.);
#3278=ADVANCED_FACE('',(#177),#77,.F.);
#3279=ADVANCED_FACE('',(#178),#63,.T.);
#3280=ADVANCED_FACE('',(#179),#78,.T.);
#3281=ADVANCED_FACE('',(#180),#79,.F.);
#3282=ADVANCED_FACE('',(#181),#64,.T.);
#3283=ADVANCED_FACE('',(#182),#24,.F.);
#3284=ADVANCED_FACE('',(#183),#3179,.T.);
#3285=ADVANCED_FACE('',(#184),#65,.T.);
#3286=ADVANCED_FACE('',(#185),#66,.T.);
#3287=ADVANCED_FACE('',(#186),#3180,.T.);
#3288=ADVANCED_FACE('',(#187),#67,.T.);
#3289=ADVANCED_FACE('',(#188),#3181,.T.);
#3290=ADVANCED_FACE('',(#189),#80,.T.);
#3291=ADVANCED_FACE('',(#190),#3182,.T.);
#3292=ADVANCED_FACE('',(#191),#81,.F.);
#3293=ADVANCED_FACE('',(#192),#3183,.F.);
#3294=ADVANCED_FACE('',(#193),#82,.T.);
#3295=ADVANCED_FACE('',(#194),#3184,.T.);
#3296=ADVANCED_FACE('',(#195),#83,.T.);
#3297=ADVANCED_FACE('',(#196),#84,.T.);
#3298=ADVANCED_FACE('',(#197),#3185,.T.);
#3299=ADVANCED_FACE('',(#198),#85,.T.);
#3300=ADVANCED_FACE('',(#199),#3186,.F.);
#3301=ADVANCED_FACE('',(#200),#3187,.F.);
#3302=ADVANCED_FACE('',(#201),#3188,.T.);
#3303=ADVANCED_FACE('',(#202),#3189,.F.);
#3304=ADVANCED_FACE('',(#203),#86,.T.);
#3305=ADVANCED_FACE('',(#204),#3190,.F.);
#3306=ADVANCED_FACE('',(#205),#87,.T.);
#3307=ADVANCED_FACE('',(#206),#3191,.T.);
#3308=ADVANCED_FACE('',(#207),#3192,.T.);
#3309=ADVANCED_FACE('',(#208),#88,.F.);
#3310=ADVANCED_FACE('',(#209),#3193,.F.);
#3311=ADVANCED_FACE('',(#210),#3194,.T.);
#3312=ADVANCED_FACE('',(#211),#3195,.T.);
#3313=ADVANCED_FACE('',(#212),#89,.T.);
#3314=ADVANCED_FACE('',(#213),#3196,.T.);
#3315=ADVANCED_FACE('',(#214),#90,.F.);
#3316=ADVANCED_FACE('',(#215),#3197,.T.);
#3317=ADVANCED_FACE('',(#216),#3198,.T.);
#3318=ADVANCED_FACE('',(#217),#68,.T.);
#3319=ADVANCED_FACE('',(#218),#3199,.T.);
#3320=ADVANCED_FACE('',(#219),#22,.F.);
#3321=ADVANCED_FACE('',(#220),#3200,.T.);
#3322=ADVANCED_FACE('',(#221),#91,.T.);
#3323=ADVANCED_FACE('',(#222),#23,.F.);
#3324=ADVANCED_FACE('',(#223),#3201,.T.);
#3325=ADVANCED_FACE('',(#224),#92,.T.);
#3326=ADVANCED_FACE('',(#225),#93,.T.);
#3327=ADVANCED_FACE('',(#226),#94,.T.);
#3328=ADVANCED_FACE('',(#227),#95,.T.);
#3329=ADVANCED_FACE('',(#228),#3202,.T.);
#3330=ADVANCED_FACE('',(#229),#96,.T.);
#3331=ADVANCED_FACE('',(#230),#97,.T.);
#3332=ADVANCED_FACE('',(#231,#28,#29,#30),#98,.F.);
#3333=ADVANCED_FACE('',(#232),#99,.T.);
#3334=ADVANCED_FACE('',(#233),#100,.T.);
#3335=ADVANCED_FACE('',(#234),#3203,.T.);
#3336=ADVANCED_FACE('',(#235),#3204,.T.);
#3337=ADVANCED_FACE('',(#236),#3205,.T.);
#3338=ADVANCED_FACE('',(#237),#3206,.T.);
#3339=ADVANCED_FACE('',(#238),#3207,.T.);
#3340=ADVANCED_FACE('',(#239),#3208,.T.);
#3341=ADVANCED_FACE('',(#240),#101,.T.);
#3342=ADVANCED_FACE('',(#241,#31),#102,.T.);
#3343=ADVANCED_FACE('',(#242),#103,.F.);
#3344=ADVANCED_FACE('',(#243),#104,.T.);
#3345=ADVANCED_FACE('',(#244),#3209,.T.);
#3346=ADVANCED_FACE('',(#245),#19,.T.);
#3347=ADVANCED_FACE('',(#246),#105,.T.);
#3348=ADVANCED_FACE('',(#247),#20,.T.);
#3349=ADVANCED_FACE('',(#248),#106,.T.);
#3350=ADVANCED_FACE('',(#249),#107,.T.);
#3351=ADVANCED_FACE('',(#250),#108,.T.);
#3352=ADVANCED_FACE('',(#251),#109,.T.);
#3353=ADVANCED_FACE('',(#252),#110,.F.);
#3354=ADVANCED_FACE('',(#253),#111,.T.);
#3355=ADVANCED_FACE('',(#254),#3210,.T.);
#3356=ADVANCED_FACE('',(#255,#32),#112,.T.);
#3357=ADVANCED_FACE('',(#256,#33),#113,.F.);
#3358=ADVANCED_FACE('',(#257,#34),#3211,.T.);
#3359=ADVANCED_FACE('',(#258),#3212,.F.);
#3360=ADVANCED_FACE('',(#259),#114,.T.);
#3361=ADVANCED_FACE('',(#260),#3213,.T.);
#3362=ADVANCED_FACE('',(#261,#35),#115,.F.);
#3363=ADVANCED_FACE('',(#262),#3214,.T.);
#3364=ADVANCED_FACE('',(#263,#36),#116,.T.);
#3365=ADVANCED_FACE('',(#264,#37),#117,.F.);
#3366=ADVANCED_FACE('',(#265),#3215,.T.);
#3367=ADVANCED_FACE('',(#266),#118,.F.);
#3368=ADVANCED_FACE('',(#267),#119,.F.);
#3369=ADVANCED_FACE('',(#268),#120,.F.);
#3370=ADVANCED_FACE('',(#269),#121,.F.);
#3371=ADVANCED_FACE('',(#270),#122,.F.);
#3372=ADVANCED_FACE('',(#271),#123,.F.);
#3373=ADVANCED_FACE('',(#272),#3216,.F.);
#3374=ADVANCED_FACE('',(#273),#3217,.T.);
#3375=ADVANCED_FACE('',(#274,#38),#124,.F.);
#3376=ADVANCED_FACE('',(#275),#125,.F.);
#3377=ADVANCED_FACE('',(#276),#3218,.F.);
#3378=ADVANCED_FACE('',(#277),#3219,.T.);
#3379=ADVANCED_FACE('',(#278,#39),#126,.F.);
#3380=ADVANCED_FACE('',(#279),#127,.F.);
#3381=ADVANCED_FACE('',(#280),#3220,.T.);
#3382=ADVANCED_FACE('',(#281,#40),#128,.F.);
#3383=ADVANCED_FACE('',(#282),#129,.F.);
#3384=ADVANCED_FACE('',(#283),#130,.F.);
#3385=ADVANCED_FACE('',(#284),#3221,.F.);
#3386=ADVANCED_FACE('',(#285),#131,.T.);
#3387=ADVANCED_FACE('',(#286),#132,.T.);
#3388=ADVANCED_FACE('',(#287),#133,.F.);
#3389=ADVANCED_FACE('',(#288),#134,.T.);
#3390=ADVANCED_FACE('',(#289),#135,.T.);
#3391=ADVANCED_FACE('',(#290),#136,.F.);
#3392=ADVANCED_FACE('',(#291),#137,.T.);
#3393=ADVANCED_FACE('',(#292),#138,.T.);
#3394=ADVANCED_FACE('',(#293),#139,.F.);
#3395=ADVANCED_FACE('',(#294),#140,.T.);
#3396=ADVANCED_FACE('',(#295),#141,.F.);
#3397=ADVANCED_FACE('',(#296),#142,.F.);
#3398=ADVANCED_FACE('',(#297),#3222,.F.);
#3399=ADVANCED_FACE('',(#298),#3223,.T.);
#3400=ADVANCED_FACE('',(#299),#3224,.F.);
#3401=ADVANCED_FACE('',(#300),#3225,.T.);
#3402=ADVANCED_FACE('',(#301),#3226,.T.);
#3403=ADVANCED_FACE('',(#302),#3227,.T.);
#3404=ADVANCED_FACE('',(#303),#3228,.F.);
#3405=ADVANCED_FACE('',(#304),#3229,.T.);
#3406=ADVANCED_FACE('',(#305),#3230,.F.);
#3407=ADVANCED_FACE('',(#306),#3231,.T.);
#3408=ADVANCED_FACE('',(#307),#3232,.T.);
#3409=ADVANCED_FACE('',(#308),#3233,.T.);
#3410=ADVANCED_FACE('',(#309),#143,.T.);
#3411=ADVANCED_FACE('',(#310),#144,.T.);
#3412=ADVANCED_FACE('',(#311),#145,.T.);
#3413=ADVANCED_FACE('',(#312),#3234,.F.);
#3414=ADVANCED_FACE('',(#313),#3235,.T.);
#3415=ADVANCED_FACE('',(#314),#3236,.F.);
#3416=ADVANCED_FACE('',(#315),#3237,.T.);
#3417=ADVANCED_FACE('',(#316),#3238,.T.);
#3418=ADVANCED_FACE('',(#317),#3239,.T.);
#3419=ADVANCED_FACE('',(#318),#3240,.F.);
#3420=ADVANCED_FACE('',(#319),#3241,.T.);
#3421=ADVANCED_FACE('',(#320),#3242,.F.);
#3422=ADVANCED_FACE('',(#321),#3243,.T.);
#3423=ADVANCED_FACE('',(#322),#3244,.T.);
#3424=ADVANCED_FACE('',(#323),#3245,.T.);
#3425=ADVANCED_FACE('',(#324),#146,.T.);
#3426=ADVANCED_FACE('',(#325),#147,.T.);
#3427=ADVANCED_FACE('',(#326),#3246,.T.);
#3428=ADVANCED_FACE('',(#327),#3247,.T.);
#3429=ADVANCED_FACE('',(#328),#3248,.T.);
#3430=ADVANCED_FACE('',(#329),#3249,.F.);
#3431=ADVANCED_FACE('',(#330),#3250,.T.);
#3432=ADVANCED_FACE('',(#331),#3251,.F.);
#3433=ADVANCED_FACE('',(#332),#3252,.T.);
#3434=ADVANCED_FACE('',(#333),#3253,.T.);
#3435=ADVANCED_FACE('',(#334),#3254,.T.);
#3436=ADVANCED_FACE('',(#335),#3255,.F.);
#3437=ADVANCED_FACE('',(#336),#3256,.T.);
#3438=ADVANCED_FACE('',(#337),#3257,.F.);
#3439=ADVANCED_FACE('',(#338),#148,.T.);
#3440=ADVANCED_FACE('',(#339),#149,.T.);
#3441=ADVANCED_FACE('',(#340),#150,.F.);
#3442=ADVANCED_FACE('',(#341),#151,.F.);
#3443=ADVANCED_FACE('',(#342),#152,.T.);
#3444=ADVANCED_FACE('',(#343),#3258,.T.);
#3445=ADVANCED_FACE('',(#344),#153,.T.);
#3446=ADVANCED_FACE('',(#345),#154,.F.);
#3447=ADVANCED_FACE('',(#346),#155,.F.);
#3448=ADVANCED_FACE('',(#347),#156,.T.);
#3449=ADVANCED_FACE('',(#348),#157,.T.);
#3450=CLOSED_SHELL('',(#3259,#3260,#3261,#3262,#3263,#3264,#3265,#3266,
#3267,#3268,#3269,#3270,#3271,#3272,#3273,#3274,#3275,#3276,#3277,#3278,
#3279,#3280,#3281,#3282,#3283,#3284,#3285,#3286,#3287,#3288,#3289,#3290,
#3291,#3292,#3293,#3294,#3295,#3296,#3297,#3298,#3299,#3300,#3301,#3302,
#3303,#3304,#3305,#3306,#3307,#3308,#3309,#3310,#3311,#3312,#3313,#3314,
#3315,#3316,#3317,#3318,#3319,#3320,#3321,#3322,#3323,#3324,#3325,#3326,
#3327,#3328,#3329,#3330,#3331,#3332,#3333,#3334,#3335,#3336,#3337,#3338,
#3339,#3340,#3341,#3342,#3343,#3344,#3345,#3346,#3347,#3348,#3349,#3350,
#3351,#3352,#3353,#3354,#3355,#3356,#3357,#3358,#3359,#3360,#3361,#3362,
#3363,#3364,#3365,#3366,#3367,#3368,#3369,#3370,#3371,#3372,#3373,#3374,
#3375,#3376,#3377,#3378,#3379,#3380,#3381,#3382,#3383,#3384,#3385,#3386,
#3387,#3388,#3389,#3390,#3391,#3392,#3393,#3394,#3395,#3396,#3397,#3398,
#3399,#3400,#3401,#3402,#3403,#3404,#3405,#3406,#3407,#3408,#3409,#3410,
#3411,#3412,#3413,#3414,#3415,#3416,#3417,#3418,#3419,#3420,#3421,#3422,
#3423,#3424,#3425,#3426,#3427,#3428,#3429,#3430,#3431,#3432,#3433,#3434,
#3435,#3436,#3437,#3438,#3439,#3440,#3441,#3442,#3443,#3444,#3445,#3446,
#3447,#3448,#3449));
#3451=DERIVED_UNIT_ELEMENT(#3453,1.);
#3452=DERIVED_UNIT_ELEMENT(#6303,-3.);
#3453=(
MASS_UNIT()
NAMED_UNIT(*)
SI_UNIT(.KILO.,.GRAM.)
);
#3454=DERIVED_UNIT((#3451,#3452));
#3455=MEASURE_REPRESENTATION_ITEM('density measure',
POSITIVE_RATIO_MEASURE(7850.),#3454);
#3456=PROPERTY_DEFINITION_REPRESENTATION(#3461,#3458);
#3457=PROPERTY_DEFINITION_REPRESENTATION(#3462,#3459);
#3458=REPRESENTATION('material name',(#3460),#6300);
#3459=REPRESENTATION('density',(#3455),#6300);
#3460=DESCRIPTIVE_REPRESENTATION_ITEM('Steel','Steel');
#3461=PROPERTY_DEFINITION('material property','material name',#6310);
#3462=PROPERTY_DEFINITION('material property','density of part',#6310);
#3463=AXIS2_PLACEMENT_3D('',#4999,#3891,#3892);
#3464=AXIS2_PLACEMENT_3D('',#5000,#3893,#3894);
#3465=AXIS2_PLACEMENT_3D('',#5003,#3895,#3896);
#3466=AXIS2_PLACEMENT_3D('',#5007,#3898,#3899);
#3467=AXIS2_PLACEMENT_3D('',#5009,#3901,#3902);
#3468=AXIS2_PLACEMENT_3D('',#5015,#3906,#3907);
#3469=AXIS2_PLACEMENT_3D('',#5023,#3911,#3912);
#3470=AXIS2_PLACEMENT_3D('',#5028,#3915,#3916);
#3471=AXIS2_PLACEMENT_3D('',#5029,#3917,#3918);
#3472=AXIS2_PLACEMENT_3D('',#5032,#3919,#3920);
#3473=AXIS2_PLACEMENT_3D('',#5036,#3922,#3923);
#3474=AXIS2_PLACEMENT_3D('',#5038,#3925,#3926);
#3475=AXIS2_PLACEMENT_3D('',#5041,#3927,#3928);
#3476=AXIS2_PLACEMENT_3D('',#5042,#3929,#3930);
#3477=AXIS2_PLACEMENT_3D('',#5043,#3931,#3932);
#3478=AXIS2_PLACEMENT_3D('',#5044,#3933,#3934);
#3479=AXIS2_PLACEMENT_3D('',#5047,#3935,#3936);
#3480=AXIS2_PLACEMENT_3D('',#5050,#3939,#3940);
#3481=AXIS2_PLACEMENT_3D('',#5052,#3942,#3943);
#3482=AXIS2_PLACEMENT_3D('',#5054,#3944,#3945);
#3483=AXIS2_PLACEMENT_3D('',#5058,#3947,#3948);
#3484=AXIS2_PLACEMENT_3D('',#5062,#3950,#3951);
#3485=AXIS2_PLACEMENT_3D('',#5066,#3953,#3954);
#3486=AXIS2_PLACEMENT_3D('',#5093,#3962,#3963);
#3487=AXIS2_PLACEMENT_3D('',#5095,#3964,#3965);
#3488=AXIS2_PLACEMENT_3D('',#5099,#3967,#3968);
#3489=AXIS2_PLACEMENT_3D('',#5101,#3969,#3970);
#3490=AXIS2_PLACEMENT_3D('',#5103,#3971,#3972);
#3491=AXIS2_PLACEMENT_3D('',#5107,#3974,#3975);
#3492=AXIS2_PLACEMENT_3D('',#5109,#3976,#3977);
#3493=AXIS2_PLACEMENT_3D('',#5111,#3978,#3979);
#3494=AXIS2_PLACEMENT_3D('',#5115,#3981,#3982);
#3495=AXIS2_PLACEMENT_3D('',#5117,#3983,#3984);
#3496=AXIS2_PLACEMENT_3D('',#5119,#3985,#3986);
#3497=AXIS2_PLACEMENT_3D('',#5123,#3988,#3989);
#3498=AXIS2_PLACEMENT_3D('',#5125,#3990,#3991);
#3499=AXIS2_PLACEMENT_3D('',#5131,#3995,#3996);
#3500=AXIS2_PLACEMENT_3D('',#5133,#3997,#3998);
#3501=AXIS2_PLACEMENT_3D('',#5135,#3999,#4000);
#3502=AXIS2_PLACEMENT_3D('',#5136,#4001,#4002);
#3503=AXIS2_PLACEMENT_3D('',#5138,#4003,#4004);
#3504=AXIS2_PLACEMENT_3D('',#5140,#4005,#4006);
#3505=AXIS2_PLACEMENT_3D('',#5142,#4007,#4008);
#3506=AXIS2_PLACEMENT_3D('',#5143,#4009,#4010);
#3507=AXIS2_PLACEMENT_3D('',#5144,#4011,#4012);
#3508=AXIS2_PLACEMENT_3D('',#5146,#4014,#4015);
#3509=AXIS2_PLACEMENT_3D('',#5147,#4016,#4017);
#3510=AXIS2_PLACEMENT_3D('',#5149,#4018,#4019);
#3511=AXIS2_PLACEMENT_3D('',#5151,#4020,#4021);
#3512=AXIS2_PLACEMENT_3D('',#5153,#4022,#4023);
#3513=AXIS2_PLACEMENT_3D('',#5154,#4024,#4025);
#3514=AXIS2_PLACEMENT_3D('',#5155,#4026,#4027);
#3515=AXIS2_PLACEMENT_3D('',#5157,#4029,#4030);
#3516=AXIS2_PLACEMENT_3D('',#5158,#4031,#4032);
#3517=AXIS2_PLACEMENT_3D('',#5160,#4033,#4034);
#3518=AXIS2_PLACEMENT_3D('',#5162,#4035,#4036);
#3519=AXIS2_PLACEMENT_3D('',#5164,#4037,#4038);
#3520=AXIS2_PLACEMENT_3D('',#5165,#4039,#4040);
#3521=AXIS2_PLACEMENT_3D('',#5166,#4041,#4042);
#3522=AXIS2_PLACEMENT_3D('',#5168,#4044,#4045);
#3523=AXIS2_PLACEMENT_3D('',#5169,#4046,#4047);
#3524=AXIS2_PLACEMENT_3D('',#5183,#4048,#4049);
#3525=AXIS2_PLACEMENT_3D('',#5195,#4050,#4051);
#3526=AXIS2_PLACEMENT_3D('',#5196,#4052,#4053);
#3527=AXIS2_PLACEMENT_3D('',#5215,#4058,#4059);
#3528=AXIS2_PLACEMENT_3D('',#5219,#4061,#4062);
#3529=AXIS2_PLACEMENT_3D('',#5221,#4063,#4064);
#3530=AXIS2_PLACEMENT_3D('',#5223,#4065,#4066);
#3531=AXIS2_PLACEMENT_3D('',#5225,#4067,#4068);
#3532=AXIS2_PLACEMENT_3D('',#5227,#4069,#4070);
#3533=AXIS2_PLACEMENT_3D('',#5229,#4071,#4072);
#3534=AXIS2_PLACEMENT_3D('',#5231,#4073,#4074);
#3535=AXIS2_PLACEMENT_3D('',#5235,#4076,#4077);
#3536=AXIS2_PLACEMENT_3D('',#5239,#4079,#4080);
#3537=AXIS2_PLACEMENT_3D('',#5241,#4081,#4082);
#3538=AXIS2_PLACEMENT_3D('',#5243,#4083,#4084);
#3539=AXIS2_PLACEMENT_3D('',#5245,#4085,#4086);
#3540=AXIS2_PLACEMENT_3D('',#5247,#4087,#4088);
#3541=AXIS2_PLACEMENT_3D('',#5249,#4089,#4090);
#3542=AXIS2_PLACEMENT_3D('',#5250,#4091,#4092);
#3543=AXIS2_PLACEMENT_3D('',#5251,#4093,#4094);
#3544=AXIS2_PLACEMENT_3D('',#5265,#4095,#4096);
#3545=AXIS2_PLACEMENT_3D('',#5277,#4097,#4098);
#3546=AXIS2_PLACEMENT_3D('',#5278,#4099,#4100);
#3547=AXIS2_PLACEMENT_3D('',#5297,#4105,#4106);
#3548=AXIS2_PLACEMENT_3D('',#5301,#4108,#4109);
#3549=AXIS2_PLACEMENT_3D('',#5303,#4110,#4111);
#3550=AXIS2_PLACEMENT_3D('',#5305,#4112,#4113);
#3551=AXIS2_PLACEMENT_3D('',#5307,#4114,#4115);
#3552=AXIS2_PLACEMENT_3D('',#5309,#4116,#4117);
#3553=AXIS2_PLACEMENT_3D('',#5311,#4118,#4119);
#3554=AXIS2_PLACEMENT_3D('',#5313,#4120,#4121);
#3555=AXIS2_PLACEMENT_3D('',#5317,#4123,#4124);
#3556=AXIS2_PLACEMENT_3D('',#5321,#4126,#4127);
#3557=AXIS2_PLACEMENT_3D('',#5323,#4128,#4129);
#3558=AXIS2_PLACEMENT_3D('',#5325,#4130,#4131);
#3559=AXIS2_PLACEMENT_3D('',#5327,#4132,#4133);
#3560=AXIS2_PLACEMENT_3D('',#5329,#4134,#4135);
#3561=AXIS2_PLACEMENT_3D('',#5331,#4136,#4137);
#3562=AXIS2_PLACEMENT_3D('',#5332,#4138,#4139);
#3563=AXIS2_PLACEMENT_3D('',#5333,#4140,#4141);
#3564=AXIS2_PLACEMENT_3D('',#5336,#4142,#4143);
#3565=AXIS2_PLACEMENT_3D('',#5338,#4144,#4145);
#3566=AXIS2_PLACEMENT_3D('',#5350,#4146,#4147);
#3567=AXIS2_PLACEMENT_3D('',#5440,#4148,#4149);
#3568=AXIS2_PLACEMENT_3D('',#5442,#4150,#4151);
#3569=AXIS2_PLACEMENT_3D('',#5446,#4153,#4154);
#3570=AXIS2_PLACEMENT_3D('',#5450,#4156,#4157);
#3571=AXIS2_PLACEMENT_3D('',#5454,#4159,#4160);
#3572=AXIS2_PLACEMENT_3D('',#5458,#4162,#4163);
#3573=AXIS2_PLACEMENT_3D('',#5462,#4165,#4166);
#3574=AXIS2_PLACEMENT_3D('',#5477,#4168,#4169);
#3575=AXIS2_PLACEMENT_3D('',#5479,#4171,#4172);
#3576=AXIS2_PLACEMENT_3D('',#5491,#4173,#4174);
#3577=AXIS2_PLACEMENT_3D('',#5492,#4175,#4176);
#3578=AXIS2_PLACEMENT_3D('',#5494,#4177,#4178);
#3579=AXIS2_PLACEMENT_3D('',#5509,#4179,#4180);
#3580=AXIS2_PLACEMENT_3D('',#5513,#4182,#4183);
#3581=AXIS2_PLACEMENT_3D('',#5515,#4185,#4186);
#3582=AXIS2_PLACEMENT_3D('',#5518,#4187,#4188);
#3583=AXIS2_PLACEMENT_3D('',#5519,#4189,#4190);
#3584=AXIS2_PLACEMENT_3D('',#5520,#4191,#4192);
#3585=AXIS2_PLACEMENT_3D('',#5521,#4193,#4194);
#3586=AXIS2_PLACEMENT_3D('',#5524,#4197,#4198);
#3587=AXIS2_PLACEMENT_3D('',#5528,#4200,#4201);
#3588=AXIS2_PLACEMENT_3D('',#5532,#4204,#4205);
#3589=AXIS2_PLACEMENT_3D('',#5536,#4207,#4208);
#3590=AXIS2_PLACEMENT_3D('',#5538,#4210,#4211);
#3591=AXIS2_PLACEMENT_3D('',#5540,#4212,#4213);
#3592=AXIS2_PLACEMENT_3D('',#5542,#4214,#4215);
#3593=AXIS2_PLACEMENT_3D('',#5544,#4216,#4217);
#3594=AXIS2_PLACEMENT_3D('',#5546,#4218,#4219);
#3595=AXIS2_PLACEMENT_3D('',#5548,#4220,#4221);
#3596=AXIS2_PLACEMENT_3D('',#5550,#4222,#4223);
#3597=AXIS2_PLACEMENT_3D('',#5552,#4224,#4225);
#3598=AXIS2_PLACEMENT_3D('',#5558,#4229,#4230);
#3599=AXIS2_PLACEMENT_3D('',#5561,#4231,#4232);
#3600=AXIS2_PLACEMENT_3D('',#5564,#4235,#4236);
#3601=AXIS2_PLACEMENT_3D('',#5572,#4241,#4242);
#3602=AXIS2_PLACEMENT_3D('',#5576,#4244,#4245);
#3603=AXIS2_PLACEMENT_3D('',#5578,#4247,#4248);
#3604=AXIS2_PLACEMENT_3D('',#5584,#4252,#4253);
#3605=AXIS2_PLACEMENT_3D('',#5588,#4255,#4256);
#3606=AXIS2_PLACEMENT_3D('',#5592,#4259,#4260);
#3607=AXIS2_PLACEMENT_3D('',#5595,#4263,#4264);
#3608=AXIS2_PLACEMENT_3D('',#5598,#4267,#4268);
#3609=AXIS2_PLACEMENT_3D('',#5599,#4269,#4270);
#3610=AXIS2_PLACEMENT_3D('',#5602,#4271,#4272);
#3611=AXIS2_PLACEMENT_3D('',#5605,#4275,#4276);
#3612=AXIS2_PLACEMENT_3D('',#5607,#4277,#4278);
#3613=AXIS2_PLACEMENT_3D('',#5609,#4280,#4281);
#3614=AXIS2_PLACEMENT_3D('',#5612,#4282,#4283);
#3615=AXIS2_PLACEMENT_3D('',#5615,#4286,#4287);
#3616=AXIS2_PLACEMENT_3D('',#5620,#4291,#4292);
#3617=AXIS2_PLACEMENT_3D('',#5623,#4293,#4294);
#3618=AXIS2_PLACEMENT_3D('',#5626,#4297,#4298);
#3619=AXIS2_PLACEMENT_3D('',#5631,#4302,#4303);
#3620=AXIS2_PLACEMENT_3D('',#5633,#4304,#4305);
#3621=AXIS2_PLACEMENT_3D('',#5635,#4307,#4308);
#3622=AXIS2_PLACEMENT_3D('',#5637,#4309,#4310);
#3623=AXIS2_PLACEMENT_3D('',#5639,#4312,#4313);
#3624=AXIS2_PLACEMENT_3D('',#5642,#4315,#4316);
#3625=AXIS2_PLACEMENT_3D('',#5643,#4317,#4318);
#3626=AXIS2_PLACEMENT_3D('',#5646,#4319,#4320);
#3627=AXIS2_PLACEMENT_3D('',#5649,#4323,#4324);
#3628=AXIS2_PLACEMENT_3D('',#5650,#4325,#4326);
#3629=AXIS2_PLACEMENT_3D('',#5651,#4327,#4328);
#3630=AXIS2_PLACEMENT_3D('',#5653,#4330,#4331);
#3631=AXIS2_PLACEMENT_3D('',#5655,#4333,#4334);
#3632=AXIS2_PLACEMENT_3D('',#5659,#4336,#4337);
#3633=AXIS2_PLACEMENT_3D('',#5661,#4339,#4340);
#3634=AXIS2_PLACEMENT_3D('',#5663,#4341,#4342);
#3635=AXIS2_PLACEMENT_3D('',#5664,#4343,#4344);
#3636=AXIS2_PLACEMENT_3D('',#5666,#4346,#4347);
#3637=AXIS2_PLACEMENT_3D('',#5668,#4349,#4350);
#3638=AXIS2_PLACEMENT_3D('',#5669,#4351,#4352);
#3639=AXIS2_PLACEMENT_3D('',#5670,#4353,#4354);
#3640=AXIS2_PLACEMENT_3D('',#5679,#4355,#4356);
#3641=AXIS2_PLACEMENT_3D('',#5680,#4357,#4358);
#3642=AXIS2_PLACEMENT_3D('',#5681,#4359,#4360);
#3643=AXIS2_PLACEMENT_3D('',#5683,#4361,#4362);
#3644=AXIS2_PLACEMENT_3D('',#5721,#4365,#4366);
#3645=AXIS2_PLACEMENT_3D('',#5723,#4367,#4368);
#3646=AXIS2_PLACEMENT_3D('',#5724,#4369,#4370);
#3647=AXIS2_PLACEMENT_3D('',#5725,#4371,#4372);
#3648=AXIS2_PLACEMENT_3D('',#5728,#4374,#4375);
#3649=AXIS2_PLACEMENT_3D('',#5729,#4376,#4377);
#3650=AXIS2_PLACEMENT_3D('',#5758,#4378,#4379);
#3651=AXIS2_PLACEMENT_3D('',#5760,#4380,#4381);
#3652=AXIS2_PLACEMENT_3D('',#5761,#4382,#4383);
#3653=AXIS2_PLACEMENT_3D('',#5762,#4384,#4385);
#3654=AXIS2_PLACEMENT_3D('',#5765,#4387,#4388);
#3655=AXIS2_PLACEMENT_3D('',#5766,#4389,#4390);
#3656=AXIS2_PLACEMENT_3D('',#5767,#4391,#4392);
#3657=AXIS2_PLACEMENT_3D('',#5776,#4397,#4398);
#3658=AXIS2_PLACEMENT_3D('',#5780,#4400,#4401);
#3659=AXIS2_PLACEMENT_3D('',#5782,#4403,#4404);
#3660=AXIS2_PLACEMENT_3D('',#5786,#4407,#4408);
#3661=AXIS2_PLACEMENT_3D('',#5788,#4409,#4410);
#3662=AXIS2_PLACEMENT_3D('',#5791,#4412,#4413);
#3663=AXIS2_PLACEMENT_3D('',#5792,#4414,#4415);
#3664=AXIS2_PLACEMENT_3D('',#5793,#4416,#4417);
#3665=AXIS2_PLACEMENT_3D('',#5797,#4420,#4421);
#3666=AXIS2_PLACEMENT_3D('',#5799,#4422,#4423);
#3667=AXIS2_PLACEMENT_3D('',#5800,#4424,#4425);
#3668=AXIS2_PLACEMENT_3D('',#5801,#4426,#4427);
#3669=AXIS2_PLACEMENT_3D('',#5803,#4428,#4429);
#3670=AXIS2_PLACEMENT_3D('',#5805,#4430,#4431);
#3671=AXIS2_PLACEMENT_3D('',#5807,#4432,#4433);
#3672=AXIS2_PLACEMENT_3D('',#5815,#4438,#4439);
#3673=AXIS2_PLACEMENT_3D('',#5820,#4442,#4443);
#3674=AXIS2_PLACEMENT_3D('',#5822,#4444,#4445);
#3675=AXIS2_PLACEMENT_3D('',#5823,#4446,#4447);
#3676=AXIS2_PLACEMENT_3D('',#5824,#4448,#4449);
#3677=AXIS2_PLACEMENT_3D('',#5826,#4450,#4451);
#3678=AXIS2_PLACEMENT_3D('',#5827,#4452,#4453);
#3679=AXIS2_PLACEMENT_3D('',#5828,#4454,#4455);
#3680=AXIS2_PLACEMENT_3D('',#5830,#4457,#4458);
#3681=AXIS2_PLACEMENT_3D('',#5832,#4460,#4461);
#3682=AXIS2_PLACEMENT_3D('',#5833,#4462,#4463);
#3683=AXIS2_PLACEMENT_3D('',#5835,#4465,#4466);
#3684=AXIS2_PLACEMENT_3D('',#5836,#4467,#4468);
#3685=AXIS2_PLACEMENT_3D('',#5837,#4469,#4470);
#3686=AXIS2_PLACEMENT_3D('',#5839,#4471,#4472);
#3687=AXIS2_PLACEMENT_3D('',#5842,#4474,#4475);
#3688=AXIS2_PLACEMENT_3D('',#5843,#4476,#4477);
#3689=AXIS2_PLACEMENT_3D('',#5844,#4478,#4479);
#3690=AXIS2_PLACEMENT_3D('',#5845,#4480,#4481);
#3691=AXIS2_PLACEMENT_3D('',#5849,#4483,#4484);
#3692=AXIS2_PLACEMENT_3D('',#5851,#4485,#4486);
#3693=AXIS2_PLACEMENT_3D('',#5853,#4487,#4488);
#3694=AXIS2_PLACEMENT_3D('',#5855,#4489,#4490);
#3695=AXIS2_PLACEMENT_3D('',#5857,#4491,#4492);
#3696=AXIS2_PLACEMENT_3D('',#5859,#4493,#4494);
#3697=AXIS2_PLACEMENT_3D('',#5861,#4495,#4496);
#3698=AXIS2_PLACEMENT_3D('',#5863,#4497,#4498);
#3699=AXIS2_PLACEMENT_3D('',#5865,#4500,#4501);
#3700=AXIS2_PLACEMENT_3D('',#5868,#4504,#4505);
#3701=AXIS2_PLACEMENT_3D('',#5870,#4507,#4508);
#3702=AXIS2_PLACEMENT_3D('',#5876,#4509,#4510);
#3703=AXIS2_PLACEMENT_3D('',#5880,#4511,#4512);
#3704=AXIS2_PLACEMENT_3D('',#5886,#4516,#4517);
#3705=AXIS2_PLACEMENT_3D('',#5892,#4518,#4519);
#3706=AXIS2_PLACEMENT_3D('',#5894,#4520,#4521);
#3707=AXIS2_PLACEMENT_3D('',#5898,#4522,#4523);
#3708=AXIS2_PLACEMENT_3D('',#5904,#4527,#4528);
#3709=AXIS2_PLACEMENT_3D('',#5913,#4533,#4534);
#3710=AXIS2_PLACEMENT_3D('',#5919,#4538,#4539);
#3711=AXIS2_PLACEMENT_3D('',#5925,#4543,#4544);
#3712=AXIS2_PLACEMENT_3D('',#5926,#4545,#4546);
#3713=AXIS2_PLACEMENT_3D('',#5927,#4547,#4548);
#3714=AXIS2_PLACEMENT_3D('',#5928,#4549,#4550);
#3715=AXIS2_PLACEMENT_3D('',#5929,#4551,#4552);
#3716=AXIS2_PLACEMENT_3D('',#5931,#4553,#4554);
#3717=AXIS2_PLACEMENT_3D('',#5934,#4556,#4557);
#3718=AXIS2_PLACEMENT_3D('',#5935,#4558,#4559);
#3719=AXIS2_PLACEMENT_3D('',#5937,#4560,#4561);
#3720=AXIS2_PLACEMENT_3D('',#5938,#4562,#4563);
#3721=AXIS2_PLACEMENT_3D('',#5940,#4564,#4565);
#3722=AXIS2_PLACEMENT_3D('',#5941,#4566,#4567);
#3723=AXIS2_PLACEMENT_3D('',#5943,#4568,#4569);
#3724=AXIS2_PLACEMENT_3D('',#5945,#4571,#4572);
#3725=AXIS2_PLACEMENT_3D('',#5947,#4573,#4574);
#3726=AXIS2_PLACEMENT_3D('',#5950,#4576,#4577);
#3727=AXIS2_PLACEMENT_3D('',#5951,#4578,#4579);
#3728=AXIS2_PLACEMENT_3D('',#5952,#4580,#4581);
#3729=AXIS2_PLACEMENT_3D('',#5955,#4583,#4584);
#3730=AXIS2_PLACEMENT_3D('',#5956,#4585,#4586);
#3731=AXIS2_PLACEMENT_3D('',#5957,#4587,#4588);
#3732=AXIS2_PLACEMENT_3D('',#5959,#4589,#4590);
#3733=AXIS2_PLACEMENT_3D('',#5962,#4592,#4593);
#3734=AXIS2_PLACEMENT_3D('',#5963,#4594,#4595);
#3735=AXIS2_PLACEMENT_3D('',#5964,#4596,#4597);
#3736=AXIS2_PLACEMENT_3D('',#5966,#4598,#4599);
#3737=AXIS2_PLACEMENT_3D('',#5967,#4600,#4601);
#3738=AXIS2_PLACEMENT_3D('',#5970,#4603,#4604);
#3739=AXIS2_PLACEMENT_3D('',#5974,#4606,#4607);
#3740=AXIS2_PLACEMENT_3D('',#5978,#4609,#4610);
#3741=AXIS2_PLACEMENT_3D('',#5982,#4612,#4613);
#3742=AXIS2_PLACEMENT_3D('',#5986,#4615,#4616);
#3743=AXIS2_PLACEMENT_3D('',#5990,#4618,#4619);
#3744=AXIS2_PLACEMENT_3D('',#5994,#4621,#4622);
#3745=AXIS2_PLACEMENT_3D('',#5997,#4624,#4625);
#3746=AXIS2_PLACEMENT_3D('',#6001,#4627,#4628);
#3747=AXIS2_PLACEMENT_3D('',#6005,#4630,#4631);
#3748=AXIS2_PLACEMENT_3D('',#6007,#4633,#4634);
#3749=AXIS2_PLACEMENT_3D('',#6011,#4636,#4637);
#3750=AXIS2_PLACEMENT_3D('',#6013,#4638,#4639);
#3751=AXIS2_PLACEMENT_3D('',#6015,#4640,#4641);
#3752=AXIS2_PLACEMENT_3D('',#6017,#4642,#4643);
#3753=AXIS2_PLACEMENT_3D('',#6019,#4645,#4646);
#3754=AXIS2_PLACEMENT_3D('',#6023,#4648,#4649);
#3755=AXIS2_PLACEMENT_3D('',#6025,#4650,#4651);
#3756=AXIS2_PLACEMENT_3D('',#6027,#4652,#4653);
#3757=AXIS2_PLACEMENT_3D('',#6029,#4654,#4655);
#3758=AXIS2_PLACEMENT_3D('',#6031,#4657,#4658);
#3759=AXIS2_PLACEMENT_3D('',#6035,#4660,#4661);
#3760=AXIS2_PLACEMENT_3D('',#6037,#4662,#4663);
#3761=AXIS2_PLACEMENT_3D('',#6039,#4664,#4665);
#3762=AXIS2_PLACEMENT_3D('',#6041,#4666,#4667);
#3763=AXIS2_PLACEMENT_3D('',#6043,#4669,#4670);
#3764=AXIS2_PLACEMENT_3D('',#6045,#4671,#4672);
#3765=AXIS2_PLACEMENT_3D('',#6047,#4673,#4674);
#3766=AXIS2_PLACEMENT_3D('',#6049,#4675,#4676);
#3767=AXIS2_PLACEMENT_3D('',#6051,#4677,#4678);
#3768=AXIS2_PLACEMENT_3D('',#6053,#4680,#4681);
#3769=AXIS2_PLACEMENT_3D('',#6057,#4683,#4684);
#3770=AXIS2_PLACEMENT_3D('',#6059,#4685,#4686);
#3771=AXIS2_PLACEMENT_3D('',#6061,#4687,#4688);
#3772=AXIS2_PLACEMENT_3D('',#6063,#4689,#4690);
#3773=AXIS2_PLACEMENT_3D('',#6065,#4692,#4693);
#3774=AXIS2_PLACEMENT_3D('',#6067,#4694,#4695);
#3775=AXIS2_PLACEMENT_3D('',#6069,#4696,#4697);
#3776=AXIS2_PLACEMENT_3D('',#6071,#4698,#4699);
#3777=AXIS2_PLACEMENT_3D('',#6073,#4700,#4701);
#3778=AXIS2_PLACEMENT_3D('',#6075,#4703,#4704);
#3779=AXIS2_PLACEMENT_3D('',#6077,#4705,#4706);
#3780=AXIS2_PLACEMENT_3D('',#6080,#4708,#4709);
#3781=AXIS2_PLACEMENT_3D('',#6081,#4710,#4711);
#3782=AXIS2_PLACEMENT_3D('',#6083,#4712,#4713);
#3783=AXIS2_PLACEMENT_3D('',#6088,#4716,#4717);
#3784=AXIS2_PLACEMENT_3D('',#6093,#4720,#4721);
#3785=AXIS2_PLACEMENT_3D('',#6097,#4725,#4726);
#3786=AXIS2_PLACEMENT_3D('',#6098,#4727,#4728);
#3787=AXIS2_PLACEMENT_3D('',#6099,#4729,#4730);
#3788=AXIS2_PLACEMENT_3D('',#6101,#4731,#4732);
#3789=AXIS2_PLACEMENT_3D('',#6104,#4734,#4735);
#3790=AXIS2_PLACEMENT_3D('',#6105,#4736,#4737);
#3791=AXIS2_PLACEMENT_3D('',#6107,#4738,#4739);
#3792=AXIS2_PLACEMENT_3D('',#6111,#4741,#4742);
#3793=AXIS2_PLACEMENT_3D('',#6116,#4745,#4746);
#3794=AXIS2_PLACEMENT_3D('',#6122,#4751,#4752);
#3795=AXIS2_PLACEMENT_3D('',#6123,#4753,#4754);
#3796=AXIS2_PLACEMENT_3D('',#6124,#4755,#4756);
#3797=AXIS2_PLACEMENT_3D('',#6125,#4757,#4758);
#3798=AXIS2_PLACEMENT_3D('',#6127,#4759,#4760);
#3799=AXIS2_PLACEMENT_3D('',#6131,#4762,#4763);
#3800=AXIS2_PLACEMENT_3D('',#6137,#4767,#4768);
#3801=AXIS2_PLACEMENT_3D('',#6142,#4772,#4773);
#3802=AXIS2_PLACEMENT_3D('',#6143,#4774,#4775);
#3803=AXIS2_PLACEMENT_3D('',#6145,#4776,#4777);
#3804=AXIS2_PLACEMENT_3D('',#6146,#4778,#4779);
#3805=AXIS2_PLACEMENT_3D('',#6148,#4780,#4781);
#3806=AXIS2_PLACEMENT_3D('',#6150,#4782,#4783);
#3807=AXIS2_PLACEMENT_3D('',#6151,#4784,#4785);
#3808=AXIS2_PLACEMENT_3D('',#6153,#4786,#4787);
#3809=AXIS2_PLACEMENT_3D('',#6155,#4788,#4789);
#3810=AXIS2_PLACEMENT_3D('',#6157,#4790,#4791);
#3811=AXIS2_PLACEMENT_3D('',#6159,#4793,#4794);
#3812=AXIS2_PLACEMENT_3D('',#6161,#4795,#4796);
#3813=AXIS2_PLACEMENT_3D('',#6162,#4797,#4798);
#3814=AXIS2_PLACEMENT_3D('',#6164,#4800,#4801);
#3815=AXIS2_PLACEMENT_3D('',#6166,#4803,#4804);
#3816=AXIS2_PLACEMENT_3D('',#6168,#4806,#4807);
#3817=AXIS2_PLACEMENT_3D('',#6169,#4808,#4809);
#3818=AXIS2_PLACEMENT_3D('',#6171,#4811,#4812);
#3819=AXIS2_PLACEMENT_3D('',#6173,#4814,#4815);
#3820=AXIS2_PLACEMENT_3D('',#6174,#4816,#4817);
#3821=AXIS2_PLACEMENT_3D('',#6176,#4819,#4820);
#3822=AXIS2_PLACEMENT_3D('',#6178,#4822,#4823);
#3823=AXIS2_PLACEMENT_3D('',#6179,#4824,#4825);
#3824=AXIS2_PLACEMENT_3D('',#6182,#4828,#4829);
#3825=AXIS2_PLACEMENT_3D('',#6187,#4831,#4832);
#3826=AXIS2_PLACEMENT_3D('',#6189,#4833,#4834);
#3827=AXIS2_PLACEMENT_3D('',#6190,#4835,#4836);
#3828=AXIS2_PLACEMENT_3D('',#6192,#4837,#4838);
#3829=AXIS2_PLACEMENT_3D('',#6194,#4839,#4840);
#3830=AXIS2_PLACEMENT_3D('',#6195,#4841,#4842);
#3831=AXIS2_PLACEMENT_3D('',#6196,#4843,#4844);
#3832=AXIS2_PLACEMENT_3D('',#6201,#4846,#4847);
#3833=AXIS2_PLACEMENT_3D('',#6203,#4848,#4849);
#3834=AXIS2_PLACEMENT_3D('',#6204,#4850,#4851);
#3835=AXIS2_PLACEMENT_3D('',#6206,#4852,#4853);
#3836=AXIS2_PLACEMENT_3D('',#6208,#4854,#4855);
#3837=AXIS2_PLACEMENT_3D('',#6209,#4856,#4857);
#3838=AXIS2_PLACEMENT_3D('',#6210,#4858,#4859);
#3839=AXIS2_PLACEMENT_3D('',#6213,#4862,#4863);
#3840=AXIS2_PLACEMENT_3D('',#6215,#4865,#4866);
#3841=AXIS2_PLACEMENT_3D('',#6216,#4867,#4868);
#3842=AXIS2_PLACEMENT_3D('',#6218,#4870,#4871);
#3843=AXIS2_PLACEMENT_3D('',#6220,#4873,#4874);
#3844=AXIS2_PLACEMENT_3D('',#6222,#4876,#4877);
#3845=AXIS2_PLACEMENT_3D('',#6225,#4880,#4881);
#3846=AXIS2_PLACEMENT_3D('',#6227,#4883,#4884);
#3847=AXIS2_PLACEMENT_3D('',#6228,#4885,#4886);
#3848=AXIS2_PLACEMENT_3D('',#6230,#4888,#4889);
#3849=AXIS2_PLACEMENT_3D('',#6232,#4891,#4892);
#3850=AXIS2_PLACEMENT_3D('',#6234,#4894,#4895);
#3851=AXIS2_PLACEMENT_3D('',#6235,#4896,#4897);
#3852=AXIS2_PLACEMENT_3D('',#6236,#4898,#4899);
#3853=AXIS2_PLACEMENT_3D('',#6238,#4901,#4902);
#3854=AXIS2_PLACEMENT_3D('',#6240,#4904,#4905);
#3855=AXIS2_PLACEMENT_3D('',#6242,#4907,#4908);
#3856=AXIS2_PLACEMENT_3D('',#6243,#4909,#4910);
#3857=AXIS2_PLACEMENT_3D('',#6245,#4912,#4913);
#3858=AXIS2_PLACEMENT_3D('',#6247,#4915,#4916);
#3859=AXIS2_PLACEMENT_3D('',#6248,#4917,#4918);
#3860=AXIS2_PLACEMENT_3D('',#6250,#4920,#4921);
#3861=AXIS2_PLACEMENT_3D('',#6252,#4923,#4924);
#3862=AXIS2_PLACEMENT_3D('',#6253,#4925,#4926);
#3863=AXIS2_PLACEMENT_3D('',#6255,#4928,#4929);
#3864=AXIS2_PLACEMENT_3D('',#6257,#4931,#4932);
#3865=AXIS2_PLACEMENT_3D('',#6259,#4934,#4935);
#3866=AXIS2_PLACEMENT_3D('',#6260,#4936,#4937);
#3867=AXIS2_PLACEMENT_3D('',#6262,#4939,#4940);
#3868=AXIS2_PLACEMENT_3D('',#6264,#4942,#4943);
#3869=AXIS2_PLACEMENT_3D('',#6266,#4945,#4946);
#3870=AXIS2_PLACEMENT_3D('',#6267,#4947,#4948);
#3871=AXIS2_PLACEMENT_3D('',#6269,#4950,#4951);
#3872=AXIS2_PLACEMENT_3D('',#6271,#4953,#4954);
#3873=AXIS2_PLACEMENT_3D('',#6272,#4955,#4956);
#3874=AXIS2_PLACEMENT_3D('',#6274,#4958,#4959);
#3875=AXIS2_PLACEMENT_3D('',#6276,#4961,#4962);
#3876=AXIS2_PLACEMENT_3D('',#6277,#4963,#4964);
#3877=AXIS2_PLACEMENT_3D('',#6279,#4966,#4967);
#3878=AXIS2_PLACEMENT_3D('',#6281,#4969,#4970);
#3879=AXIS2_PLACEMENT_3D('',#6283,#4972,#4973);
#3880=AXIS2_PLACEMENT_3D('',#6284,#4974,#4975);
#3881=AXIS2_PLACEMENT_3D('',#6286,#4977,#4978);
#3882=AXIS2_PLACEMENT_3D('',#6287,#4979,#4980);
#3883=AXIS2_PLACEMENT_3D('',#6290,#4983,#4984);
#3884=AXIS2_PLACEMENT_3D('',#6291,#4985,#4986);
#3885=AXIS2_PLACEMENT_3D('',#6292,#4987,#4988);
#3886=AXIS2_PLACEMENT_3D('',#6293,#4989,#4990);
#3887=AXIS2_PLACEMENT_3D('',#6294,#4991,#4992);
#3888=AXIS2_PLACEMENT_3D('',#6295,#4993,#4994);
#3889=AXIS2_PLACEMENT_3D('',#6296,#4995,#4996);
#3890=AXIS2_PLACEMENT_3D('',#6297,#4997,#4998);
#3891=DIRECTION('axis',(0.,0.,1.));
#3892=DIRECTION('refdir',(1.,0.,0.));
#3893=DIRECTION('center_axis',(0.,-1.,0.));
#3894=DIRECTION('ref_axis',(0.707106781186548,0.,0.707106781186548));
#3895=DIRECTION('center_axis',(0.,1.,0.));
#3896=DIRECTION('ref_axis',(0.707106781186548,0.,0.707106781186548));
#3897=DIRECTION('',(0.,1.,0.));
#3898=DIRECTION('center_axis',(0.,-1.,0.));
#3899=DIRECTION('ref_axis',(0.707106781186548,0.,0.707106781186548));
#3900=DIRECTION('',(0.,-1.,0.));
#3901=DIRECTION('center_axis',(1.,0.,0.));
#3902=DIRECTION('ref_axis',(0.,0.,1.));
#3903=DIRECTION('',(0.,0.,1.));
#3904=DIRECTION('',(0.,-1.,0.));
#3905=DIRECTION('',(0.,0.,-1.));
#3906=DIRECTION('center_axis',(0.,1.,0.));
#3907=DIRECTION('ref_axis',(1.,0.,0.));
#3908=DIRECTION('',(-1.,0.,3.22973970800045E-15));
#3909=DIRECTION('',(-2.96059473233375E-15,0.,-1.));
#3910=DIRECTION('',(1.,0.,0.));
#3911=DIRECTION('center_axis',(0.,1.,0.));
#3912=DIRECTION('ref_axis',(0.707106781186547,0.,0.707106781186547));
#3913=DIRECTION('',(0.,0.,1.));
#3914=DIRECTION('',(1.,0.,0.));
#3915=DIRECTION('center_axis',(0.,-1.,0.));
#3916=DIRECTION('ref_axis',(-0.707106781186549,0.,-0.707106781186546));
#3917=DIRECTION('center_axis',(0.,-1.,0.));
#3918=DIRECTION('ref_axis',(0.707106781186548,0.,0.707106781186548));
#3919=DIRECTION('center_axis',(0.,-1.,0.));
#3920=DIRECTION('ref_axis',(0.707106781186548,0.,0.707106781186548));
#3921=DIRECTION('',(0.,-1.,0.));
#3922=DIRECTION('center_axis',(0.,1.,0.));
#3923=DIRECTION('ref_axis',(0.,0.,1.));
#3924=DIRECTION('',(0.,1.,0.));
#3925=DIRECTION('center_axis',(3.41607084500048E-16,0.,-1.));
#3926=DIRECTION('ref_axis',(-1.,0.,-5.46571335200077E-16));
#3927=DIRECTION('center_axis',(2.7755575615629E-16,-1.,0.));
#3928=DIRECTION('ref_axis',(0.,0.,1.));
#3929=DIRECTION('center_axis',(-3.41607084500048E-16,0.,1.));
#3930=DIRECTION('ref_axis',(7.35769105077027E-16,-1.,0.));
#3931=DIRECTION('center_axis',(3.41607084500048E-16,0.,-1.));
#3932=DIRECTION('ref_axis',(7.35769105077027E-16,-1.,2.51343938850573E-31));
#3933=DIRECTION('center_axis',(0.,-1.,0.));
#3934=DIRECTION('ref_axis',(-0.707106781186551,0.,0.707106781186544));
#3935=DIRECTION('center_axis',(0.,-1.,0.));
#3936=DIRECTION('ref_axis',(-0.707106781186551,0.,0.707106781186544));
#3937=DIRECTION('',(0.,-1.,0.));
#3938=DIRECTION('',(0.,1.,0.));
#3939=DIRECTION('center_axis',(-3.41607084500048E-16,0.,1.));
#3940=DIRECTION('ref_axis',(-1.,0.,-3.41607084500048E-16));
#3941=DIRECTION('',(1.,0.,3.41607084500048E-16));
#3942=DIRECTION('center_axis',(0.,1.,0.));
#3943=DIRECTION('ref_axis',(1.,0.,0.));
#3944=DIRECTION('center_axis',(0.,1.,0.));
#3945=DIRECTION('ref_axis',(-0.707106781186549,0.,-0.707106781186546));
#3946=DIRECTION('',(-1.,0.,0.));
#3947=DIRECTION('center_axis',(0.,-1.,0.));
#3948=DIRECTION('ref_axis',(0.707106781186549,0.,0.707106781186546));
#3949=DIRECTION('',(0.,0.,1.));
#3950=DIRECTION('center_axis',(0.,-1.,0.));
#3951=DIRECTION('ref_axis',(0.707106781186549,0.,-0.707106781186546));
#3952=DIRECTION('',(1.,0.,2.01858731750029E-16));
#3953=DIRECTION('center_axis',(0.,1.,0.));
#3954=DIRECTION('ref_axis',(-0.707106781186549,0.,0.707106781186546));
#3955=DIRECTION('',(0.,0.,-1.));
#3956=DIRECTION('',(1.,0.,0.));
#3957=DIRECTION('',(0.,0.,1.));
#3958=DIRECTION('',(-1.,0.,0.));
#3959=DIRECTION('',(0.,0.,-1.));
#3960=DIRECTION('',(1.,0.,0.));
#3961=DIRECTION('',(0.,0.,-1.));
#3962=DIRECTION('center_axis',(0.,1.,0.));
#3963=DIRECTION('ref_axis',(1.,0.,0.));
#3964=DIRECTION('center_axis',(0.,1.,0.));
#3965=DIRECTION('ref_axis',(-0.0321021040099513,0.,0.999484594637723));
#3966=DIRECTION('',(0.766044443118976,0.,0.642787609686541));
#3967=DIRECTION('center_axis',(0.,-1.,0.));
#3968=DIRECTION('ref_axis',(-0.0142216324966507,0.,-0.999898867470671));
#3969=DIRECTION('center_axis',(0.,-1.,0.));
#3970=DIRECTION('ref_axis',(-0.64030910003197,0.,-0.768117345472844));
#3971=DIRECTION('center_axis',(0.,-1.,0.));
#3972=DIRECTION('ref_axis',(-0.987177717479735,0.,0.159625042244317));
#3973=DIRECTION('',(-0.766044443118978,0.,-0.642787609686539));
#3974=DIRECTION('center_axis',(0.,1.,0.));
#3975=DIRECTION('ref_axis',(0.978725705954892,0.,-0.205173079382016));
#3976=DIRECTION('center_axis',(0.,1.,0.));
#3977=DIRECTION('ref_axis',(1.,0.,0.));
#3978=DIRECTION('center_axis',(0.,1.,0.));
#3979=DIRECTION('ref_axis',(0.978725705954892,0.,0.205173079382015));
#3980=DIRECTION('',(0.766044443118977,0.,-0.64278760968654));
#3981=DIRECTION('center_axis',(0.,-1.,0.));
#3982=DIRECTION('ref_axis',(-0.987177717479736,0.,-0.159625042244313));
#3983=DIRECTION('center_axis',(0.,-1.,0.));
#3984=DIRECTION('ref_axis',(-0.867636425408917,0.,0.497199188760035));
#3985=DIRECTION('center_axis',(0.,-1.,0.));
#3986=DIRECTION('ref_axis',(-0.0142216324966546,0.,0.999898867470671));
#3987=DIRECTION('',(-0.766044443118979,0.,0.642787609686538));
#3988=DIRECTION('center_axis',(0.,1.,0.));
#3989=DIRECTION('ref_axis',(-0.0321021040099513,0.,-0.999484594637723));
#3990=DIRECTION('center_axis',(0.,1.,0.));
#3991=DIRECTION('ref_axis',(1.,0.,0.));
#3992=DIRECTION('',(0.,0.,1.));
#3993=DIRECTION('',(-2.96059473233375E-15,0.,-1.));
#3994=DIRECTION('',(1.,0.,-3.22973970800045E-15));
#3995=DIRECTION('center_axis',(0.,-1.,0.));
#3996=DIRECTION('ref_axis',(1.,0.,0.));
#3997=DIRECTION('center_axis',(0.,-1.,0.));
#3998=DIRECTION('ref_axis',(1.,0.,0.));
#3999=DIRECTION('center_axis',(0.,-1.,0.));
#4000=DIRECTION('ref_axis',(1.,0.,0.));
#4001=DIRECTION('center_axis',(0.,1.,0.));
#4002=DIRECTION('ref_axis',(0.,0.,1.));
#4003=DIRECTION('center_axis',(0.,-1.,0.));
#4004=DIRECTION('ref_axis',(1.,0.,0.));
#4005=DIRECTION('center_axis',(-1.,0.,0.));
#4006=DIRECTION('ref_axis',(0.,0.,-1.));
#4007=DIRECTION('center_axis',(0.,1.,0.));
#4008=DIRECTION('ref_axis',(1.,0.,0.));
#4009=DIRECTION('center_axis',(0.,1.,0.));
#4010=DIRECTION('ref_axis',(1.,0.,0.));
#4011=DIRECTION('center_axis',(0.,1.,0.));
#4012=DIRECTION('ref_axis',(1.,0.,0.));
#4013=DIRECTION('',(0.,-1.,0.));
#4014=DIRECTION('center_axis',(0.,1.,0.));
#4015=DIRECTION('ref_axis',(0.,0.,1.));
#4016=DIRECTION('center_axis',(0.,1.,0.));
#4017=DIRECTION('ref_axis',(0.,0.,1.));
#4018=DIRECTION('center_axis',(0.,-1.,0.));
#4019=DIRECTION('ref_axis',(1.,0.,0.));
#4020=DIRECTION('center_axis',(-1.,0.,0.));
#4021=DIRECTION('ref_axis',(0.,0.,-1.));
#4022=DIRECTION('center_axis',(0.,1.,0.));
#4023=DIRECTION('ref_axis',(1.,0.,0.));
#4024=DIRECTION('center_axis',(0.,1.,0.));
#4025=DIRECTION('ref_axis',(1.,0.,0.));
#4026=DIRECTION('center_axis',(0.,1.,0.));
#4027=DIRECTION('ref_axis',(1.,0.,0.));
#4028=DIRECTION('',(0.,-1.,0.));
#4029=DIRECTION('center_axis',(0.,1.,0.));
#4030=DIRECTION('ref_axis',(0.,0.,1.));
#4031=DIRECTION('center_axis',(0.,1.,0.));
#4032=DIRECTION('ref_axis',(0.,0.,1.));
#4033=DIRECTION('center_axis',(0.,-1.,0.));
#4034=DIRECTION('ref_axis',(1.,0.,0.));
#4035=DIRECTION('center_axis',(-1.,0.,0.));
#4036=DIRECTION('ref_axis',(0.,0.,-1.));
#4037=DIRECTION('center_axis',(0.,1.,0.));
#4038=DIRECTION('ref_axis',(1.,0.,0.));
#4039=DIRECTION('center_axis',(0.,1.,0.));
#4040=DIRECTION('ref_axis',(1.,0.,0.));
#4041=DIRECTION('center_axis',(0.,1.,0.));
#4042=DIRECTION('ref_axis',(1.,0.,0.));
#4043=DIRECTION('',(0.,-1.,0.));
#4044=DIRECTION('center_axis',(0.,1.,0.));
#4045=DIRECTION('ref_axis',(0.,0.,1.));
#4046=DIRECTION('center_axis',(0.,-1.,0.));
#4047=DIRECTION('ref_axis',(0.,0.,-1.));
#4048=DIRECTION('center_axis',(0.,-1.,0.));
#4049=DIRECTION('ref_axis',(0.5,0.,0.866025403784439));
#4050=DIRECTION('center_axis',(0.,1.,0.));
#4051=DIRECTION('ref_axis',(0.5,0.,0.866025403784439));
#4052=DIRECTION('center_axis',(0.866025403784439,0.,-0.5));
#4053=DIRECTION('ref_axis',(0.5,0.,0.866025403784439));
#4054=DIRECTION('',(0.5,0.,0.866025403784439));
#4055=DIRECTION('',(0.,-1.,0.));
#4056=DIRECTION('',(-0.5,0.,-0.866025403784439));
#4057=DIRECTION('',(0.,-1.,0.));
#4058=DIRECTION('center_axis',(0.,1.,0.));
#4059=DIRECTION('ref_axis',(1.,0.,0.));
#4060=DIRECTION('',(-0.5,0.,-0.866025403784439));
#4061=DIRECTION('center_axis',(0.,-1.,0.));
#4062=DIRECTION('ref_axis',(1.,0.,0.));
#4063=DIRECTION('center_axis',(0.,-1.,0.));
#4064=DIRECTION('ref_axis',(1.,0.,0.));
#4065=DIRECTION('center_axis',(0.,-1.,0.));
#4066=DIRECTION('ref_axis',(1.,0.,0.));
#4067=DIRECTION('center_axis',(0.,1.,0.));
#4068=DIRECTION('ref_axis',(1.,0.,0.));
#4069=DIRECTION('center_axis',(0.,1.,0.));
#4070=DIRECTION('ref_axis',(1.,0.,0.));
#4071=DIRECTION('center_axis',(0.,-1.,0.));
#4072=DIRECTION('ref_axis',(1.,0.,0.));
#4073=DIRECTION('center_axis',(0.,1.,0.));
#4074=DIRECTION('ref_axis',(1.,0.,0.));
#4075=DIRECTION('',(-0.5,0.,-0.866025403784439));
#4076=DIRECTION('center_axis',(0.,1.,0.));
#4077=DIRECTION('ref_axis',(1.,0.,0.));
#4078=DIRECTION('',(0.5,0.,0.866025403784439));
#4079=DIRECTION('center_axis',(0.,1.,0.));
#4080=DIRECTION('ref_axis',(1.,0.,0.));
#4081=DIRECTION('center_axis',(0.,-1.,0.));
#4082=DIRECTION('ref_axis',(1.,0.,0.));
#4083=DIRECTION('center_axis',(0.,1.,0.));
#4084=DIRECTION('ref_axis',(1.,0.,0.));
#4085=DIRECTION('center_axis',(0.,1.,0.));
#4086=DIRECTION('ref_axis',(1.,0.,0.));
#4087=DIRECTION('center_axis',(0.,-1.,0.));
#4088=DIRECTION('ref_axis',(1.,0.,0.));
#4089=DIRECTION('center_axis',(0.,-1.,0.));
#4090=DIRECTION('ref_axis',(1.,0.,0.));
#4091=DIRECTION('center_axis',(0.,-1.,0.));
#4092=DIRECTION('ref_axis',(1.,0.,0.));
#4093=DIRECTION('center_axis',(0.,-1.,0.));
#4094=DIRECTION('ref_axis',(0.,0.,-1.));
#4095=DIRECTION('center_axis',(0.,1.,0.));
#4096=DIRECTION('ref_axis',(-1.,0.,-1.22464679914735E-16));
#4097=DIRECTION('center_axis',(0.,-1.,0.));
#4098=DIRECTION('ref_axis',(-1.,0.,-1.22464679914735E-16));
#4099=DIRECTION('center_axis',(0.,0.,1.));
#4100=DIRECTION('ref_axis',(-1.,0.,0.));
#4101=DIRECTION('',(-1.,0.,0.));
#4102=DIRECTION('',(0.,-1.,0.));
#4103=DIRECTION('',(1.,0.,0.));
#4104=DIRECTION('',(0.,-1.,0.));
#4105=DIRECTION('center_axis',(0.,1.,0.));
#4106=DIRECTION('ref_axis',(1.,0.,0.));
#4107=DIRECTION('',(1.,0.,1.30599060100204E-17));
#4108=DIRECTION('center_axis',(0.,-1.,0.));
#4109=DIRECTION('ref_axis',(1.,0.,0.));
#4110=DIRECTION('center_axis',(0.,-1.,0.));
#4111=DIRECTION('ref_axis',(1.,0.,0.));
#4112=DIRECTION('center_axis',(0.,-1.,0.));
#4113=DIRECTION('ref_axis',(1.,0.,0.));
#4114=DIRECTION('center_axis',(0.,1.,0.));
#4115=DIRECTION('ref_axis',(1.,0.,0.));
#4116=DIRECTION('center_axis',(0.,1.,0.));
#4117=DIRECTION('ref_axis',(1.,0.,0.));
#4118=DIRECTION('center_axis',(0.,-1.,0.));
#4119=DIRECTION('ref_axis',(1.,0.,0.));
#4120=DIRECTION('center_axis',(0.,1.,0.));
#4121=DIRECTION('ref_axis',(1.,0.,0.));
#4122=DIRECTION('',(1.,0.,1.30599060100204E-17));
#4123=DIRECTION('center_axis',(0.,1.,0.));
#4124=DIRECTION('ref_axis',(1.,0.,0.));
#4125=DIRECTION('',(-1.,0.,0.));
#4126=DIRECTION('center_axis',(0.,1.,0.));
#4127=DIRECTION('ref_axis',(1.,0.,0.));
#4128=DIRECTION('center_axis',(0.,-1.,0.));
#4129=DIRECTION('ref_axis',(1.,0.,0.));
#4130=DIRECTION('center_axis',(0.,1.,0.));
#4131=DIRECTION('ref_axis',(1.,0.,0.));
#4132=DIRECTION('center_axis',(0.,1.,0.));
#4133=DIRECTION('ref_axis',(1.,0.,0.));
#4134=DIRECTION('center_axis',(0.,-1.,0.));
#4135=DIRECTION('ref_axis',(1.,0.,0.));
#4136=DIRECTION('center_axis',(0.,-1.,0.));
#4137=DIRECTION('ref_axis',(1.,0.,0.));
#4138=DIRECTION('center_axis',(0.,-1.,0.));
#4139=DIRECTION('ref_axis',(1.,0.,0.));
#4140=DIRECTION('center_axis',(0.,-1.,0.));
#4141=DIRECTION('ref_axis',(0.,0.,-1.));
#4142=DIRECTION('center_axis',(-0.994707456071543,0.,-0.102747636642789));
#4143=DIRECTION('ref_axis',(0.102747636642789,4.8849813083507E-15,-0.994707456071543));
#4144=DIRECTION('center_axis',(0.,1.,0.));
#4145=DIRECTION('ref_axis',(-0.64467151256682,0.,-0.764459705206762));
#4146=DIRECTION('center_axis',(0.,-1.,0.));
#4147=DIRECTION('ref_axis',(-0.64467151256682,0.,-0.764459705206762));
#4148=DIRECTION('center_axis',(0.,1.,0.));
#4149=DIRECTION('ref_axis',(-0.924767885078201,0.,0.380531679007139));
#4150=DIRECTION('center_axis',(0.,-1.,0.));
#4151=DIRECTION('ref_axis',(0.669729806047342,0.,0.74260486592251));
#4152=DIRECTION('',(0.,1.,0.));
#4153=DIRECTION('center_axis',(0.,1.,0.));
#4154=DIRECTION('ref_axis',(1.,0.,0.));
#4155=DIRECTION('',(0.,-1.,0.));
#4156=DIRECTION('center_axis',(0.,-1.,0.));
#4157=DIRECTION('ref_axis',(1.,0.,0.));
#4158=DIRECTION('',(0.,1.,0.));
#4159=DIRECTION('center_axis',(0.,1.,0.));
#4160=DIRECTION('ref_axis',(1.,0.,0.));
#4161=DIRECTION('',(0.,-1.,0.));
#4162=DIRECTION('center_axis',(0.,-1.,0.));
#4163=DIRECTION('ref_axis',(1.,0.,0.));
#4164=DIRECTION('',(0.,1.,0.));
#4165=DIRECTION('center_axis',(0.,1.,0.));
#4166=DIRECTION('ref_axis',(1.,0.,0.));
#4167=DIRECTION('',(0.,-1.,0.));
#4168=DIRECTION('center_axis',(0.,-1.,0.));
#4169=DIRECTION('ref_axis',(-0.5,0.,0.866025403784438));
#4170=DIRECTION('',(0.,-1.,0.));
#4171=DIRECTION('center_axis',(0.,-1.,0.));
#4172=DIRECTION('ref_axis',(-0.5,0.,0.866025403784439));
#4173=DIRECTION('center_axis',(0.,1.,0.));
#4174=DIRECTION('ref_axis',(-0.5,0.,0.866025403784438));
#4175=DIRECTION('center_axis',(0.,-1.,0.));
#4176=DIRECTION('ref_axis',(0.,0.,-1.));
#4177=DIRECTION('center_axis',(0.,1.,0.));
#4178=DIRECTION('ref_axis',(0.669729806047342,0.,0.74260486592251));
#4179=DIRECTION('center_axis',(-1.,0.,0.));
#4180=DIRECTION('ref_axis',(0.,-0.707106781186547,0.707106781186547));
#4181=DIRECTION('',(1.,0.,0.));
#4182=DIRECTION('center_axis',(-1.,0.,0.));
#4183=DIRECTION('ref_axis',(0.,-1.,0.));
#4184=DIRECTION('',(-1.,0.,0.));
#4185=DIRECTION('center_axis',(0.,0.,-1.));
#4186=DIRECTION('ref_axis',(-1.,0.,0.));
#4187=DIRECTION('center_axis',(0.,-1.,0.));
#4188=DIRECTION('ref_axis',(1.,0.,0.));
#4189=DIRECTION('center_axis',(0.,0.,-1.));
#4190=DIRECTION('ref_axis',(0.707106781186547,-0.707106781186547,0.));
#4191=DIRECTION('center_axis',(0.,0.,1.));
#4192=DIRECTION('ref_axis',(0.707106781186548,-0.707106781186548,0.));
#4193=DIRECTION('center_axis',(0.,1.,0.));
#4194=DIRECTION('ref_axis',(0.707106781186547,0.,0.707106781186547));
#4195=DIRECTION('',(0.,-1.,0.));
#4196=DIRECTION('',(0.,1.,0.));
#4197=DIRECTION('center_axis',(0.,0.,1.));
#4198=DIRECTION('ref_axis',(1.,0.,0.));
#4199=DIRECTION('',(0.,1.,0.));
#4200=DIRECTION('center_axis',(0.,0.,-1.));
#4201=DIRECTION('ref_axis',(-0.707106781186547,-0.707106781186548,0.));
#4202=DIRECTION('',(0.,1.,0.));
#4203=DIRECTION('',(1.,0.,0.));
#4204=DIRECTION('center_axis',(0.,0.,1.));
#4205=DIRECTION('ref_axis',(0.707106781186548,-0.707106781186548,0.));
#4206=DIRECTION('',(0.,0.,-1.));
#4207=DIRECTION('center_axis',(0.,0.,-1.));
#4208=DIRECTION('ref_axis',(0.707106781186548,-0.707106781186548,0.));
#4209=DIRECTION('',(0.,0.,1.));
#4210=DIRECTION('center_axis',(0.,1.,0.));
#4211=DIRECTION('ref_axis',(1.,0.,0.));
#4212=DIRECTION('center_axis',(0.,1.,0.));
#4213=DIRECTION('ref_axis',(1.,0.,0.));
#4214=DIRECTION('center_axis',(0.,1.,0.));
#4215=DIRECTION('ref_axis',(1.,0.,0.));
#4216=DIRECTION('center_axis',(0.,1.,0.));
#4217=DIRECTION('ref_axis',(1.,0.,0.));
#4218=DIRECTION('center_axis',(0.,1.,0.));
#4219=DIRECTION('ref_axis',(1.,0.,0.));
#4220=DIRECTION('center_axis',(0.,1.,0.));
#4221=DIRECTION('ref_axis',(1.,0.,0.));
#4222=DIRECTION('center_axis',(0.,1.,0.));
#4223=DIRECTION('ref_axis',(1.,0.,0.));
#4224=DIRECTION('center_axis',(0.,1.,0.));
#4225=DIRECTION('ref_axis',(1.,0.,0.));
#4226=DIRECTION('',(0.5,0.,-0.866025403784438));
#4227=DIRECTION('',(0.,0.,1.));
#4228=DIRECTION('',(1.,0.,0.));
#4229=DIRECTION('center_axis',(0.,-1.,0.));
#4230=DIRECTION('ref_axis',(-0.707106781186549,0.,0.707106781186546));
#4231=DIRECTION('center_axis',(0.,-1.,0.));
#4232=DIRECTION('ref_axis',(-0.707106781186549,0.,0.707106781186546));
#4233=DIRECTION('',(0.,1.,0.));
#4234=DIRECTION('',(0.,-1.,0.));
#4235=DIRECTION('center_axis',(1.,0.,0.));
#4236=DIRECTION('ref_axis',(0.,0.,1.));
#4237=DIRECTION('',(0.,0.,1.));
#4238=DIRECTION('',(0.,1.,0.));
#4239=DIRECTION('',(0.,0.,-1.));
#4240=DIRECTION('',(0.,-1.,0.));
#4241=DIRECTION('center_axis',(0.,1.,0.));
#4242=DIRECTION('ref_axis',(0.707106781186549,0.,-0.707106781186546));
#4243=DIRECTION('',(0.,-1.,0.));
#4244=DIRECTION('center_axis',(0.,1.,0.));
#4245=DIRECTION('ref_axis',(0.707106781186549,0.,-0.707106781186546));
#4246=DIRECTION('',(0.,1.,0.));
#4247=DIRECTION('center_axis',(2.01858731750029E-16,0.,-1.));
#4248=DIRECTION('ref_axis',(-1.,0.,-2.01858731750029E-16));
#4249=DIRECTION('',(1.,0.,2.01858731750029E-16));
#4250=DIRECTION('',(0.,-1.,0.));
#4251=DIRECTION('',(-1.,0.,-2.01858731750029E-16));
#4252=DIRECTION('center_axis',(0.,-1.,0.));
#4253=DIRECTION('ref_axis',(0.,0.,-1.));
#4254=DIRECTION('',(0.,0.,1.));
#4255=DIRECTION('center_axis',(0.,1.,0.));
#4256=DIRECTION('ref_axis',(0.707106781186549,0.,0.707106781186546));
#4257=DIRECTION('',(-1.,0.,0.));
#4258=DIRECTION('',(0.,0.,1.));
#4259=DIRECTION('center_axis',(0.,1.,0.));
#4260=DIRECTION('ref_axis',(0.707106781186549,0.,0.707106781186546));
#4261=DIRECTION('',(0.,-1.,0.));
#4262=DIRECTION('',(0.,1.,0.));
#4263=DIRECTION('center_axis',(0.,0.,1.));
#4264=DIRECTION('ref_axis',(1.,0.,0.));
#4265=DIRECTION('',(0.,1.,0.));
#4266=DIRECTION('',(0.,1.,0.));
#4267=DIRECTION('center_axis',(0.,-1.,0.));
#4268=DIRECTION('ref_axis',(-0.707106781186549,0.,-0.707106781186546));
#4269=DIRECTION('center_axis',(0.,-1.,0.));
#4270=DIRECTION('ref_axis',(-0.0321021040099513,0.,-0.999484594637723));
#4271=DIRECTION('center_axis',(0.,-1.,0.));
#4272=DIRECTION('ref_axis',(-0.0321021040099513,0.,-0.999484594637723));
#4273=DIRECTION('',(0.,1.,0.));
#4274=DIRECTION('',(0.,-1.,0.));
#4275=DIRECTION('center_axis',(0.,-1.,0.));
#4276=DIRECTION('ref_axis',(1.,0.,0.));
#4277=DIRECTION('center_axis',(0.,-1.,0.));
#4278=DIRECTION('ref_axis',(1.,0.,0.));
#4279=DIRECTION('',(0.,-1.,0.));
#4280=DIRECTION('center_axis',(0.,1.,0.));
#4281=DIRECTION('ref_axis',(0.978725705954892,0.,0.205173079382015));
#4282=DIRECTION('center_axis',(0.,-1.,0.));
#4283=DIRECTION('ref_axis',(0.978725705954892,0.,0.205173079382015));
#4284=DIRECTION('',(0.,1.,0.));
#4285=DIRECTION('',(0.,-1.,0.));
#4286=DIRECTION('center_axis',(-0.64278760968654,0.,-0.766044443118977));
#4287=DIRECTION('ref_axis',(-0.766044443118977,0.,0.64278760968654));
#4288=DIRECTION('',(-0.766044443118977,0.,0.64278760968654));
#4289=DIRECTION('',(0.766044443118977,0.,-0.64278760968654));
#4290=DIRECTION('',(0.,-1.,0.));
#4291=DIRECTION('center_axis',(0.,1.,0.));
#4292=DIRECTION('ref_axis',(-0.0321021040099513,0.,0.999484594637723));
#4293=DIRECTION('center_axis',(0.,-1.,0.));
#4294=DIRECTION('ref_axis',(-0.0321021040099513,0.,0.999484594637723));
#4295=DIRECTION('',(0.,1.,0.));
#4296=DIRECTION('',(0.,-1.,0.));
#4297=DIRECTION('center_axis',(0.642787609686541,0.,-0.766044443118976));
#4298=DIRECTION('ref_axis',(-0.766044443118976,0.,-0.642787609686541));
#4299=DIRECTION('',(-0.766044443118976,0.,-0.642787609686541));
#4300=DIRECTION('',(0.766044443118976,0.,0.642787609686541));
#4301=DIRECTION('',(0.,-1.,0.));
#4302=DIRECTION('center_axis',(0.,1.,0.));
#4303=DIRECTION('ref_axis',(-0.0142216324966507,0.,-0.999898867470671));
#4304=DIRECTION('center_axis',(0.,1.,0.));
#4305=DIRECTION('ref_axis',(-0.0142216324966507,0.,-0.999898867470671));
#4306=DIRECTION('',(0.,1.,0.));
#4307=DIRECTION('center_axis',(0.,1.,0.));
#4308=DIRECTION('ref_axis',(-0.64030910003197,0.,-0.768117345472844));
#4309=DIRECTION('center_axis',(0.,-1.,0.));
#4310=DIRECTION('ref_axis',(-0.64030910003197,0.,-0.768117345472844));
#4311=DIRECTION('',(0.,-1.,0.));
#4312=DIRECTION('center_axis',(0.,1.,0.));
#4313=DIRECTION('ref_axis',(1.,0.,0.));
#4314=DIRECTION('',(-0.766044443118978,0.,-0.642787609686539));
#4315=DIRECTION('center_axis',(0.,1.,0.));
#4316=DIRECTION('ref_axis',(-0.987177717479735,0.,0.159625042244317));
#4317=DIRECTION('center_axis',(0.,-1.,0.));
#4318=DIRECTION('ref_axis',(0.978725705954892,0.,-0.205173079382016));
#4319=DIRECTION('center_axis',(0.,-1.,0.));
#4320=DIRECTION('ref_axis',(0.978725705954892,0.,-0.205173079382016));
#4321=DIRECTION('',(0.,1.,0.));
#4322=DIRECTION('',(0.,-1.,0.));
#4323=DIRECTION('center_axis',(0.,-1.,0.));
#4324=DIRECTION('ref_axis',(-1.,0.,1.22464679914735E-16));
#4325=DIRECTION('center_axis',(0.,-1.,0.));
#4326=DIRECTION('ref_axis',(1.,0.,0.));
#4327=DIRECTION('center_axis',(0.,1.,0.));
#4328=DIRECTION('ref_axis',(-0.987177717479735,0.,0.159625042244317));
#4329=DIRECTION('',(0.,1.,0.));
#4330=DIRECTION('center_axis',(-0.642787609686539,0.,0.766044443118978));
#4331=DIRECTION('ref_axis',(0.766044443118978,0.,0.642787609686539));
#4332=DIRECTION('',(0.766044443118978,0.,0.642787609686539));
#4333=DIRECTION('center_axis',(0.,1.,0.));
#4334=DIRECTION('ref_axis',(-0.0142216324966546,0.,0.999898867470671));
#4335=DIRECTION('',(0.,-1.,0.));
#4336=DIRECTION('center_axis',(0.,1.,0.));
#4337=DIRECTION('ref_axis',(-0.0142216324966546,0.,0.999898867470671));
#4338=DIRECTION('',(0.,1.,0.));
#4339=DIRECTION('center_axis',(0.,1.,0.));
#4340=DIRECTION('ref_axis',(1.,0.,0.));
#4341=DIRECTION('center_axis',(0.,-1.,0.));
#4342=DIRECTION('ref_axis',(-0.867636425408917,0.,0.497199188760035));
#4343=DIRECTION('center_axis',(0.,1.,0.));
#4344=DIRECTION('ref_axis',(-0.987177717479736,0.,-0.159625042244313));
#4345=DIRECTION('',(-0.766044443118979,0.,0.642787609686538));
#4346=DIRECTION('center_axis',(0.,1.,0.));
#4347=DIRECTION('ref_axis',(-0.867636425408917,0.,0.497199188760035));
#4348=DIRECTION('',(0.,1.,0.));
#4349=DIRECTION('center_axis',(0.,1.,0.));
#4350=DIRECTION('ref_axis',(-0.987177717479736,0.,-0.159625042244313));
#4351=DIRECTION('center_axis',(0.,0.,1.));
#4352=DIRECTION('ref_axis',(0.924619106766956,-0.380893039318751,0.));
#4353=DIRECTION('center_axis',(0.,0.,-1.));
#4354=DIRECTION('ref_axis',(0.997738100631699,-0.0672211465823801,0.));
#4355=DIRECTION('center_axis',(0.,0.,1.));
#4356=DIRECTION('ref_axis',(0.997738100631699,-0.0672211465823801,0.));
#4357=DIRECTION('center_axis',(0.,0.,1.));
#4358=DIRECTION('ref_axis',(0.997738100631699,-0.0672211465823801,0.));
#4359=DIRECTION('center_axis',(0.,0.,-1.));
#4360=DIRECTION('ref_axis',(1.,0.,0.));
#4361=DIRECTION('center_axis',(0.,0.,-1.));
#4362=DIRECTION('ref_axis',(1.,0.,0.));
#4363=DIRECTION('',(0.,0.,1.));
#4364=DIRECTION('',(0.,0.,1.));
#4365=DIRECTION('center_axis',(0.,0.,-1.));
#4366=DIRECTION('ref_axis',(1.,0.,0.));
#4367=DIRECTION('center_axis',(0.,-1.,0.));
#4368=DIRECTION('ref_axis',(-1.,0.,0.));
#4369=DIRECTION('center_axis',(0.,0.,1.));
#4370=DIRECTION('ref_axis',(1.,0.,0.));
#4371=DIRECTION('center_axis',(0.,0.,1.));
#4372=DIRECTION('ref_axis',(1.,0.,0.));
#4373=DIRECTION('',(0.,0.,-1.));
#4374=DIRECTION('center_axis',(0.,0.,-1.));
#4375=DIRECTION('ref_axis',(1.,0.,0.));
#4376=DIRECTION('center_axis',(0.,0.,1.));
#4377=DIRECTION('ref_axis',(1.,0.,0.));
#4378=DIRECTION('center_axis',(0.,0.,-1.));
#4379=DIRECTION('ref_axis',(1.,0.,0.));
#4380=DIRECTION('center_axis',(0.,-1.,0.));
#4381=DIRECTION('ref_axis',(-1.,0.,0.));
#4382=DIRECTION('center_axis',(0.,0.,1.));
#4383=DIRECTION('ref_axis',(1.,0.,0.));
#4384=DIRECTION('center_axis',(0.,0.,1.));
#4385=DIRECTION('ref_axis',(1.,0.,0.));
#4386=DIRECTION('',(0.,0.,-1.));
#4387=DIRECTION('center_axis',(0.,0.,-1.));
#4388=DIRECTION('ref_axis',(1.,0.,0.));
#4389=DIRECTION('center_axis',(0.,0.,1.));
#4390=DIRECTION('ref_axis',(1.,0.,0.));
#4391=DIRECTION('center_axis',(0.548840864026524,0.,0.835926854440398));
#4392=DIRECTION('ref_axis',(0.835926854440398,0.,-0.548840864026524));
#4393=DIRECTION('',(-0.835926854440398,0.,0.548840864026524));
#4394=DIRECTION('',(0.,-1.,0.));
#4395=DIRECTION('',(0.835926854440398,4.64032620351106E-17,-0.548840864026524));
#4396=DIRECTION('',(0.,-1.,0.));
#4397=DIRECTION('center_axis',(0.,0.,1.));
#4398=DIRECTION('ref_axis',(1.,0.,0.));
#4399=DIRECTION('',(-1.,0.,0.));
#4400=DIRECTION('center_axis',(0.,0.,1.));
#4401=DIRECTION('ref_axis',(1.,0.,0.));
#4402=DIRECTION('',(1.,5.55111512312578E-17,0.));
#4403=DIRECTION('center_axis',(0.,1.,0.));
#4404=DIRECTION('ref_axis',(-1.,0.,0.));
#4405=DIRECTION('',(1.,0.,0.));
#4406=DIRECTION('',(0.,0.,-1.));
#4407=DIRECTION('center_axis',(0.,0.,1.));
#4408=DIRECTION('ref_axis',(1.,0.,0.));
#4409=DIRECTION('center_axis',(0.,0.,1.));
#4410=DIRECTION('ref_axis',(1.,0.,0.));
#4411=DIRECTION('',(0.,0.,-1.));
#4412=DIRECTION('center_axis',(0.,0.,-1.));
#4413=DIRECTION('ref_axis',(1.,0.,0.));
#4414=DIRECTION('center_axis',(0.,0.,1.));
#4415=DIRECTION('ref_axis',(1.,0.,0.));
#4416=DIRECTION('center_axis',(5.55111512312578E-17,-1.,0.));
#4417=DIRECTION('ref_axis',(1.,5.55111512312578E-17,0.));
#4418=DIRECTION('',(0.,0.,1.));
#4419=DIRECTION('',(-1.,-5.55111512312578E-17,0.));
#4420=DIRECTION('center_axis',(0.,0.,-1.));
#4421=DIRECTION('ref_axis',(-1.,0.,0.));
#4422=DIRECTION('center_axis',(0.,0.,-1.));
#4423=DIRECTION('ref_axis',(1.,0.,0.));
#4424=DIRECTION('center_axis',(0.,0.,-1.));
#4425=DIRECTION('ref_axis',(1.,0.,0.));
#4426=DIRECTION('center_axis',(0.,0.,-1.));
#4427=DIRECTION('ref_axis',(1.,0.,0.));
#4428=DIRECTION('center_axis',(0.,0.,-1.));
#4429=DIRECTION('ref_axis',(1.,0.,0.));
#4430=DIRECTION('center_axis',(0.,0.,-1.));
#4431=DIRECTION('ref_axis',(1.,0.,0.));
#4432=DIRECTION('center_axis',(0.,0.,-1.));
#4433=DIRECTION('ref_axis',(1.,0.,0.));
#4434=DIRECTION('',(0.,-1.,0.));
#4435=DIRECTION('',(1.,0.,0.));
#4436=DIRECTION('',(0.,-1.,0.));
#4437=DIRECTION('',(1.,0.,0.));
#4438=DIRECTION('center_axis',(0.,0.,1.));
#4439=DIRECTION('ref_axis',(1.,0.,0.));
#4440=DIRECTION('',(1.,0.,0.));
#4441=DIRECTION('',(0.,1.,0.));
#4442=DIRECTION('center_axis',(0.,0.,1.));
#4443=DIRECTION('ref_axis',(1.,0.,0.));
#4444=DIRECTION('center_axis',(0.,0.,1.));
#4445=DIRECTION('ref_axis',(1.,0.,0.));
#4446=DIRECTION('center_axis',(0.,0.,1.));
#4447=DIRECTION('ref_axis',(1.,0.,0.));
#4448=DIRECTION('center_axis',(0.,0.,1.));
#4449=DIRECTION('ref_axis',(1.,0.,0.));
#4450=DIRECTION('center_axis',(0.,0.,1.));
#4451=DIRECTION('ref_axis',(1.,0.,0.));
#4452=DIRECTION('center_axis',(0.,0.,1.));
#4453=DIRECTION('ref_axis',(1.,0.,0.));
#4454=DIRECTION('center_axis',(0.,0.,1.));
#4455=DIRECTION('ref_axis',(1.,0.,0.));
#4456=DIRECTION('',(0.,0.,1.));
#4457=DIRECTION('center_axis',(0.,0.,1.));
#4458=DIRECTION('ref_axis',(1.,0.,0.));
#4459=DIRECTION('',(0.,0.,1.));
#4460=DIRECTION('center_axis',(0.,0.,1.));
#4461=DIRECTION('ref_axis',(1.,0.,0.));
#4462=DIRECTION('center_axis',(-0.866025403784438,0.,-0.5));
#4463=DIRECTION('ref_axis',(0.5,0.,-0.866025403784438));
#4464=DIRECTION('',(0.,0.,1.));
#4465=DIRECTION('center_axis',(0.,0.,1.));
#4466=DIRECTION('ref_axis',(1.,0.,0.));
#4467=DIRECTION('center_axis',(0.,0.,1.));
#4468=DIRECTION('ref_axis',(-0.283558201074891,0.958955028457108,0.));
#4469=DIRECTION('center_axis',(0.,0.,-1.));
#4470=DIRECTION('ref_axis',(1.,0.,0.));
#4471=DIRECTION('center_axis',(0.,0.,-1.));
#4472=DIRECTION('ref_axis',(1.,0.,0.));
#4473=DIRECTION('',(0.,0.,1.));
#4474=DIRECTION('center_axis',(0.,0.,1.));
#4475=DIRECTION('ref_axis',(1.,0.,0.));
#4476=DIRECTION('center_axis',(0.,0.,-1.));
#4477=DIRECTION('ref_axis',(-1.,0.,0.));
#4478=DIRECTION('center_axis',(0.,0.,-1.));
#4479=DIRECTION('ref_axis',(-1.,0.,0.));
#4480=DIRECTION('center_axis',(0.,1.,0.));
#4481=DIRECTION('ref_axis',(1.,0.,0.));
#4482=DIRECTION('',(-0.5,0.,0.866025403784438));
#4483=DIRECTION('center_axis',(0.,1.,0.));
#4484=DIRECTION('ref_axis',(1.,0.,0.));
#4485=DIRECTION('center_axis',(0.,1.,0.));
#4486=DIRECTION('ref_axis',(1.,0.,0.));
#4487=DIRECTION('center_axis',(0.,1.,0.));
#4488=DIRECTION('ref_axis',(1.,0.,0.));
#4489=DIRECTION('center_axis',(0.,1.,0.));
#4490=DIRECTION('ref_axis',(1.,0.,0.));
#4491=DIRECTION('center_axis',(0.,1.,0.));
#4492=DIRECTION('ref_axis',(1.,0.,0.));
#4493=DIRECTION('center_axis',(0.,1.,0.));
#4494=DIRECTION('ref_axis',(1.,0.,0.));
#4495=DIRECTION('center_axis',(0.,1.,0.));
#4496=DIRECTION('ref_axis',(1.,0.,0.));
#4497=DIRECTION('center_axis',(0.,1.,0.));
#4498=DIRECTION('ref_axis',(1.,0.,0.));
#4499=DIRECTION('',(-1.,0.,-1.30599060100204E-17));
#4500=DIRECTION('center_axis',(1.,0.,-2.96059473233375E-15));
#4501=DIRECTION('ref_axis',(2.96059473233375E-15,0.,1.));
#4502=DIRECTION('',(2.96059473233375E-15,0.,1.));
#4503=DIRECTION('',(0.,-1.,0.));
#4504=DIRECTION('center_axis',(0.,0.,-1.));
#4505=DIRECTION('ref_axis',(-0.707106781186547,-0.707106781186548,0.));
#4506=DIRECTION('',(0.,0.,-1.));
#4507=DIRECTION('center_axis',(0.,1.,0.));
#4508=DIRECTION('ref_axis',(1.,0.,0.));
#4509=DIRECTION('center_axis',(0.,1.,0.));
#4510=DIRECTION('ref_axis',(1.,0.,0.));
#4511=DIRECTION('center_axis',(-0.866025403784439,0.,0.5));
#4512=DIRECTION('ref_axis',(-0.5,0.,-0.866025403784439));
#4513=DIRECTION('',(0.,-1.,0.));
#4514=DIRECTION('',(0.5,0.,0.866025403784439));
#4515=DIRECTION('',(0.,-1.,0.));
#4516=DIRECTION('center_axis',(0.,1.,0.));
#4517=DIRECTION('ref_axis',(-1.,0.,0.));
#4518=DIRECTION('center_axis',(0.,1.,0.));
#4519=DIRECTION('ref_axis',(1.,0.,0.));
#4520=DIRECTION('center_axis',(0.,1.,0.));
#4521=DIRECTION('ref_axis',(1.,0.,0.));
#4522=DIRECTION('center_axis',(1.30599060100204E-17,0.,-1.));
#4523=DIRECTION('ref_axis',(1.,0.,1.30599060100204E-17));
#4524=DIRECTION('',(0.,-1.,0.));
#4525=DIRECTION('',(-1.,0.,-1.30599060100204E-17));
#4526=DIRECTION('',(0.,-1.,0.));
#4527=DIRECTION('center_axis',(1.,0.,-3.40495707993662E-16));
#4528=DIRECTION('ref_axis',(3.40495707993662E-16,0.,1.));
#4529=DIRECTION('',(-3.40495707993662E-16,0.,-1.));
#4530=DIRECTION('',(0.,1.,0.));
#4531=DIRECTION('',(3.40495707993662E-16,0.,1.));
#4532=DIRECTION('',(0.,-1.,0.));
#4533=DIRECTION('center_axis',(0.,0.,-1.));
#4534=DIRECTION('ref_axis',(1.,0.,0.));
#4535=DIRECTION('',(-1.,0.,0.));
#4536=DIRECTION('',(1.,0.,0.));
#4537=DIRECTION('',(0.,-1.,0.));
#4538=DIRECTION('center_axis',(-1.,0.,2.55371780995246E-15));
#4539=DIRECTION('ref_axis',(-2.55371780995246E-15,0.,-1.));
#4540=DIRECTION('',(2.55371780995246E-15,0.,1.));
#4541=DIRECTION('',(-2.55371780995246E-15,0.,-1.));
#4542=DIRECTION('',(0.,-1.,0.));
#4543=DIRECTION('center_axis',(0.,-1.,0.));
#4544=DIRECTION('ref_axis',(0.,0.,-1.));
#4545=DIRECTION('center_axis',(0.,1.,0.));
#4546=DIRECTION('ref_axis',(1.,0.,0.));
#4547=DIRECTION('center_axis',(0.,-1.,0.));
#4548=DIRECTION('ref_axis',(0.,0.,-1.));
#4549=DIRECTION('center_axis',(0.,-1.,0.));
#4550=DIRECTION('ref_axis',(1.,0.,0.));
#4551=DIRECTION('center_axis',(0.,-1.,0.));
#4552=DIRECTION('ref_axis',(1.,0.,0.));
#4553=DIRECTION('center_axis',(0.,-1.,0.));
#4554=DIRECTION('ref_axis',(1.,0.,0.));
#4555=DIRECTION('',(0.,1.,0.));
#4556=DIRECTION('center_axis',(0.,1.,0.));
#4557=DIRECTION('ref_axis',(1.,0.,0.));
#4558=DIRECTION('center_axis',(0.,1.,0.));
#4559=DIRECTION('ref_axis',(1.,0.,0.));
#4560=DIRECTION('center_axis',(0.,1.,0.));
#4561=DIRECTION('ref_axis',(1.,0.,0.));
#4562=DIRECTION('center_axis',(0.,1.,0.));
#4563=DIRECTION('ref_axis',(1.,0.,0.));
#4564=DIRECTION('center_axis',(0.,-1.,0.));
#4565=DIRECTION('ref_axis',(1.,0.,0.));
#4566=DIRECTION('center_axis',(0.,-1.,0.));
#4567=DIRECTION('ref_axis',(1.,0.,0.));
#4568=DIRECTION('center_axis',(0.,-1.,0.));
#4569=DIRECTION('ref_axis',(1.,0.,0.));
#4570=DIRECTION('',(0.,1.,0.));
#4571=DIRECTION('center_axis',(0.,1.,0.));
#4572=DIRECTION('ref_axis',(1.,0.,0.));
#4573=DIRECTION('center_axis',(0.,1.,0.));
#4574=DIRECTION('ref_axis',(1.,0.,0.));
#4575=DIRECTION('',(0.,1.,0.));
#4576=DIRECTION('center_axis',(0.,1.,0.));
#4577=DIRECTION('ref_axis',(1.,0.,0.));
#4578=DIRECTION('center_axis',(0.,-1.,0.));
#4579=DIRECTION('ref_axis',(0.,0.,-1.));
#4580=DIRECTION('center_axis',(0.,-1.,0.));
#4581=DIRECTION('ref_axis',(1.,0.,0.));
#4582=DIRECTION('',(0.,1.,0.));
#4583=DIRECTION('center_axis',(0.,-1.,0.));
#4584=DIRECTION('ref_axis',(1.,0.,0.));
#4585=DIRECTION('center_axis',(0.,1.,0.));
#4586=DIRECTION('ref_axis',(1.,0.,0.));
#4587=DIRECTION('center_axis',(0.,-1.,0.));
#4588=DIRECTION('ref_axis',(1.,0.,0.));
#4589=DIRECTION('center_axis',(0.,1.,0.));
#4590=DIRECTION('ref_axis',(1.,0.,0.));
#4591=DIRECTION('',(0.,1.,0.));
#4592=DIRECTION('center_axis',(0.,1.,0.));
#4593=DIRECTION('ref_axis',(1.,0.,0.));
#4594=DIRECTION('center_axis',(0.,-1.,0.));
#4595=DIRECTION('ref_axis',(0.,0.,-1.));
#4596=DIRECTION('center_axis',(0.,1.,0.));
#4597=DIRECTION('ref_axis',(1.,0.,0.));
#4598=DIRECTION('center_axis',(0.,-1.,0.));
#4599=DIRECTION('ref_axis',(1.,0.,0.));
#4600=DIRECTION('center_axis',(0.,-1.,0.));
#4601=DIRECTION('ref_axis',(1.,0.,0.));
#4602=DIRECTION('',(0.,1.,0.));
#4603=DIRECTION('center_axis',(0.,1.,0.));
#4604=DIRECTION('ref_axis',(1.,0.,0.));
#4605=DIRECTION('',(0.,-1.,0.));
#4606=DIRECTION('center_axis',(0.,1.,0.));
#4607=DIRECTION('ref_axis',(1.,0.,0.));
#4608=DIRECTION('',(0.,-1.,0.));
#4609=DIRECTION('center_axis',(0.,1.,0.));
#4610=DIRECTION('ref_axis',(1.,0.,0.));
#4611=DIRECTION('',(0.,-1.,0.));
#4612=DIRECTION('center_axis',(0.,1.,0.));
#4613=DIRECTION('ref_axis',(1.,0.,0.));
#4614=DIRECTION('',(0.,-1.,0.));
#4615=DIRECTION('center_axis',(0.,1.,0.));
#4616=DIRECTION('ref_axis',(1.,0.,0.));
#4617=DIRECTION('',(0.,-1.,0.));
#4618=DIRECTION('center_axis',(0.,1.,0.));
#4619=DIRECTION('ref_axis',(1.,0.,0.));
#4620=DIRECTION('',(0.,-1.,0.));
#4621=DIRECTION('center_axis',(0.,1.,0.));
#4622=DIRECTION('ref_axis',(1.,0.,0.));
#4623=DIRECTION('',(0.,-1.,0.));
#4624=DIRECTION('center_axis',(0.,1.,0.));
#4625=DIRECTION('ref_axis',(1.,0.,0.));
#4626=DIRECTION('',(0.,-1.,0.));
#4627=DIRECTION('center_axis',(0.,1.,0.));
#4628=DIRECTION('ref_axis',(1.,0.,0.));
#4629=DIRECTION('',(0.,-1.,0.));
#4630=DIRECTION('center_axis',(0.,1.,0.));
#4631=DIRECTION('ref_axis',(1.,0.,0.));
#4632=DIRECTION('',(0.,-1.,0.));
#4633=DIRECTION('center_axis',(0.,1.,0.));
#4634=DIRECTION('ref_axis',(1.,0.,0.));
#4635=DIRECTION('',(1.,0.,0.));
#4636=DIRECTION('center_axis',(0.,1.,0.));
#4637=DIRECTION('ref_axis',(1.,0.,0.));
#4638=DIRECTION('center_axis',(0.,-1.,0.));
#4639=DIRECTION('ref_axis',(1.,0.,0.));
#4640=DIRECTION('center_axis',(0.,1.,0.));
#4641=DIRECTION('ref_axis',(1.,0.,0.));
#4642=DIRECTION('center_axis',(0.,-1.,0.));
#4643=DIRECTION('ref_axis',(1.,0.,0.));
#4644=DIRECTION('',(-0.5,0.,-0.866025403784439));
#4645=DIRECTION('center_axis',(0.,1.,0.));
#4646=DIRECTION('ref_axis',(1.,0.,0.));
#4647=DIRECTION('',(0.5,0.,-0.866025403784438));
#4648=DIRECTION('center_axis',(0.,-1.,0.));
#4649=DIRECTION('ref_axis',(1.,0.,0.));
#4650=DIRECTION('center_axis',(0.,1.,0.));
#4651=DIRECTION('ref_axis',(1.,0.,0.));
#4652=DIRECTION('center_axis',(0.,-1.,0.));
#4653=DIRECTION('ref_axis',(1.,0.,0.));
#4654=DIRECTION('center_axis',(0.,1.,0.));
#4655=DIRECTION('ref_axis',(1.,0.,0.));
#4656=DIRECTION('',(-1.,0.,0.));
#4657=DIRECTION('center_axis',(0.,1.,0.));
#4658=DIRECTION('ref_axis',(1.,0.,0.));
#4659=DIRECTION('',(-0.5,0.,-0.866025403784439));
#4660=DIRECTION('center_axis',(0.,1.,0.));
#4661=DIRECTION('ref_axis',(1.,0.,0.));
#4662=DIRECTION('center_axis',(0.,-1.,0.));
#4663=DIRECTION('ref_axis',(1.,0.,0.));
#4664=DIRECTION('center_axis',(0.,1.,0.));
#4665=DIRECTION('ref_axis',(1.,0.,0.));
#4666=DIRECTION('center_axis',(0.,-1.,0.));
#4667=DIRECTION('ref_axis',(1.,0.,0.));
#4668=DIRECTION('',(-0.5,0.,0.866025403784438));
#4669=DIRECTION('center_axis',(0.,1.,0.));
#4670=DIRECTION('ref_axis',(1.,0.,0.));
#4671=DIRECTION('center_axis',(0.,-1.,0.));
#4672=DIRECTION('ref_axis',(1.,0.,0.));
#4673=DIRECTION('center_axis',(0.,1.,0.));
#4674=DIRECTION('ref_axis',(1.,0.,0.));
#4675=DIRECTION('center_axis',(0.,-1.,0.));
#4676=DIRECTION('ref_axis',(1.,0.,0.));
#4677=DIRECTION('center_axis',(0.,1.,0.));
#4678=DIRECTION('ref_axis',(1.,0.,0.));
#4679=DIRECTION('',(0.5,0.,0.866025403784439));
#4680=DIRECTION('center_axis',(0.,1.,0.));
#4681=DIRECTION('ref_axis',(1.,0.,0.));
#4682=DIRECTION('',(-0.5,0.,0.866025403784439));
#4683=DIRECTION('center_axis',(0.,1.,0.));
#4684=DIRECTION('ref_axis',(1.,0.,0.));
#4685=DIRECTION('center_axis',(0.,-1.,0.));
#4686=DIRECTION('ref_axis',(1.,0.,0.));
#4687=DIRECTION('center_axis',(0.,1.,0.));
#4688=DIRECTION('ref_axis',(1.,0.,0.));
#4689=DIRECTION('center_axis',(0.,-1.,0.));
#4690=DIRECTION('ref_axis',(1.,0.,0.));
#4691=DIRECTION('',(1.,0.,0.));
#4692=DIRECTION('center_axis',(0.,1.,0.));
#4693=DIRECTION('ref_axis',(1.,0.,0.));
#4694=DIRECTION('center_axis',(0.,-1.,0.));
#4695=DIRECTION('ref_axis',(1.,0.,0.));
#4696=DIRECTION('center_axis',(0.,1.,0.));
#4697=DIRECTION('ref_axis',(1.,0.,0.));
#4698=DIRECTION('center_axis',(0.,-1.,0.));
#4699=DIRECTION('ref_axis',(1.,0.,0.));
#4700=DIRECTION('center_axis',(0.,1.,0.));
#4701=DIRECTION('ref_axis',(1.,0.,0.));
#4702=DIRECTION('',(0.5,0.,-0.866025403784439));
#4703=DIRECTION('center_axis',(0.,-1.,0.));
#4704=DIRECTION('ref_axis',(1.,0.,0.));
#4705=DIRECTION('center_axis',(0.,1.,0.));
#4706=DIRECTION('ref_axis',(1.,0.,0.));
#4707=DIRECTION('',(0.,1.,0.));
#4708=DIRECTION('center_axis',(0.,-1.,0.));
#4709=DIRECTION('ref_axis',(1.,0.,0.));
#4710=DIRECTION('center_axis',(0.,-1.,0.));
#4711=DIRECTION('ref_axis',(1.,0.,0.));
#4712=DIRECTION('center_axis',(0.,-1.,0.));
#4713=DIRECTION('ref_axis',(1.,0.,0.));
#4714=DIRECTION('',(0.,1.,0.));
#4715=DIRECTION('',(0.,-1.,0.));
#4716=DIRECTION('center_axis',(0.,1.,0.));
#4717=DIRECTION('ref_axis',(1.,0.,0.));
#4718=DIRECTION('',(0.,-1.,0.));
#4719=DIRECTION('',(0.,-1.,0.));
#4720=DIRECTION('center_axis',(0.,1.,0.));
#4721=DIRECTION('ref_axis',(1.,0.,0.));
#4722=DIRECTION('',(0.,-1.,0.));
#4723=DIRECTION('',(0.,-1.,0.));
#4724=DIRECTION('',(0.,-1.,0.));
#4725=DIRECTION('center_axis',(0.,1.,0.));
#4726=DIRECTION('ref_axis',(1.,0.,0.));
#4727=DIRECTION('center_axis',(0.,1.,0.));
#4728=DIRECTION('ref_axis',(1.,0.,0.));
#4729=DIRECTION('center_axis',(0.,-1.,0.));
#4730=DIRECTION('ref_axis',(1.,0.,0.));
#4731=DIRECTION('center_axis',(0.,1.,0.));
#4732=DIRECTION('ref_axis',(1.,0.,0.));
#4733=DIRECTION('',(0.,1.,0.));
#4734=DIRECTION('center_axis',(0.,-1.,0.));
#4735=DIRECTION('ref_axis',(1.,0.,0.));
#4736=DIRECTION('center_axis',(0.,-1.,0.));
#4737=DIRECTION('ref_axis',(1.,0.,0.));
#4738=DIRECTION('center_axis',(0.,-1.,0.));
#4739=DIRECTION('ref_axis',(1.,0.,0.));
#4740=DIRECTION('',(0.,1.,0.));
#4741=DIRECTION('center_axis',(0.,1.,0.));
#4742=DIRECTION('ref_axis',(1.,0.,0.));
#4743=DIRECTION('',(0.,-1.,0.));
#4744=DIRECTION('',(0.,-1.,0.));
#4745=DIRECTION('center_axis',(0.,1.,0.));
#4746=DIRECTION('ref_axis',(1.,0.,0.));
#4747=DIRECTION('',(0.,-1.,0.));
#4748=DIRECTION('',(0.,-1.,0.));
#4749=DIRECTION('',(0.,-1.,0.));
#4750=DIRECTION('',(0.,-1.,0.));
#4751=DIRECTION('center_axis',(0.,1.,0.));
#4752=DIRECTION('ref_axis',(1.,0.,0.));
#4753=DIRECTION('center_axis',(0.,1.,0.));
#4754=DIRECTION('ref_axis',(1.,0.,0.));
#4755=DIRECTION('center_axis',(0.,1.,0.));
#4756=DIRECTION('ref_axis',(1.,0.,0.));
#4757=DIRECTION('center_axis',(0.,-1.,0.));
#4758=DIRECTION('ref_axis',(1.,0.,0.));
#4759=DIRECTION('center_axis',(0.,-1.,0.));
#4760=DIRECTION('ref_axis',(1.,0.,0.));
#4761=DIRECTION('',(0.,1.,0.));
#4762=DIRECTION('center_axis',(0.,1.,0.));
#4763=DIRECTION('ref_axis',(1.,0.,0.));
#4764=DIRECTION('',(0.,1.,0.));
#4765=DIRECTION('',(0.,-1.,0.));
#4766=DIRECTION('',(0.,-1.,0.));
#4767=DIRECTION('center_axis',(0.,1.,0.));
#4768=DIRECTION('ref_axis',(1.,0.,0.));
#4769=DIRECTION('',(0.,-1.,0.));
#4770=DIRECTION('',(0.,-1.,0.));
#4771=DIRECTION('',(0.,-1.,0.));
#4772=DIRECTION('center_axis',(0.,1.,0.));
#4773=DIRECTION('ref_axis',(1.,0.,0.));
#4774=DIRECTION('center_axis',(0.,1.,0.));
#4775=DIRECTION('ref_axis',(1.,0.,0.));
#4776=DIRECTION('center_axis',(0.,1.,0.));
#4777=DIRECTION('ref_axis',(1.,0.,0.));
#4778=DIRECTION('center_axis',(0.,1.,0.));
#4779=DIRECTION('ref_axis',(1.,0.,0.));
#4780=DIRECTION('center_axis',(0.,1.,0.));
#4781=DIRECTION('ref_axis',(1.,0.,0.));
#4782=DIRECTION('center_axis',(0.,1.,0.));
#4783=DIRECTION('ref_axis',(1.,0.,0.));
#4784=DIRECTION('center_axis',(0.,1.,0.));
#4785=DIRECTION('ref_axis',(1.,0.,0.));
#4786=DIRECTION('center_axis',(0.,1.,0.));
#4787=DIRECTION('ref_axis',(1.,0.,0.));
#4788=DIRECTION('center_axis',(0.,1.,0.));
#4789=DIRECTION('ref_axis',(1.,0.,0.));
#4790=DIRECTION('center_axis',(0.,1.,0.));
#4791=DIRECTION('ref_axis',(1.,0.,0.));
#4792=DIRECTION('',(0.5,0.,0.866025403784439));
#4793=DIRECTION('center_axis',(0.,1.,0.));
#4794=DIRECTION('ref_axis',(1.,0.,0.));
#4795=DIRECTION('center_axis',(0.,-1.,0.));
#4796=DIRECTION('ref_axis',(1.,0.,0.));
#4797=DIRECTION('center_axis',(0.,-1.,0.));
#4798=DIRECTION('ref_axis',(1.,0.,0.));
#4799=DIRECTION('',(0.,-1.,0.));
#4800=DIRECTION('center_axis',(-0.866025403784439,0.,0.5));
#4801=DIRECTION('ref_axis',(-0.5,0.,-0.866025403784439));
#4802=DIRECTION('',(-0.5,0.,-0.866025403784439));
#4803=DIRECTION('center_axis',(0.866025403784439,0.,-0.5));
#4804=DIRECTION('ref_axis',(0.5,0.,0.866025403784439));
#4805=DIRECTION('',(0.5,0.,0.866025403784439));
#4806=DIRECTION('center_axis',(0.,1.,0.));
#4807=DIRECTION('ref_axis',(1.,0.,0.));
#4808=DIRECTION('center_axis',(0.,0.,-1.));
#4809=DIRECTION('ref_axis',(1.,0.,0.));
#4810=DIRECTION('',(1.,0.,0.));
#4811=DIRECTION('center_axis',(0.,0.,1.));
#4812=DIRECTION('ref_axis',(-1.,0.,0.));
#4813=DIRECTION('',(-1.,0.,0.));
#4814=DIRECTION('center_axis',(0.,1.,0.));
#4815=DIRECTION('ref_axis',(1.,0.,0.));
#4816=DIRECTION('center_axis',(0.866025403784439,0.,0.5));
#4817=DIRECTION('ref_axis',(-0.5,0.,0.866025403784439));
#4818=DIRECTION('',(-0.5,0.,0.866025403784439));
#4819=DIRECTION('center_axis',(-0.866025403784439,0.,-0.5));
#4820=DIRECTION('ref_axis',(0.5,0.,-0.866025403784439));
#4821=DIRECTION('',(0.5,0.,-0.866025403784439));
#4822=DIRECTION('center_axis',(0.,1.,0.));
#4823=DIRECTION('ref_axis',(1.,0.,0.));
#4824=DIRECTION('center_axis',(0.,-1.,0.));
#4825=DIRECTION('ref_axis',(0.,0.,-1.));
#4826=DIRECTION('',(0.5,0.,-0.866025403784438));
#4827=DIRECTION('',(-0.5,0.,0.866025403784438));
#4828=DIRECTION('center_axis',(0.,1.,0.));
#4829=DIRECTION('ref_axis',(1.,0.,0.));
#4830=DIRECTION('',(0.5,0.,-0.866025403784438));
#4831=DIRECTION('center_axis',(0.,-1.,0.));
#4832=DIRECTION('ref_axis',(1.,0.,0.));
#4833=DIRECTION('center_axis',(0.,-1.,0.));
#4834=DIRECTION('ref_axis',(1.,0.,0.));
#4835=DIRECTION('center_axis',(0.,-1.,0.));
#4836=DIRECTION('ref_axis',(1.,0.,0.));
#4837=DIRECTION('center_axis',(0.,1.,0.));
#4838=DIRECTION('ref_axis',(1.,0.,0.));
#4839=DIRECTION('center_axis',(0.,-1.,0.));
#4840=DIRECTION('ref_axis',(1.,0.,0.));
#4841=DIRECTION('center_axis',(0.,1.,0.));
#4842=DIRECTION('ref_axis',(1.,0.,0.));
#4843=DIRECTION('center_axis',(0.,1.,0.));
#4844=DIRECTION('ref_axis',(1.,0.,0.));
#4845=DIRECTION('',(-0.5,0.,0.866025403784438));
#4846=DIRECTION('center_axis',(0.,1.,0.));
#4847=DIRECTION('ref_axis',(1.,0.,0.));
#4848=DIRECTION('center_axis',(0.,-1.,0.));
#4849=DIRECTION('ref_axis',(1.,0.,0.));
#4850=DIRECTION('center_axis',(0.,1.,0.));
#4851=DIRECTION('ref_axis',(1.,0.,0.));
#4852=DIRECTION('center_axis',(0.,-1.,0.));
#4853=DIRECTION('ref_axis',(1.,0.,0.));
#4854=DIRECTION('center_axis',(0.,-1.,0.));
#4855=DIRECTION('ref_axis',(1.,0.,0.));
#4856=DIRECTION('center_axis',(0.,-1.,0.));
#4857=DIRECTION('ref_axis',(1.,0.,0.));
#4858=DIRECTION('center_axis',(0.,-1.,0.));
#4859=DIRECTION('ref_axis',(1.,0.,0.));
#4860=DIRECTION('',(0.,-1.,0.));
#4861=DIRECTION('',(0.,-1.,0.));
#4862=DIRECTION('center_axis',(0.,-1.,0.));
#4863=DIRECTION('ref_axis',(1.,0.,0.));
#4864=DIRECTION('',(0.,-1.,0.));
#4865=DIRECTION('center_axis',(0.,-1.,0.));
#4866=DIRECTION('ref_axis',(1.,0.,0.));
#4867=DIRECTION('center_axis',(0.,-1.,0.));
#4868=DIRECTION('ref_axis',(1.,0.,0.));
#4869=DIRECTION('',(0.,-1.,0.));
#4870=DIRECTION('center_axis',(0.,-1.,0.));
#4871=DIRECTION('ref_axis',(1.,0.,0.));
#4872=DIRECTION('',(0.,-1.,0.));
#4873=DIRECTION('center_axis',(0.,-1.,0.));
#4874=DIRECTION('ref_axis',(1.,0.,0.));
#4875=DIRECTION('',(0.,-1.,0.));
#4876=DIRECTION('center_axis',(0.,-1.,0.));
#4877=DIRECTION('ref_axis',(1.,0.,0.));
#4878=DIRECTION('',(0.,-1.,0.));
#4879=DIRECTION('',(0.,-1.,0.));
#4880=DIRECTION('center_axis',(0.,-1.,0.));
#4881=DIRECTION('ref_axis',(-0.866025403784439,0.,0.5));
#4882=DIRECTION('',(0.,-1.,0.));
#4883=DIRECTION('center_axis',(0.,-1.,0.));
#4884=DIRECTION('ref_axis',(1.,0.,0.));
#4885=DIRECTION('center_axis',(0.,-1.,0.));
#4886=DIRECTION('ref_axis',(1.,0.,0.));
#4887=DIRECTION('',(0.,-1.,0.));
#4888=DIRECTION('center_axis',(0.,-1.,0.));
#4889=DIRECTION('ref_axis',(1.,0.,0.));
#4890=DIRECTION('',(0.,-1.,0.));
#4891=DIRECTION('center_axis',(0.,-1.,0.));
#4892=DIRECTION('ref_axis',(1.,0.,0.));
#4893=DIRECTION('',(0.,-1.,0.));
#4894=DIRECTION('center_axis',(0.866025403784438,0.,0.5));
#4895=DIRECTION('ref_axis',(-0.5,0.,0.866025403784438));
#4896=DIRECTION('center_axis',(-0.866025403784439,0.,-0.5));
#4897=DIRECTION('ref_axis',(0.5,0.,-0.866025403784438));
#4898=DIRECTION('center_axis',(0.866025403784439,0.,-0.5));
#4899=DIRECTION('ref_axis',(0.5,0.,0.866025403784439));
#4900=DIRECTION('',(0.,-1.,0.));
#4901=DIRECTION('center_axis',(0.,-1.,0.));
#4902=DIRECTION('ref_axis',(1.,0.,0.));
#4903=DIRECTION('',(0.,-1.,0.));
#4904=DIRECTION('center_axis',(0.,-1.,0.));
#4905=DIRECTION('ref_axis',(-0.866025403784439,0.,-0.5));
#4906=DIRECTION('',(0.,-1.,0.));
#4907=DIRECTION('center_axis',(0.,-1.,0.));
#4908=DIRECTION('ref_axis',(1.,0.,0.));
#4909=DIRECTION('center_axis',(0.,-1.,0.));
#4910=DIRECTION('ref_axis',(1.,0.,0.));
#4911=DIRECTION('',(0.,-1.,0.));
#4912=DIRECTION('center_axis',(0.,-1.,0.));
#4913=DIRECTION('ref_axis',(1.,0.,0.));
#4914=DIRECTION('',(0.,-1.,0.));
#4915=DIRECTION('center_axis',(0.,-1.,0.));
#4916=DIRECTION('ref_axis',(1.,0.,0.));
#4917=DIRECTION('center_axis',(0.,-1.,0.));
#4918=DIRECTION('ref_axis',(1.,0.,0.));
#4919=DIRECTION('',(0.,-1.,0.));
#4920=DIRECTION('center_axis',(0.,-1.,0.));
#4921=DIRECTION('ref_axis',(1.,0.,0.));
#4922=DIRECTION('',(0.,-1.,0.));
#4923=DIRECTION('center_axis',(0.,-1.,0.));
#4924=DIRECTION('ref_axis',(1.,0.,0.));
#4925=DIRECTION('center_axis',(0.,-1.,0.));
#4926=DIRECTION('ref_axis',(1.,0.,0.));
#4927=DIRECTION('',(0.,-1.,0.));
#4928=DIRECTION('center_axis',(0.,-1.,0.));
#4929=DIRECTION('ref_axis',(1.,0.,0.));
#4930=DIRECTION('',(0.,-1.,0.));
#4931=DIRECTION('center_axis',(0.,-1.,0.));
#4932=DIRECTION('ref_axis',(1.,0.,0.));
#4933=DIRECTION('',(0.,-1.,0.));
#4934=DIRECTION('center_axis',(-0.866025403784439,0.,0.5));
#4935=DIRECTION('ref_axis',(-0.5,0.,-0.866025403784439));
#4936=DIRECTION('center_axis',(1.30599060100204E-17,0.,-1.));
#4937=DIRECTION('ref_axis',(1.,0.,1.30599060100204E-17));
#4938=DIRECTION('',(0.,-1.,0.));
#4939=DIRECTION('center_axis',(0.,-1.,0.));
#4940=DIRECTION('ref_axis',(1.,0.,0.));
#4941=DIRECTION('',(0.,-1.,0.));
#4942=DIRECTION('center_axis',(0.,-1.,0.));
#4943=DIRECTION('ref_axis',(-0.866025403784439,0.,-0.5));
#4944=DIRECTION('',(0.,-1.,0.));
#4945=DIRECTION('center_axis',(0.,-1.,0.));
#4946=DIRECTION('ref_axis',(1.,0.,0.));
#4947=DIRECTION('center_axis',(0.,-1.,0.));
#4948=DIRECTION('ref_axis',(1.,0.,0.));
#4949=DIRECTION('',(0.,-1.,0.));
#4950=DIRECTION('center_axis',(0.,-1.,0.));
#4951=DIRECTION('ref_axis',(1.,0.,0.));
#4952=DIRECTION('',(0.,-1.,0.));
#4953=DIRECTION('center_axis',(0.,-1.,0.));
#4954=DIRECTION('ref_axis',(1.,0.,0.));
#4955=DIRECTION('center_axis',(0.,-1.,0.));
#4956=DIRECTION('ref_axis',(1.,0.,0.));
#4957=DIRECTION('',(0.,-1.,0.));
#4958=DIRECTION('center_axis',(0.,-1.,0.));
#4959=DIRECTION('ref_axis',(-0.866025403784439,0.,0.5));
#4960=DIRECTION('',(0.,-1.,0.));
#4961=DIRECTION('center_axis',(0.,-1.,0.));
#4962=DIRECTION('ref_axis',(1.,0.,0.));
#4963=DIRECTION('center_axis',(0.,-1.,0.));
#4964=DIRECTION('ref_axis',(1.,0.,0.));
#4965=DIRECTION('',(0.,1.,0.));
#4966=DIRECTION('center_axis',(0.,-1.,0.));
#4967=DIRECTION('ref_axis',(1.,0.,0.));
#4968=DIRECTION('',(0.,-1.,0.));
#4969=DIRECTION('center_axis',(0.,-1.,0.));
#4970=DIRECTION('ref_axis',(1.,0.,0.));
#4971=DIRECTION('',(0.,-1.,0.));
#4972=DIRECTION('center_axis',(0.,0.,1.));
#4973=DIRECTION('ref_axis',(-1.,0.,0.));
#4974=DIRECTION('center_axis',(1.,0.,0.));
#4975=DIRECTION('ref_axis',(0.,0.,1.));
#4976=DIRECTION('',(0.,0.,1.));
#4977=DIRECTION('center_axis',(0.,1.,0.));
#4978=DIRECTION('ref_axis',(1.,0.,0.));
#4979=DIRECTION('center_axis',(0.,1.,0.));
#4980=DIRECTION('ref_axis',(1.,0.,0.));
#4981=DIRECTION('',(0.766044443118979,0.,-0.642787609686538));
#4982=DIRECTION('',(0.,0.,1.));
#4983=DIRECTION('center_axis',(1.,0.,0.));
#4984=DIRECTION('ref_axis',(0.,0.,-1.));
#4985=DIRECTION('center_axis',(0.,-1.,0.));
#4986=DIRECTION('ref_axis',(1.,0.,0.));
#4987=DIRECTION('center_axis',(0.,-1.,0.));
#4988=DIRECTION('ref_axis',(1.,0.,0.));
#4989=DIRECTION('center_axis',(0.642787609686538,0.,0.766044443118979));
#4990=DIRECTION('ref_axis',(0.766044443118979,0.,-0.642787609686538));
#4991=DIRECTION('center_axis',(0.,1.,0.));
#4992=DIRECTION('ref_axis',(1.,0.,0.));
#4993=DIRECTION('center_axis',(0.,1.,0.));
#4994=DIRECTION('ref_axis',(1.,0.,0.));
#4995=DIRECTION('center_axis',(-1.,0.,0.));
#4996=DIRECTION('ref_axis',(0.,0.,-1.));
#4997=DIRECTION('center_axis',(3.22973970800045E-15,0.,1.));
#4998=DIRECTION('ref_axis',(-1.,0.,3.22973970800045E-15));
#4999=CARTESIAN_POINT('',(0.,0.,0.));
#5000=CARTESIAN_POINT('Origin',(45.,14.2,21.4));
#5001=CARTESIAN_POINT('',(45.,9.7,22.4));
#5002=CARTESIAN_POINT('',(46.,9.7,21.4));
#5003=CARTESIAN_POINT('Origin',(45.,9.7,21.4));
#5004=CARTESIAN_POINT('',(46.,14.2,21.4));
#5005=CARTESIAN_POINT('',(46.,14.2,21.4));
#5006=CARTESIAN_POINT('',(45.,14.2,22.4));
#5007=CARTESIAN_POINT('Origin',(45.,14.2,21.4));
#5008=CARTESIAN_POINT('',(45.,14.2,22.4));
#5009=CARTESIAN_POINT('Origin',(46.,14.2,7.5));
#5010=CARTESIAN_POINT('',(46.,9.7,9.));
#5011=CARTESIAN_POINT('',(46.,9.7,22.4));
#5012=CARTESIAN_POINT('',(46.,14.2,9.));
#5013=CARTESIAN_POINT('',(46.,11.95,9.));
#5014=CARTESIAN_POINT('',(46.,14.2,22.4));
#5015=CARTESIAN_POINT('Origin',(5.25,9.7,0.));
#5016=CARTESIAN_POINT('',(40.5,9.7,22.4));
#5017=CARTESIAN_POINT('',(40.5,9.7,22.4));
#5018=CARTESIAN_POINT('',(40.5,9.7,21.4));
#5019=CARTESIAN_POINT('',(40.5,9.7,13.7));
#5020=CARTESIAN_POINT('',(42.5,9.7,21.4));
#5021=CARTESIAN_POINT('',(22.875,9.7,21.4));
#5022=CARTESIAN_POINT('',(45.,9.7,18.9));
#5023=CARTESIAN_POINT('Origin',(42.5,9.7,18.9));
#5024=CARTESIAN_POINT('',(45.,9.7,7.5));
#5025=CARTESIAN_POINT('',(45.,9.7,-3.75));
#5026=CARTESIAN_POINT('',(47.5,9.7,7.5));
#5027=CARTESIAN_POINT('',(27.875,9.7,7.5));
#5028=CARTESIAN_POINT('Origin',(47.5,9.7,9.));
#5029=CARTESIAN_POINT('Origin',(39.5,14.2,26.4));
#5030=CARTESIAN_POINT('',(40.5,14.2,26.4));
#5031=CARTESIAN_POINT('',(39.5,14.2,27.4));
#5032=CARTESIAN_POINT('Origin',(39.5,14.2,26.4));
#5033=CARTESIAN_POINT('',(39.5,1.7,27.4));
#5034=CARTESIAN_POINT('',(39.5,14.2,27.4));
#5035=CARTESIAN_POINT('',(40.5,1.7,26.4));
#5036=CARTESIAN_POINT('Origin',(39.5,1.7,26.4));
#5037=CARTESIAN_POINT('',(40.5,14.2,26.4));
#5038=CARTESIAN_POINT('Origin',(34.,1.7,26.4));
#5039=CARTESIAN_POINT('',(28.5,1.7,27.4));
#5040=CARTESIAN_POINT('',(27.5,1.7,26.4));
#5041=CARTESIAN_POINT('Origin',(28.5,1.7,26.4));
#5042=CARTESIAN_POINT('Origin',(34.,1.7,26.4));
#5043=CARTESIAN_POINT('Origin',(34.,1.7,27.4));
#5044=CARTESIAN_POINT('Origin',(28.5,14.2,26.4));
#5045=CARTESIAN_POINT('',(28.5,14.2,27.4));
#5046=CARTESIAN_POINT('',(27.5,14.2,26.4));
#5047=CARTESIAN_POINT('Origin',(28.5,14.2,26.4));
#5048=CARTESIAN_POINT('',(27.5,14.2,26.4));
#5049=CARTESIAN_POINT('',(28.5,14.2,27.4));
#5050=CARTESIAN_POINT('Origin',(40.5,14.2,27.4));
#5051=CARTESIAN_POINT('',(27.5,14.2,27.4));
#5052=CARTESIAN_POINT('Origin',(5.25,14.2,0.));
#5053=CARTESIAN_POINT('',(47.5,14.2,7.5));
#5054=CARTESIAN_POINT('Origin',(47.5,14.2,9.));
#5055=CARTESIAN_POINT('',(49.,14.2,7.5));
#5056=CARTESIAN_POINT('',(26.2317266395586,14.2,7.5));
#5057=CARTESIAN_POINT('',(50.5,14.2,6.));
#5058=CARTESIAN_POINT('Origin',(49.,14.2,6.));
#5059=CARTESIAN_POINT('',(50.5,14.2,-6.));
#5060=CARTESIAN_POINT('',(50.5,14.2,3.75));
#5061=CARTESIAN_POINT('',(49.,14.2,-7.5));
#5062=CARTESIAN_POINT('Origin',(49.,14.2,-6.));
#5063=CARTESIAN_POINT('',(47.5,14.2,-7.5));
#5064=CARTESIAN_POINT('',(28.9817266395586,14.2,-7.5));
#5065=CARTESIAN_POINT('',(46.,14.2,-9.));
#5066=CARTESIAN_POINT('Origin',(47.5,14.2,-9.));
#5067=CARTESIAN_POINT('',(46.,14.2,-33.6));
#5068=CARTESIAN_POINT('',(46.,14.2,-7.5));
#5069=CARTESIAN_POINT('',(42.4029756634183,14.2,-33.6));
#5070=CARTESIAN_POINT('',(2.50000000000001,14.2,-33.6));
#5071=CARTESIAN_POINT('',(42.4029756634183,14.2,-25.6));
#5072=CARTESIAN_POINT('',(42.4029756634183,14.2,-33.6));
#5073=CARTESIAN_POINT('',(25.1900681304476,14.2,-25.6));
#5074=CARTESIAN_POINT('',(19.625,14.2,-25.6));
#5075=CARTESIAN_POINT('',(25.1900681304476,14.2,-33.6));
#5076=CARTESIAN_POINT('',(25.1900681304476,14.2,-33.6));
#5077=CARTESIAN_POINT('',(7.00722318841576,14.2,-33.6));
#5078=CARTESIAN_POINT('',(2.50000000000001,14.2,-33.6));
#5079=CARTESIAN_POINT('',(5.88221203579485,14.2,-34.6));
#5080=CARTESIAN_POINT('Ctrl Pts',(7.00722318841576,14.2,-33.6));
#5081=CARTESIAN_POINT('Ctrl Pts',(6.8626306227069,14.2,-33.6));
#5082=CARTESIAN_POINT('Ctrl Pts',(6.69190474753451,14.2,-33.630964011861));
#5083=CARTESIAN_POINT('Ctrl Pts',(6.43056321965482,14.2,-33.7320018510103));
#5084=CARTESIAN_POINT('Ctrl Pts',(6.29176156502579,14.2,-33.8169254298202));
#5085=CARTESIAN_POINT('Ctrl Pts',(6.10040721739093,14.2,-33.9954071580045));
#5086=CARTESIAN_POINT('Ctrl Pts',(6.01138108043771,14.2,-34.1177255927419));
#5087=CARTESIAN_POINT('Ctrl Pts',(5.91232625709199,14.2,-34.3417303144044));
#5088=CARTESIAN_POINT('Ctrl Pts',(5.88221203579485,14.2,-34.4811431565803));
#5089=CARTESIAN_POINT('Ctrl Pts',(5.88221203579485,14.2,-34.6));
#5090=CARTESIAN_POINT('',(5.88221203579485,14.2,-35.0092785067895));
#5091=CARTESIAN_POINT('',(5.88221203579485,14.2,-33.6));
#5092=CARTESIAN_POINT('',(-21.026821784959,14.2,-28.6028454113148));
#5093=CARTESIAN_POINT('Origin',(0.,14.2,0.));
#5094=CARTESIAN_POINT('',(-22.8794604580082,14.2,-28.6623496795088));
#5095=CARTESIAN_POINT('Origin',(-21.9152790434784,14.2,-29.8114163441873));
#5096=CARTESIAN_POINT('',(-25.2762293836901,14.2,-30.6734776010657));
#5097=CARTESIAN_POINT('',(-6.46063381499148,14.2,-14.8853182989898));
#5098=CARTESIAN_POINT('',(-27.2368820943549,14.2,-30.6455910985286));
#5099=CARTESIAN_POINT('Origin',(-26.2404107982199,14.2,-29.5244109363873));
#5100=CARTESIAN_POINT('',(-34.9096506504866,14.2,-21.5015416066147));
#5101=CARTESIAN_POINT('Origin',(0.,14.2,0.));
#5102=CARTESIAN_POINT('',(-34.5966497241449,14.2,-19.5658331758405));
#5103=CARTESIAN_POINT('Origin',(-33.6324683096151,14.2,-20.714899840519));
#5104=CARTESIAN_POINT('',(-32.199880798463,14.2,-17.5547052542837));
#5105=CARTESIAN_POINT('',(-17.926784720962,14.2,-5.57815559989467));
#5106=CARTESIAN_POINT('',(-31.819573204358,14.2,-15.7405451332698));
#5107=CARTESIAN_POINT('Origin',(-33.1640622129928,14.2,-16.4056385896052));
#5108=CARTESIAN_POINT('',(-31.819573204358,14.2,15.7405451332698));
#5109=CARTESIAN_POINT('Origin',(0.,14.2,0.));
#5110=CARTESIAN_POINT('',(-32.199880798463,14.2,17.5547052542837));
#5111=CARTESIAN_POINT('Origin',(-33.1640622129928,14.2,16.4056385896052));
#5112=CARTESIAN_POINT('',(-34.5966497241449,14.2,19.5658331758405));
#5113=CARTESIAN_POINT('',(-15.7810541554463,14.2,3.77767387376461));
#5114=CARTESIAN_POINT('',(-34.9096506504866,14.2,21.5015416066147));
#5115=CARTESIAN_POINT('Origin',(-33.6324683096151,14.2,20.714899840519));
#5116=CARTESIAN_POINT('',(-27.2368820943549,14.2,30.6455910985285));
#5117=CARTESIAN_POINT('Origin',(0.,14.2,0.));
#5118=CARTESIAN_POINT('',(-25.2762293836901,14.2,30.6734776010657));
#5119=CARTESIAN_POINT('Origin',(-26.2404107982199,14.2,29.5244109363873));
#5120=CARTESIAN_POINT('',(-22.8794604580082,14.2,28.6623496795088));
#5121=CARTESIAN_POINT('',(-8.60636438050712,14.2,16.6858000251199));
#5122=CARTESIAN_POINT('',(-21.026821784959,14.2,28.6028454113148));
#5123=CARTESIAN_POINT('Origin',(-21.9152790434784,14.2,29.8114163441873));
#5124=CARTESIAN_POINT('',(27.5,14.2,22.4499443206437));
#5125=CARTESIAN_POINT('Origin',(0.,14.2,0.));
#5126=CARTESIAN_POINT('',(27.5,14.2,21.4));
#5127=CARTESIAN_POINT('',(40.5,14.2,22.4));
#5128=CARTESIAN_POINT('',(40.5,14.2,27.4));
#5129=CARTESIAN_POINT('',(40.5,14.2,22.4));
#5130=CARTESIAN_POINT('',(-29.0496888922124,14.2,-26.9752425126994));
#5131=CARTESIAN_POINT('Origin',(-26.0496888922124,14.2,-26.9752425126994));
#5132=CARTESIAN_POINT('',(-29.0496888922124,14.2,26.9752425126994));
#5133=CARTESIAN_POINT('Origin',(-26.0496888922124,14.2,26.9752425126994));
#5134=CARTESIAN_POINT('',(44.,14.2,4.));
#5135=CARTESIAN_POINT('Origin',(47.,14.2,4.));
#5136=CARTESIAN_POINT('Origin',(-26.0496888922124,15.2,-26.9752425126994));
#5137=CARTESIAN_POINT('',(-26.0496888922124,16.2,-28.9752425126994));
#5138=CARTESIAN_POINT('Origin',(-26.0496888922124,16.2,-26.9752425126994));
#5139=CARTESIAN_POINT('',(-26.0496888922124,15.2,-29.9752425126994));
#5140=CARTESIAN_POINT('Origin',(-26.0496888922124,15.2,-28.9752425126994));
#5141=CARTESIAN_POINT('',(-29.0496888922124,15.2,-26.9752425126994));
#5142=CARTESIAN_POINT('Origin',(-26.0496888922124,15.2,-26.9752425126994));
#5143=CARTESIAN_POINT('Origin',(-26.0496888922124,15.2,-26.9752425126994));
#5144=CARTESIAN_POINT('Origin',(-26.0496888922124,14.2,-26.9752425126994));
#5145=CARTESIAN_POINT('',(-29.0496888922124,14.2,-26.9752425126994));
#5146=CARTESIAN_POINT('Origin',(10.4751555538938,16.2,0.));
#5147=CARTESIAN_POINT('Origin',(-26.0496888922124,15.2,26.9752425126994));
#5148=CARTESIAN_POINT('',(-26.0496888922124,16.2,24.9752425126994));
#5149=CARTESIAN_POINT('Origin',(-26.0496888922124,16.2,26.9752425126994));
#5150=CARTESIAN_POINT('',(-26.0496888922124,15.2,23.9752425126994));
#5151=CARTESIAN_POINT('Origin',(-26.0496888922124,15.2,24.9752425126994));
#5152=CARTESIAN_POINT('',(-29.0496888922124,15.2,26.9752425126994));
#5153=CARTESIAN_POINT('Origin',(-26.0496888922124,15.2,26.9752425126994));
#5154=CARTESIAN_POINT('Origin',(-26.0496888922124,15.2,26.9752425126994));
#5155=CARTESIAN_POINT('Origin',(-26.0496888922124,14.2,26.9752425126994));
#5156=CARTESIAN_POINT('',(-29.0496888922124,14.2,26.9752425126994));
#5157=CARTESIAN_POINT('Origin',(10.4751555538938,16.2,0.));
#5158=CARTESIAN_POINT('Origin',(47.,15.2,4.));
#5159=CARTESIAN_POINT('',(47.,16.2,2.));
#5160=CARTESIAN_POINT('Origin',(47.,16.2,4.));
#5161=CARTESIAN_POINT('',(47.,15.2,1.));
#5162=CARTESIAN_POINT('Origin',(47.,15.2,2.));
#5163=CARTESIAN_POINT('',(44.,15.2,4.));
#5164=CARTESIAN_POINT('Origin',(47.,15.2,4.));
#5165=CARTESIAN_POINT('Origin',(47.,15.2,4.));
#5166=CARTESIAN_POINT('Origin',(47.,14.2,4.));
#5167=CARTESIAN_POINT('',(44.,14.2,4.));
#5168=CARTESIAN_POINT('Origin',(10.4751555538938,16.2,0.));
#5169=CARTESIAN_POINT('Origin',(0.,-11.8,0.));
#5170=CARTESIAN_POINT('',(17.2564227598109,-14.3,26.8890009768805));
#5171=CARTESIAN_POINT('',(18.5077023478542,-11.8,29.0562807978453));
#5172=CARTESIAN_POINT('Ctrl Pts',(17.2564227598109,-14.3,26.8890009768805));
#5173=CARTESIAN_POINT('Ctrl Pts',(17.4109081785161,-14.3,27.1565775711063));
#5174=CARTESIAN_POINT('Ctrl Pts',(17.5927344030074,-14.227725625553,27.4715098300738));
#5175=CARTESIAN_POINT('Ctrl Pts',(17.8781237089171,-13.9914413961344,27.9658186078461));
#5176=CARTESIAN_POINT('Ctrl Pts',(18.0322054229765,-13.7856892875694,28.2326959651144));
#5177=CARTESIAN_POINT('Ctrl Pts',(18.2505420774919,-13.349272978728,28.6108661438896));
#5178=CARTESIAN_POINT('Ctrl Pts',(18.3534576808844,-13.0414455752987,28.7891211978571));
#5179=CARTESIAN_POINT('Ctrl Pts',(18.4715748550308,-12.4714376941859,28.9937061447251));
#5180=CARTESIAN_POINT('Ctrl Pts',(18.5077023478542,-12.108435894539,29.0562807978453));
#5181=CARTESIAN_POINT('Ctrl Pts',(18.5077023478542,-11.8,29.0562807978453));
#5182=CARTESIAN_POINT('',(15.9096261365009,-11.8,30.5562807978453));
#5183=CARTESIAN_POINT('Origin',(0.,-11.8,0.));
#5184=CARTESIAN_POINT('',(14.6583465484576,-14.3,28.3890009768805));
#5185=CARTESIAN_POINT('Ctrl Pts',(15.9096261365009,-11.8,30.5562807978453));
#5186=CARTESIAN_POINT('Ctrl Pts',(15.9096261365009,-12.108435894539,30.5562807978453));
#5187=CARTESIAN_POINT('Ctrl Pts',(15.8734986436775,-12.4714376941859,30.4937061447251));
#5188=CARTESIAN_POINT('Ctrl Pts',(15.7553814695311,-13.0414455752987,30.2891211978571));
#5189=CARTESIAN_POINT('Ctrl Pts',(15.6524658661386,-13.349272978728,30.1108661438896));
#5190=CARTESIAN_POINT('Ctrl Pts',(15.4341292116232,-13.7856892875694,29.7326959651144));
#5191=CARTESIAN_POINT('Ctrl Pts',(15.2800474975637,-13.9914413961344,29.4658186078461));
#5192=CARTESIAN_POINT('Ctrl Pts',(14.9946581916541,-14.227725625553,28.9715098300738));
#5193=CARTESIAN_POINT('Ctrl Pts',(14.8128319671627,-14.3,28.6565775711063));
#5194=CARTESIAN_POINT('Ctrl Pts',(14.6583465484576,-14.3,28.3890009768805));
#5195=CARTESIAN_POINT('Origin',(0.,-14.3,0.));
#5196=CARTESIAN_POINT('Origin',(14.4025920129188,0.,21.946021127061));
#5197=CARTESIAN_POINT('',(14.4025920129188,-14.3,21.946021127061));
#5198=CARTESIAN_POINT('',(18.5077023478542,-14.3,29.0562807978453));
#5199=CARTESIAN_POINT('',(14.4025920129188,-10.3,21.946021127061));
#5200=CARTESIAN_POINT('',(14.4025920129188,0.,21.946021127061));
#5201=CARTESIAN_POINT('',(17.2564227598109,-10.3,26.8890009768805));
#5202=CARTESIAN_POINT('',(8.51019005929771,-10.3,11.7400815647712));
#5203=CARTESIAN_POINT('',(18.5077023478542,-7.8,29.0562807978453));
#5204=CARTESIAN_POINT('Ctrl Pts',(17.2564227598109,-10.3,26.8890009768805));
#5205=CARTESIAN_POINT('Ctrl Pts',(17.4109081785161,-10.3,27.1565775711063));
#5206=CARTESIAN_POINT('Ctrl Pts',(17.5927344030074,-10.2277256255529,27.4715098300738));
#5207=CARTESIAN_POINT('Ctrl Pts',(17.8781237089171,-9.99144139613439,27.9658186078461));
#5208=CARTESIAN_POINT('Ctrl Pts',(18.0322054229765,-9.78568928756942,28.2326959651144));
#5209=CARTESIAN_POINT('Ctrl Pts',(18.2505420774919,-9.34927297872802,28.6108661438896));
#5210=CARTESIAN_POINT('Ctrl Pts',(18.3534576808844,-9.04144557529872,28.7891211978571));
#5211=CARTESIAN_POINT('Ctrl Pts',(18.4715748550308,-8.47143769418592,28.9937061447251));
#5212=CARTESIAN_POINT('Ctrl Pts',(18.5077023478542,-8.10843589453901,29.0562807978453));
#5213=CARTESIAN_POINT('Ctrl Pts',(18.5077023478542,-7.8,29.0562807978453));
#5214=CARTESIAN_POINT('',(18.5077023478542,0.,29.0562807978453));
#5215=CARTESIAN_POINT('Origin',(9.17267969772838,-14.3,18.412873589021));
#5216=CARTESIAN_POINT('',(11.8045158015654,-14.3,23.446021127061));
#5217=CARTESIAN_POINT('',(15.9096261365009,-14.3,30.5562807978453));
#5218=CARTESIAN_POINT('',(2.65532826248212,-14.3,26.1153543307087));
#5219=CARTESIAN_POINT('Origin',(0.,-14.3,0.));
#5220=CARTESIAN_POINT('',(-2.65532826248213,-14.3,26.1153543307087));
#5221=CARTESIAN_POINT('Origin',(-3.11060286983428E-15,-14.3,25.4));
#5222=CARTESIAN_POINT('',(-7.08717013210229,-14.3,25.2751759542567));
#5223=CARTESIAN_POINT('Origin',(0.,-14.3,0.));
#5224=CARTESIAN_POINT('',(-6.41260883082912,-14.3,23.6458970644544));
#5225=CARTESIAN_POINT('Origin',(-12.7,-14.3,21.9970452561247));
#5226=CARTESIAN_POINT('',(-2.54864073661675,-14.3,24.3670767716535));
#5227=CARTESIAN_POINT('Origin',(0.,-14.3,0.));
#5228=CARTESIAN_POINT('',(2.54864073661674,-14.3,24.3670767716535));
#5229=CARTESIAN_POINT('Origin',(-3.11060286983428E-15,-14.3,25.4));
#5230=CARTESIAN_POINT('',(10.9279811549608,-14.3,21.9278185845474));
#5231=CARTESIAN_POINT('Origin',(0.,-14.3,0.));
#5232=CARTESIAN_POINT('',(9.29945824993907,-14.3,19.10713417176));
#5233=CARTESIAN_POINT('',(15.9096261365009,-14.3,30.5562807978453));
#5234=CARTESIAN_POINT('',(11.8975344612924,-14.3,17.60713417176));
#5235=CARTESIAN_POINT('Origin',(0.,-14.3,0.));
#5236=CARTESIAN_POINT('',(13.5260573663141,-14.3,20.4278185845474));
#5237=CARTESIAN_POINT('',(18.5077023478542,-14.3,29.0562807978453));
#5238=CARTESIAN_POINT('',(19.8281871319093,-14.3,14.3907260088568));
#5239=CARTESIAN_POINT('Origin',(0.,-14.3,0.));
#5240=CARTESIAN_POINT('',(22.376827868526,-14.3,9.9763507627968));
#5241=CARTESIAN_POINT('Origin',(21.9970452561247,-14.3,12.7));
#5242=CARTESIAN_POINT('',(23.6842519685039,-14.3,6.26946638019676));
#5243=CARTESIAN_POINT('Origin',(0.,-14.3,0.));
#5244=CARTESIAN_POINT('',(25.4325295275591,-14.3,6.49991860178547));
#5245=CARTESIAN_POINT('Origin',(25.4,-14.3,0.));
#5246=CARTESIAN_POINT('',(23.9442244104667,-14.3,10.758095434658));
#5247=CARTESIAN_POINT('Origin',(0.,-14.3,0.));
#5248=CARTESIAN_POINT('',(21.2888961479846,-14.3,15.3572588960507));
#5249=CARTESIAN_POINT('Origin',(21.9970452561247,-14.3,12.7));
#5250=CARTESIAN_POINT('Origin',(0.,-14.3,0.));
#5251=CARTESIAN_POINT('Origin',(0.,-11.8,0.));
#5252=CARTESIAN_POINT('',(-34.4173284843551,-11.8,-1.5));
#5253=CARTESIAN_POINT('',(-31.9147693082685,-14.3,-1.5));
#5254=CARTESIAN_POINT('Ctrl Pts',(-34.4173284843551,-11.8,-1.5));
#5255=CARTESIAN_POINT('Ctrl Pts',(-34.4173284843551,-12.108435894539,-1.5));
#5256=CARTESIAN_POINT('Ctrl Pts',(-34.3450734987083,-12.4714376941859,-1.5));
#5257=CARTESIAN_POINT('Ctrl Pts',(-34.1088391504156,-13.0414455752987,-1.5));
#5258=CARTESIAN_POINT('Ctrl Pts',(-33.9030079436305,-13.349272978728,-1.5));
#5259=CARTESIAN_POINT('Ctrl Pts',(-33.4663346345997,-13.7856892875694,-1.5));
#5260=CARTESIAN_POINT('Ctrl Pts',(-33.1581712064808,-13.9914413961344,-1.5));
#5261=CARTESIAN_POINT('Ctrl Pts',(-32.5873925946615,-14.227725625553,-1.5));
#5262=CARTESIAN_POINT('Ctrl Pts',(-32.2237401456788,-14.3,-1.5));
#5263=CARTESIAN_POINT('Ctrl Pts',(-31.9147693082685,-14.3,-1.5));
#5264=CARTESIAN_POINT('',(-31.9147693082685,-14.3,1.5));
#5265=CARTESIAN_POINT('Origin',(0.,-14.3,0.));
#5266=CARTESIAN_POINT('',(-34.4173284843551,-11.8,1.5));
#5267=CARTESIAN_POINT('Ctrl Pts',(-31.9147693082685,-14.3,1.5));
#5268=CARTESIAN_POINT('Ctrl Pts',(-32.2237401456788,-14.3,1.5));
#5269=CARTESIAN_POINT('Ctrl Pts',(-32.5873925946615,-14.227725625553,1.5));
#5270=CARTESIAN_POINT('Ctrl Pts',(-33.1581712064808,-13.9914413961344,1.5));
#5271=CARTESIAN_POINT('Ctrl Pts',(-33.4663346345997,-13.7856892875694,1.5));
#5272=CARTESIAN_POINT('Ctrl Pts',(-33.9030079436305,-13.349272978728,1.5));
#5273=CARTESIAN_POINT('Ctrl Pts',(-34.1088391504156,-13.0414455752987,1.5));
#5274=CARTESIAN_POINT('Ctrl Pts',(-34.3450734987083,-12.4714376941859,1.5));
#5275=CARTESIAN_POINT('Ctrl Pts',(-34.4173284843551,-12.108435894539,1.5));
#5276=CARTESIAN_POINT('Ctrl Pts',(-34.4173284843551,-11.8,1.5));
#5277=CARTESIAN_POINT('Origin',(0.,-11.8,0.));
#5278=CARTESIAN_POINT('Origin',(-26.2071078144842,0.,1.5));
#5279=CARTESIAN_POINT('',(-26.2071078144842,-14.3,1.5));
#5280=CARTESIAN_POINT('',(-34.4173284843551,-14.3,1.5));
#5281=CARTESIAN_POINT('',(-26.2071078144842,-10.3,1.5));
#5282=CARTESIAN_POINT('',(-26.2071078144842,0.,1.5));
#5283=CARTESIAN_POINT('',(-31.9147693082685,-10.3,1.5));
#5284=CARTESIAN_POINT('',(-10.4660539072421,-10.3,1.5));
#5285=CARTESIAN_POINT('',(-34.4173284843551,-7.8,1.5));
#5286=CARTESIAN_POINT('Ctrl Pts',(-31.9147693082685,-10.3,1.5));
#5287=CARTESIAN_POINT('Ctrl Pts',(-32.2237401456788,-10.3,1.5));
#5288=CARTESIAN_POINT('Ctrl Pts',(-32.5873925946615,-10.2277256255529,1.5));
#5289=CARTESIAN_POINT('Ctrl Pts',(-33.1581712064808,-9.9914413961344,1.5));
#5290=CARTESIAN_POINT('Ctrl Pts',(-33.4663346345997,-9.78568928756942,1.5));
#5291=CARTESIAN_POINT('Ctrl Pts',(-33.9030079436305,-9.34927297872802,1.5));
#5292=CARTESIAN_POINT('Ctrl Pts',(-34.1088391504156,-9.04144557529872,1.5));
#5293=CARTESIAN_POINT('Ctrl Pts',(-34.3450734987083,-8.47143769418593,1.5));
#5294=CARTESIAN_POINT('Ctrl Pts',(-34.4173284843551,-8.10843589453901,1.5));
#5295=CARTESIAN_POINT('Ctrl Pts',(-34.4173284843551,-7.8,1.5));
#5296=CARTESIAN_POINT('',(-34.4173284843551,0.,1.5));
#5297=CARTESIAN_POINT('Origin',(-23.8074102728408,-14.3,1.17833193796362));
#5298=CARTESIAN_POINT('',(-26.2071078144842,-14.3,-1.5));
#5299=CARTESIAN_POINT('',(-34.4173284843551,-14.3,-1.5));
#5300=CARTESIAN_POINT('',(-23.9442244104667,-14.3,-10.758095434658));
#5301=CARTESIAN_POINT('Origin',(0.,-14.3,0.));
#5302=CARTESIAN_POINT('',(-21.2888961479846,-14.3,-15.3572588960506));
#5303=CARTESIAN_POINT('Origin',(-21.9970452561247,-14.3,-12.7));
#5304=CARTESIAN_POINT('',(-18.3453593954568,-14.3,-18.7752573524713));
#5305=CARTESIAN_POINT('Origin',(0.,-14.3,0.));
#5306=CARTESIAN_POINT('',(-17.2716431376748,-14.3,-17.3764306842576));
#5307=CARTESIAN_POINT('Origin',(-12.7,-14.3,-21.9970452561247));
#5308=CARTESIAN_POINT('',(-19.8281871319093,-14.3,-14.3907260088568));
#5309=CARTESIAN_POINT('Origin',(0.,-14.3,0.));
#5310=CARTESIAN_POINT('',(-22.376827868526,-14.3,-9.97635076279679));
#5311=CARTESIAN_POINT('Origin',(-21.9970452561247,-14.3,-12.7));
#5312=CARTESIAN_POINT('',(-24.454038521275,-14.3,-1.5));
#5313=CARTESIAN_POINT('Origin',(0.,-14.3,0.));
#5314=CARTESIAN_POINT('',(-21.1969927112315,-14.3,-1.5));
#5315=CARTESIAN_POINT('',(-34.4173284843551,-14.3,-1.5));
#5316=CARTESIAN_POINT('',(-21.1969927112315,-14.3,1.5));
#5317=CARTESIAN_POINT('Origin',(0.,-14.3,0.));
#5318=CARTESIAN_POINT('',(-24.454038521275,-14.3,1.5));
#5319=CARTESIAN_POINT('',(-34.4173284843551,-14.3,1.5));
#5320=CARTESIAN_POINT('',(-22.376827868526,-14.3,9.97635076279678));
#5321=CARTESIAN_POINT('Origin',(0.,-14.3,0.));
#5322=CARTESIAN_POINT('',(-19.8281871319093,-14.3,14.3907260088568));
#5323=CARTESIAN_POINT('Origin',(-21.9970452561247,-14.3,12.7));
#5324=CARTESIAN_POINT('',(-17.2716431376748,-14.3,17.3764306842576));
#5325=CARTESIAN_POINT('Origin',(0.,-14.3,0.));
#5326=CARTESIAN_POINT('',(-18.3453593954568,-14.3,18.7752573524713));
#5327=CARTESIAN_POINT('Origin',(-12.7,-14.3,21.9970452561247));
#5328=CARTESIAN_POINT('',(-21.2888961479846,-14.3,15.3572588960506));
#5329=CARTESIAN_POINT('Origin',(0.,-14.3,0.));
#5330=CARTESIAN_POINT('',(-23.9442244104667,-14.3,10.758095434658));
#5331=CARTESIAN_POINT('Origin',(-21.9970452561247,-14.3,12.7));
#5332=CARTESIAN_POINT('Origin',(0.,-14.3,0.));
#5333=CARTESIAN_POINT('Origin',(0.,-7.8,0.));
#5334=CARTESIAN_POINT('',(3.53965608234388,-7.79999999999999,-34.2676718616647));
#5335=CARTESIAN_POINT('',(3.28278699073691,-10.3,-31.7809032214858));
#5336=CARTESIAN_POINT('Origin',(3.28278699073691,-7.8,-31.7809032214858));
#5337=CARTESIAN_POINT('',(-31.9147693082686,-10.3,-1.5));
#5338=CARTESIAN_POINT('Origin',(0.,-10.3,0.));
#5339=CARTESIAN_POINT('',(-34.4173284843551,-7.8,-1.49999999999998));
#5340=CARTESIAN_POINT('Ctrl Pts',(-34.4173284843551,-7.8,-1.5));
#5341=CARTESIAN_POINT('Ctrl Pts',(-34.4173284843551,-8.10843589453901,-1.5));
#5342=CARTESIAN_POINT('Ctrl Pts',(-34.3450734987083,-8.47143769418592,-1.5));
#5343=CARTESIAN_POINT('Ctrl Pts',(-34.1088391504156,-9.04144557529872,-1.5));
#5344=CARTESIAN_POINT('Ctrl Pts',(-33.9030079436305,-9.34927297872801,-1.5));
#5345=CARTESIAN_POINT('Ctrl Pts',(-33.4663346345997,-9.78568928756942,-1.5));
#5346=CARTESIAN_POINT('Ctrl Pts',(-33.1581712064808,-9.99144139613439,-1.5));
#5347=CARTESIAN_POINT('Ctrl Pts',(-32.5873925946615,-10.2277256255529,-1.5));
#5348=CARTESIAN_POINT('Ctrl Pts',(-32.2237401456788,-10.3,-1.5));
#5349=CARTESIAN_POINT('Ctrl Pts',(-31.9147693082686,-10.3,-1.5));
#5350=CARTESIAN_POINT('Origin',(0.,-7.8,0.));
#5351=CARTESIAN_POINT('Ctrl Pts',(3.53965608234389,-7.8,-34.2676718616647));
#5352=CARTESIAN_POINT('Ctrl Pts',(3.54123245656422,-7.80592472796823,-34.2675090311514));
#5353=CARTESIAN_POINT('Ctrl Pts',(3.54440000830122,-7.81781423168433,-34.2671816147871));
#5354=CARTESIAN_POINT('Ctrl Pts',(3.55077629833468,-7.84168982502784,-34.2665216804769));
#5355=CARTESIAN_POINT('Ctrl Pts',(3.56207689514004,-7.8838274520334,-34.2653494770793));
#5356=CARTESIAN_POINT('Ctrl Pts',(3.5978496090549,-8.01628286471759,-34.2616249591569));
#5357=CARTESIAN_POINT('Ctrl Pts',(3.6578501516679,-8.23241243511842,-34.2552851975554));
#5358=CARTESIAN_POINT('Ctrl Pts',(3.72136903421427,-8.45255947717061,-34.2484252200579));
#5359=CARTESIAN_POINT('Ctrl Pts',(3.73787877692983,-8.5084274310879,-34.2466168000429));
#5360=CARTESIAN_POINT('Ctrl Pts',(3.73787936764113,-8.50842510561821,-34.2466200005508));
#5361=CARTESIAN_POINT('Ctrl Pts',(3.53965608234389,-8.54799825085471,-34.2676718616647));
#5362=CARTESIAN_POINT('Ctrl Pts',(3.54097377703033,-8.55278853440854,-34.2656985115425));
#5363=CARTESIAN_POINT('Ctrl Pts',(3.54374056267426,-8.5623926965311,-34.2617748861913));
#5364=CARTESIAN_POINT('Ctrl Pts',(3.54967946641134,-8.58162763053672,-34.2539051188896));
#5365=CARTESIAN_POINT('Ctrl Pts',(3.56131063832803,-8.61543536931131,-34.2402288506468));
#5366=CARTESIAN_POINT('Ctrl Pts',(3.60422215893819,-8.72098955597617,-34.1987264945209));
#5367=CARTESIAN_POINT('Ctrl Pts',(3.70995014083337,-8.8886348719392,-34.1459636395778));
#5368=CARTESIAN_POINT('Ctrl Pts',(3.85847811673485,-9.05323964826437,-34.1491087557949));
#5369=CARTESIAN_POINT('Ctrl Pts',(3.90713468343567,-9.09456040432421,-34.2011291055528));
#5370=CARTESIAN_POINT('Ctrl Pts',(3.91004845138208,-9.09456040432421,-34.227825181124));
#5371=CARTESIAN_POINT('Ctrl Pts',(3.47512311362257,-9.84304101515871,-33.6429234270832));
#5372=CARTESIAN_POINT('Ctrl Pts',(3.48192975268902,-9.8444838860865,-33.6393847362882));
#5373=CARTESIAN_POINT('Ctrl Pts',(3.49573160792673,-9.8473692025452,-33.6324589133902));
#5374=CARTESIAN_POINT('Ctrl Pts',(3.52400062012123,-9.85313474112239,-33.6192496018926));
#5375=CARTESIAN_POINT('Ctrl Pts',(3.5754330166118,-9.86322017317701,-33.5980082101419));
#5376=CARTESIAN_POINT('Ctrl Pts',(3.74561730456005,-9.89442641883645,-33.5435170028801));
#5377=CARTESIAN_POINT('Ctrl Pts',(4.07054749750507,-9.94247801159402,-33.5364928876562));
#5378=CARTESIAN_POINT('Ctrl Pts',(4.46106314949604,-9.98812634929953,-33.7528785473786));
#5379=CARTESIAN_POINT('Ctrl Pts',(4.58651523147214,-9.99904855299857,-34.0158524137729));
#5380=CARTESIAN_POINT('Ctrl Pts',(4.6014150605146,-9.99904855299857,-34.1523653308724));
#5381=CARTESIAN_POINT('Ctrl Pts',(3.34042828010311,-10.3,-32.3389327994261));
#5382=CARTESIAN_POINT('Ctrl Pts',(3.35893149099906,-10.2999849018874,-32.3361802866203));
#5383=CARTESIAN_POINT('Ctrl Pts',(3.3960699557074,-10.2999601774423,-32.3311577204492));
#5384=CARTESIAN_POINT('Ctrl Pts',(3.47069710562488,-10.2999091058169,-32.3230230444833));
#5385=CARTESIAN_POINT('Ctrl Pts',(3.60246896050658,-10.2998294734147,-32.3140577096056));
#5386=CARTESIAN_POINT('Ctrl Pts',(4.01742458072247,-10.2996689447442,-32.3178612645376));
#5387=CARTESIAN_POINT('Ctrl Pts',(4.69621463157608,-10.2996786221619,-32.5088545503849));
#5388=CARTESIAN_POINT('Ctrl Pts',(5.40814676737571,-10.2995803757535,-33.1372573172976));
#5389=CARTESIAN_POINT('Ctrl Pts',(5.63231950544761,-10.3,-33.7315963036025));
#5390=CARTESIAN_POINT('Ctrl Pts',(5.66556765860752,-10.3,-34.0362174078513));
#5391=CARTESIAN_POINT('Ctrl Pts',(3.28278699073691,-10.3,-31.7809032214858));
#5392=CARTESIAN_POINT('Ctrl Pts',(3.30628169608774,-10.3,-31.7784763517226));
#5393=CARTESIAN_POINT('Ctrl Pts',(3.35338289449996,-10.3,-31.7742516982065));
#5394=CARTESIAN_POINT('Ctrl Pts',(3.44780147625142,-10.3,-31.7682517166789));
#5395=CARTESIAN_POINT('Ctrl Pts',(3.61388274430969,-10.3,-31.7644801430551));
#5396=CARTESIAN_POINT('Ctrl Pts',(4.13344773647246,-10.3,-31.7931031549415));
#5397=CARTESIAN_POINT('Ctrl Pts',(4.96376817500186,-10.3,-32.0688062840254));
#5398=CARTESIAN_POINT('Ctrl Pts',(5.81342163316284,-10.3,-32.8733660710437));
#5399=CARTESIAN_POINT('Ctrl Pts',(6.0801554861452,-10.3,-33.6099681933059));
#5400=CARTESIAN_POINT('Ctrl Pts',(6.12125037984578,-10.3,-33.9864814942959));
#5401=CARTESIAN_POINT('',(5.25045396569274,-10.183987569565,-33.6));
#5402=CARTESIAN_POINT('',(6.04658170422904,-10.3,-33.6000000000156));
#5403=CARTESIAN_POINT('Ctrl Pts',(6.04658170422028,-10.3,-33.6));
#5404=CARTESIAN_POINT('Ctrl Pts',(5.73862920672899,-10.3,-33.6));
#5405=CARTESIAN_POINT('Ctrl Pts',(5.4684902291995,-10.2473326854357,-33.6));
#5406=CARTESIAN_POINT('Ctrl Pts',(5.25045396569243,-10.1839875695649,-33.6));
#5407=CARTESIAN_POINT('Ctrl Pts',(6.04642548120017,-10.3,-33.6012415883544));
#5408=CARTESIAN_POINT('Ctrl Pts',(5.97915647279864,-10.3,-33.3616710236981));
#5409=CARTESIAN_POINT('Ctrl Pts',(5.71566005044373,-10.3,-32.7807929903182));
#5410=CARTESIAN_POINT('Ctrl Pts',(4.96376817500186,-10.3,-32.0688062840254));
#5411=CARTESIAN_POINT('Ctrl Pts',(4.13344773647246,-10.3,-31.7931031549415));
#5412=CARTESIAN_POINT('Ctrl Pts',(3.61388274430969,-10.3,-31.7644801430551));
#5413=CARTESIAN_POINT('Ctrl Pts',(3.44780147625142,-10.3,-31.7682517166789));
#5414=CARTESIAN_POINT('Ctrl Pts',(3.35338289449996,-10.3,-31.7742516982065));
#5415=CARTESIAN_POINT('Ctrl Pts',(3.30628169608774,-10.3,-31.7784763517226));
#5416=CARTESIAN_POINT('Ctrl Pts',(3.28278699073691,-10.3,-31.7809032214858));
#5417=CARTESIAN_POINT('',(3.73787877692983,-8.5084274310879,-34.2466168000429));
#5418=CARTESIAN_POINT('Ctrl Pts',(3.53965608234388,-7.79999999999998,-34.2676718616647));
#5419=CARTESIAN_POINT('Ctrl Pts',(3.59847561653193,-8.02107043796311,-34.2615961375014));
#5420=CARTESIAN_POINT('Ctrl Pts',(3.65987926562949,-8.24130847209977,-34.2551007505001));
#5421=CARTESIAN_POINT('Ctrl Pts',(3.72852674367563,-8.47653764165424,-34.2476365641677));
#5422=CARTESIAN_POINT('Ctrl Pts',(3.73319520402434,-8.49248271538114,-34.2471279929547));
#5423=CARTESIAN_POINT('Ctrl Pts',(3.73787877692983,-8.5084274310879,-34.2466168000429));
#5424=CARTESIAN_POINT('Ctrl Pts',(5.25045396569273,-10.183987569565,-33.6));
#5425=CARTESIAN_POINT('Ctrl Pts',(5.17722857009718,-10.1627137177114,-33.5999999999957));
#5426=CARTESIAN_POINT('Ctrl Pts',(5.10484081580221,-10.1380553443808,-33.6057486023079));
#5427=CARTESIAN_POINT('Ctrl Pts',(4.86789372463358,-10.0433542095656,-33.6408898378542));
#5428=CARTESIAN_POINT('Ctrl Pts',(4.70748011140787,-9.95608249308561,-33.6921527296006));
#5429=CARTESIAN_POINT('Ctrl Pts',(4.37751728294829,-9.70031928870634,-33.8423555884582));
#5430=CARTESIAN_POINT('Ctrl Pts',(4.22703631866255,-9.53066592990956,-33.9413245274292));
#5431=CARTESIAN_POINT('Ctrl Pts',(4.01334656654514,-9.19417581226831,-34.0914597466662));
#5432=CARTESIAN_POINT('Ctrl Pts',(3.94001378161174,-9.0488334202532,-34.1458527186534));
#5433=CARTESIAN_POINT('Ctrl Pts',(3.83520407407793,-8.79907922670193,-34.2112369486202));
#5434=CARTESIAN_POINT('Ctrl Pts',(3.7970545349007,-8.69579395767242,-34.2314193072845));
#5435=CARTESIAN_POINT('Ctrl Pts',(3.75556652796727,-8.56698507959273,-34.2436278828791));
#5436=CARTESIAN_POINT('Ctrl Pts',(3.74730858042907,-8.54033569543175,-34.2454633012179));
#5437=CARTESIAN_POINT('Ctrl Pts',(3.73893801167848,-8.51202743993307,-34.2464973213411));
#5438=CARTESIAN_POINT('Ctrl Pts',(3.73840757161505,-8.51022765521021,-34.2465590842561));
#5439=CARTESIAN_POINT('Ctrl Pts',(3.73787877692983,-8.5084274310879,-34.2466168000429));
#5440=CARTESIAN_POINT('Origin',(0.,0.,0.));
#5441=CARTESIAN_POINT('',(26.9970831757803,-7.8,21.4));
#5442=CARTESIAN_POINT('Origin',(0.,-7.8,0.));
#5443=CARTESIAN_POINT('',(26.9970831757803,9.7,21.4));
#5444=CARTESIAN_POINT('',(26.9970831757803,0.,21.4));
#5445=CARTESIAN_POINT('',(-21.139002114617,9.7,27.2019317254899));
#5446=CARTESIAN_POINT('Origin',(0.,9.7,0.));
#5447=CARTESIAN_POINT('',(-21.139002114617,3.7,27.2019317254899));
#5448=CARTESIAN_POINT('',(-21.139002114617,0.,27.2019317254899));
#5449=CARTESIAN_POINT('',(-30.4594224550719,3.7,16.0942873002647));
#5450=CARTESIAN_POINT('Origin',(0.,3.7,0.));
#5451=CARTESIAN_POINT('',(-30.4594224550719,9.7,16.0942873002647));
#5452=CARTESIAN_POINT('',(-30.4594224550719,0.,16.0942873002648));
#5453=CARTESIAN_POINT('',(-30.4594224550719,9.7,-16.0942873002647));
#5454=CARTESIAN_POINT('Origin',(0.,9.7,0.));
#5455=CARTESIAN_POINT('',(-30.4594224550719,3.7,-16.0942873002647));
#5456=CARTESIAN_POINT('',(-30.4594224550719,0.,-16.0942873002647));
#5457=CARTESIAN_POINT('',(-21.1390021146171,3.7,-27.2019317254899));
#5458=CARTESIAN_POINT('Origin',(0.,3.7,0.));
#5459=CARTESIAN_POINT('',(-21.1390021146171,9.7,-27.2019317254899));
#5460=CARTESIAN_POINT('',(-21.139002114617,0.,-27.2019317254899));
#5461=CARTESIAN_POINT('',(4.11702376936033,9.69999999999915,-34.2031082693156));
#5462=CARTESIAN_POINT('Origin',(0.,9.7,0.));
#5463=CARTESIAN_POINT('Ctrl Pts',(4.11702376936059,9.69999999999906,-34.2031082693155));
#5464=CARTESIAN_POINT('Ctrl Pts',(3.98253358560777,9.30834637177331,-34.2192968355387));
#5465=CARTESIAN_POINT('Ctrl Pts',(3.85720899792969,8.91406386106055,-34.2335809158801));
#5466=CARTESIAN_POINT('Ctrl Pts',(3.37814138197452,7.28561485508792,-34.2859159152945));
#5467=CARTESIAN_POINT('Ctrl Pts',(3.0971860115185,6.02099425655271,-34.3110754589442));
#5468=CARTESIAN_POINT('Ctrl Pts',(2.65475037559349,3.19253048680058,-34.348426302485));
#5469=CARTESIAN_POINT('Ctrl Pts',(2.53212170169109,1.61649667256756,-34.3568168516857));
#5470=CARTESIAN_POINT('Ctrl Pts',(2.52788672921832,-1.53908171483465,-34.3571287101832));
#5471=CARTESIAN_POINT('Ctrl Pts',(2.64712014952094,-3.1209236164605,-34.3489969701372));
#5472=CARTESIAN_POINT('Ctrl Pts',(3.04958070083209,-5.73121414554794,-34.3151411905949));
#5473=CARTESIAN_POINT('Ctrl Pts',(3.26682033270187,-6.77455973601329,-34.2958542466426));
#5474=CARTESIAN_POINT('Ctrl Pts',(3.53965608234388,-7.79999999999998,-34.2676718616647));
#5475=CARTESIAN_POINT('',(-34.4173284843551,0.,-1.5));
#5476=CARTESIAN_POINT('',(15.9096261365009,-7.8,30.5562807978453));
#5477=CARTESIAN_POINT('Origin',(0.,-7.8,0.));
#5478=CARTESIAN_POINT('',(15.9096261365009,0.,30.5562807978453));
#5479=CARTESIAN_POINT('Origin',(0.,-7.8,0.));
#5480=CARTESIAN_POINT('',(14.6583465484576,-10.3,28.3890009768805));
#5481=CARTESIAN_POINT('Ctrl Pts',(15.9096261365009,-7.8,30.5562807978453));
#5482=CARTESIAN_POINT('Ctrl Pts',(15.9096261365009,-8.10843589453901,30.5562807978453));
#5483=CARTESIAN_POINT('Ctrl Pts',(15.8734986436775,-8.47143769418593,30.4937061447251));
#5484=CARTESIAN_POINT('Ctrl Pts',(15.7553814695311,-9.04144557529872,30.2891211978571));
#5485=CARTESIAN_POINT('Ctrl Pts',(15.6524658661386,-9.34927297872802,30.1108661438896));
#5486=CARTESIAN_POINT('Ctrl Pts',(15.4341292116232,-9.78568928756941,29.7326959651144));
#5487=CARTESIAN_POINT('Ctrl Pts',(15.2800474975637,-9.9914413961344,29.4658186078461));
#5488=CARTESIAN_POINT('Ctrl Pts',(14.9946581916541,-10.2277256255529,28.9715098300738));
#5489=CARTESIAN_POINT('Ctrl Pts',(14.8128319671627,-10.3,28.6565775711063));
#5490=CARTESIAN_POINT('Ctrl Pts',(14.6583465484576,-10.3,28.3890009768805));
#5491=CARTESIAN_POINT('Origin',(0.,-10.3,0.));
#5492=CARTESIAN_POINT('Origin',(0.,-7.8,0.));
#5493=CARTESIAN_POINT('',(25.7602892064511,-10.3,18.9));
#5494=CARTESIAN_POINT('Origin',(0.,-10.3,0.));
#5495=CARTESIAN_POINT('Ctrl Pts',(25.7602892064511,-10.3,18.9));
#5496=CARTESIAN_POINT('Ctrl Pts',(25.761484251562,-10.3,18.9023589814309));
#5497=CARTESIAN_POINT('Ctrl Pts',(25.7626792303887,-10.2999966611239,18.9047179961739));
#5498=CARTESIAN_POINT('Ctrl Pts',(25.8634943492376,-10.2994332316936,19.1037515619141));
#5499=CARTESIAN_POINT('Ctrl Pts',(25.9625437921221,-10.2756677590998,19.3004551681203));
#5500=CARTESIAN_POINT('Ctrl Pts',(26.1542220797762,-10.1822067311898,19.6832092648095));
#5501=CARTESIAN_POINT('Ctrl Pts',(26.2467101308604,-10.1131822098142,19.8689500668286));
#5502=CARTESIAN_POINT('Ctrl Pts',(26.4731862948625,-9.87746408859767,20.3259709252743));
#5503=CARTESIAN_POINT('Ctrl Pts',(26.59882823058,-9.6785298496545,20.5817728820994));
#5504=CARTESIAN_POINT('Ctrl Pts',(26.797397593963,-9.20615434023344,20.9880897457928));
#5505=CARTESIAN_POINT('Ctrl Pts',(26.8725810658242,-8.94572755102002,21.1429319386129));
#5506=CARTESIAN_POINT('Ctrl Pts',(26.9719107940925,-8.38536869421696,21.3478592045434));
#5507=CARTESIAN_POINT('Ctrl Pts',(26.9970831757803,-8.09484657127089,21.4));
#5508=CARTESIAN_POINT('Ctrl Pts',(26.9970831757803,-7.8,21.4));
#5509=CARTESIAN_POINT('Origin',(16.1360415878901,-7.8,18.9));
#5510=CARTESIAN_POINT('',(33.,-10.3,18.9));
#5511=CARTESIAN_POINT('',(16.1360415878901,-10.3,18.9));
#5512=CARTESIAN_POINT('',(33.,-7.8,21.4));
#5513=CARTESIAN_POINT('Origin',(33.,-7.8,18.9));
#5514=CARTESIAN_POINT('',(16.1360415878901,-7.8,21.4));
#5515=CARTESIAN_POINT('Origin',(33.,1.7,18.9));
#5516=CARTESIAN_POINT('',(45.,1.7,18.9));
#5517=CARTESIAN_POINT('',(42.5,1.7,21.4));
#5518=CARTESIAN_POINT('Origin',(42.5,1.7,18.9));
#5519=CARTESIAN_POINT('Origin',(33.,1.7,21.4));
#5520=CARTESIAN_POINT('Origin',(33.,1.7,18.9));
#5521=CARTESIAN_POINT('Origin',(42.5,7.1,18.9));
#5522=CARTESIAN_POINT('',(42.5,7.1,21.4));
#5523=CARTESIAN_POINT('',(45.,7.1,18.9));
#5524=CARTESIAN_POINT('Origin',(26.9970831757803,0.,21.4));
#5525=CARTESIAN_POINT('',(40.5,1.7,21.4));
#5526=CARTESIAN_POINT('',(40.5,0.,21.4));
#5527=CARTESIAN_POINT('',(27.5,1.7,21.4));
#5528=CARTESIAN_POINT('Origin',(34.,1.7,21.4));
#5529=CARTESIAN_POINT('',(27.5,9.7,21.4));
#5530=CARTESIAN_POINT('',(27.5,0.,21.4));
#5531=CARTESIAN_POINT('',(16.1235415878901,9.7,21.4));
#5532=CARTESIAN_POINT('Origin',(33.,1.7,-3.75));
#5533=CARTESIAN_POINT('',(33.,-10.3,-25.6));
#5534=CARTESIAN_POINT('',(33.,-10.3,-3.75));
#5535=CARTESIAN_POINT('',(45.,1.7,-25.6));
#5536=CARTESIAN_POINT('Origin',(33.,1.7,-25.6));
#5537=CARTESIAN_POINT('',(45.,1.7,-3.75));
#5538=CARTESIAN_POINT('Origin',(5.275,-10.3,0.));
#5539=CARTESIAN_POINT('',(21.2888961479846,-10.3,15.3572588960507));
#5540=CARTESIAN_POINT('Origin',(0.,-10.3,0.));
#5541=CARTESIAN_POINT('',(23.9442244104667,-10.3,10.758095434658));
#5542=CARTESIAN_POINT('Origin',(21.9970452561247,-10.3,12.7));
#5543=CARTESIAN_POINT('',(25.4325295275591,-10.3,6.49991860178547));
#5544=CARTESIAN_POINT('Origin',(0.,-10.3,0.));
#5545=CARTESIAN_POINT('',(25.4325295275591,-10.3,-6.49991860178547));
#5546=CARTESIAN_POINT('Origin',(25.4,-10.3,0.));
#5547=CARTESIAN_POINT('',(23.9442244104667,-10.3,-10.758095434658));
#5548=CARTESIAN_POINT('Origin',(0.,-10.3,0.));
#5549=CARTESIAN_POINT('',(21.2888961479846,-10.3,-15.3572588960506));
#5550=CARTESIAN_POINT('Origin',(21.9970452561247,-10.3,-12.7));
#5551=CARTESIAN_POINT('',(14.4025920129188,-10.3,-21.946021127061));
#5552=CARTESIAN_POINT('Origin',(0.,-10.3,0.));
#5553=CARTESIAN_POINT('',(21.1096935645424,-10.3,-33.5630617859971));
#5554=CARTESIAN_POINT('',(11.8744039790085,-10.3,-17.5670710012407));
#5555=CARTESIAN_POINT('',(21.1096935645424,-10.3,-25.6));
#5556=CARTESIAN_POINT('',(21.1096935645424,-10.3,-33.6));
#5557=CARTESIAN_POINT('',(19.6375,-10.3,-25.6));
#5558=CARTESIAN_POINT('Origin',(47.5,11.95,-9.));
#5559=CARTESIAN_POINT('',(47.5,9.7,-7.5));
#5560=CARTESIAN_POINT('',(46.,9.7,-9.));
#5561=CARTESIAN_POINT('Origin',(47.5,9.7,-9.));
#5562=CARTESIAN_POINT('',(46.,11.95,-9.));
#5563=CARTESIAN_POINT('',(47.5,11.95,-7.5));
#5564=CARTESIAN_POINT('Origin',(46.,14.2,-33.6));
#5565=CARTESIAN_POINT('',(46.,9.7,-25.6));
#5566=CARTESIAN_POINT('',(46.,9.7,-7.5));
#5567=CARTESIAN_POINT('',(46.,11.3247516529061,-25.6));
#5568=CARTESIAN_POINT('',(46.,7.1,-25.6));
#5569=CARTESIAN_POINT('',(46.,11.3247516529061,-33.6));
#5570=CARTESIAN_POINT('',(46.,11.3247516529061,-33.6));
#5571=CARTESIAN_POINT('',(46.,14.2,-33.6));
#5572=CARTESIAN_POINT('Origin',(49.,9.7,-6.));
#5573=CARTESIAN_POINT('',(50.5,3.7,-6.));
#5574=CARTESIAN_POINT('',(50.5,9.7,-6.));
#5575=CARTESIAN_POINT('',(49.,3.7,-7.5));
#5576=CARTESIAN_POINT('Origin',(49.,3.7,-6.));
#5577=CARTESIAN_POINT('',(49.,9.7,-7.5));
#5578=CARTESIAN_POINT('Origin',(50.5,9.7,-7.5));
#5579=CARTESIAN_POINT('',(45.,3.7,-7.5));
#5580=CARTESIAN_POINT('',(50.5,3.7,-7.5));
#5581=CARTESIAN_POINT('',(45.,9.7,-7.5));
#5582=CARTESIAN_POINT('',(45.,11.95,-7.5));
#5583=CARTESIAN_POINT('',(25.125,9.7,-7.5));
#5584=CARTESIAN_POINT('Origin',(47.75,3.7,0.));
#5585=CARTESIAN_POINT('',(50.5,3.7,6.));
#5586=CARTESIAN_POINT('',(50.5,3.7,7.5));
#5587=CARTESIAN_POINT('',(49.,3.7,7.5));
#5588=CARTESIAN_POINT('Origin',(49.,3.7,6.));
#5589=CARTESIAN_POINT('',(45.,3.7,7.5));
#5590=CARTESIAN_POINT('',(45.,3.7,7.5));
#5591=CARTESIAN_POINT('',(45.,3.7,-3.75));
#5592=CARTESIAN_POINT('Origin',(49.,9.7,6.));
#5593=CARTESIAN_POINT('',(49.,9.7,7.5));
#5594=CARTESIAN_POINT('',(50.5,9.7,6.));
#5595=CARTESIAN_POINT('Origin',(45.,9.7,7.5));
#5596=CARTESIAN_POINT('',(47.5,11.95,7.5));
#5597=CARTESIAN_POINT('',(45.,11.95,7.5));
#5598=CARTESIAN_POINT('Origin',(47.5,11.95,9.));
#5599=CARTESIAN_POINT('Origin',(-21.9152790434784,14.2,29.8114163441873));
#5600=CARTESIAN_POINT('',(-22.8794604580082,9.7,28.6623496795088));
#5601=CARTESIAN_POINT('',(-21.026821784959,9.7,28.6028454113148));
#5602=CARTESIAN_POINT('Origin',(-21.9152790434784,9.7,29.8114163441873));
#5603=CARTESIAN_POINT('',(-21.026821784959,14.2,28.6028454113149));
#5604=CARTESIAN_POINT('',(-22.8794604580082,14.2,28.6623496795088));
#5605=CARTESIAN_POINT('Origin',(0.,14.2,0.));
#5606=CARTESIAN_POINT('',(27.5,9.7,22.4499443206437));
#5607=CARTESIAN_POINT('Origin',(0.,9.7,0.));
#5608=CARTESIAN_POINT('',(27.5,14.2,22.4499443206437));
#5609=CARTESIAN_POINT('Origin',(-33.1640622129928,14.2,16.4056385896052));
#5610=CARTESIAN_POINT('',(-31.819573204358,9.7,15.7405451332698));
#5611=CARTESIAN_POINT('',(-32.199880798463,9.7,17.5547052542837));
#5612=CARTESIAN_POINT('Origin',(-33.1640622129928,9.7,16.4056385896052));
#5613=CARTESIAN_POINT('',(-32.199880798463,14.2,17.5547052542837));
#5614=CARTESIAN_POINT('',(-31.819573204358,14.2,15.7405451332698));
#5615=CARTESIAN_POINT('Origin',(-31.2816323107342,9.7,16.7842032869013));
#5616=CARTESIAN_POINT('',(-18.5762385728087,9.7,6.12311208744588));
#5617=CARTESIAN_POINT('',(-34.5966497241449,3.7,19.5658331758405));
#5618=CARTESIAN_POINT('',(-30.4594224550719,3.7,16.0942873002647));
#5619=CARTESIAN_POINT('',(-34.5966497241449,9.7,19.5658331758405));
#5620=CARTESIAN_POINT('Origin',(-21.9152790434784,14.2,-29.8114163441873));
#5621=CARTESIAN_POINT('',(-21.026821784959,9.7,-28.6028454113148));
#5622=CARTESIAN_POINT('',(-22.8794604580082,9.7,-28.6623496795088));
#5623=CARTESIAN_POINT('Origin',(-21.9152790434784,9.7,-29.8114163441873));
#5624=CARTESIAN_POINT('',(-22.8794604580082,14.2,-28.6623496795088));
#5625=CARTESIAN_POINT('',(-21.026821784959,14.2,-28.6028454113149));
#5626=CARTESIAN_POINT('Origin',(-21.9612119702794,9.7,-27.8918477121265));
#5627=CARTESIAN_POINT('',(-9.25581823235386,9.7,-17.230756512671));
#5628=CARTESIAN_POINT('',(-25.2762293836901,3.7,-30.6734776010657));
#5629=CARTESIAN_POINT('',(-21.1390021146171,3.7,-27.2019317254899));
#5630=CARTESIAN_POINT('',(-25.2762293836901,9.7,-30.6734776010657));
#5631=CARTESIAN_POINT('Origin',(-26.2404107982199,9.7,-29.5244109363873));
#5632=CARTESIAN_POINT('',(-27.2368820943549,3.7,-30.6455910985286));
#5633=CARTESIAN_POINT('Origin',(-26.2404107982199,3.7,-29.5244109363873));
#5634=CARTESIAN_POINT('',(-27.2368820943549,9.7,-30.6455910985286));
#5635=CARTESIAN_POINT('Origin',(0.,9.7,0.));
#5636=CARTESIAN_POINT('',(-34.9096506504866,3.7,-21.5015416066147));
#5637=CARTESIAN_POINT('Origin',(0.,3.7,0.));
#5638=CARTESIAN_POINT('',(-34.9096506504866,9.7,-21.5015416066147));
#5639=CARTESIAN_POINT('Origin',(-28.3560477781913,3.7,-23.7935492323257));
#5640=CARTESIAN_POINT('',(-34.5966497241449,3.7,-19.5658331758405));
#5641=CARTESIAN_POINT('',(-30.4594224550719,3.7,-16.0942873002647));
#5642=CARTESIAN_POINT('Origin',(-33.6324683096151,3.7,-20.714899840519));
#5643=CARTESIAN_POINT('Origin',(-33.1640622129928,14.2,-16.4056385896052));
#5644=CARTESIAN_POINT('',(-32.199880798463,9.7,-17.5547052542837));
#5645=CARTESIAN_POINT('',(-31.819573204358,9.7,-15.7405451332698));
#5646=CARTESIAN_POINT('Origin',(-33.1640622129928,9.7,-16.4056385896052));
#5647=CARTESIAN_POINT('',(-31.819573204358,14.2,-15.7405451332698));
#5648=CARTESIAN_POINT('',(-32.199880798463,14.2,-17.5547052542837));
#5649=CARTESIAN_POINT('Origin',(0.,14.2,0.));
#5650=CARTESIAN_POINT('Origin',(0.,9.7,0.));
#5651=CARTESIAN_POINT('Origin',(-33.6324683096151,9.7,-20.714899840519));
#5652=CARTESIAN_POINT('',(-34.5966497241449,9.7,-19.5658331758405));
#5653=CARTESIAN_POINT('Origin',(-35.5730934417656,9.7,-20.3851667391614));
#5654=CARTESIAN_POINT('',(-16.0194030794618,9.7,-3.97767236799756));
#5655=CARTESIAN_POINT('Origin',(-26.2404107982199,9.7,29.5244109363873));
#5656=CARTESIAN_POINT('',(-27.2368820943549,3.7,30.6455910985285));
#5657=CARTESIAN_POINT('',(-27.2368820943549,9.7,30.6455910985285));
#5658=CARTESIAN_POINT('',(-25.2762293836901,3.7,30.6734776010657));
#5659=CARTESIAN_POINT('Origin',(-26.2404107982199,3.7,29.5244109363873));
#5660=CARTESIAN_POINT('',(-25.2762293836901,9.7,30.6734776010657));
#5661=CARTESIAN_POINT('Origin',(-28.3560477781913,3.7,23.7935492323257));
#5662=CARTESIAN_POINT('',(-34.9096506504866,3.7,21.5015416066147));
#5663=CARTESIAN_POINT('Origin',(0.,3.7,0.));
#5664=CARTESIAN_POINT('Origin',(-33.6324683096151,3.7,20.714899840519));
#5665=CARTESIAN_POINT('',(-21.139002114617,3.7,27.2019317254899));
#5666=CARTESIAN_POINT('Origin',(0.,9.7,0.));
#5667=CARTESIAN_POINT('',(-34.9096506504866,9.7,21.5015416066147));
#5668=CARTESIAN_POINT('Origin',(-33.6324683096151,9.7,20.714899840519));
#5669=CARTESIAN_POINT('Origin',(34.,0.,-34.6));
#5670=CARTESIAN_POINT('Origin',(34.,0.,-33.6));
#5671=CARTESIAN_POINT('',(4.03068235678363,9.7,-34.6));
#5672=CARTESIAN_POINT('Ctrl Pts',(4.03068235678363,9.7,-34.6));
#5673=CARTESIAN_POINT('Ctrl Pts',(4.03068235678363,9.7,-34.4785877012659));
#5674=CARTESIAN_POINT('Ctrl Pts',(4.06011534862649,9.7,-34.3358969109535));
#5675=CARTESIAN_POINT('Ctrl Pts',(4.11071363452933,9.7,-34.2172126352855));
#5676=CARTESIAN_POINT('Ctrl Pts',(4.11381161429982,9.7,-34.2101738952337));
#5677=CARTESIAN_POINT('Ctrl Pts',(4.11702376936086,9.7,-34.2031082693156));
#5678=CARTESIAN_POINT('',(2.5,3.85763741731416E-15,-34.6));
#5679=CARTESIAN_POINT('Origin',(34.,0.,-34.6));
#5680=CARTESIAN_POINT('Origin',(34.,0.,-34.6));
#5681=CARTESIAN_POINT('Origin',(34.,0.,-33.6));
#5682=CARTESIAN_POINT('',(2.5,-3.85763741731416E-15,-131.1));
#5683=CARTESIAN_POINT('Origin',(34.,0.,-131.1));
#5684=CARTESIAN_POINT('',(2.5,3.85763741731416E-15,-33.6));
#5685=CARTESIAN_POINT('',(4.03068235678363,9.7,-35.2704352076738));
#5686=CARTESIAN_POINT('',(4.03068235678363,9.7,-33.6));
#5687=CARTESIAN_POINT('Ctrl Pts',(5.88221203579485,14.2,-35.0092785067895));
#5688=CARTESIAN_POINT('Ctrl Pts',(5.27464151669914,12.9969338711806,-35.1113616908038));
#5689=CARTESIAN_POINT('Ctrl Pts',(4.73832235046698,11.7414661339101,-35.1853098458776));
#5690=CARTESIAN_POINT('Ctrl Pts',(4.19765719298789,10.2049517040618,-35.2510648534583));
#5691=CARTESIAN_POINT('Ctrl Pts',(4.11256482248993,9.95298573444968,-35.2610777328394));
#5692=CARTESIAN_POINT('Ctrl Pts',(4.03068235678363,9.7,-35.2704352076738));
#5693=CARTESIAN_POINT('Ctrl Pts',(36.7292951726655,-25.1140714835158,-32.6));
#5694=CARTESIAN_POINT('Ctrl Pts',(36.7292951726655,-29.1140714835158,-32.6));
#5695=CARTESIAN_POINT('Ctrl Pts',(40.7292951726655,-29.1140714835158,-32.6));
#5696=CARTESIAN_POINT('Ctrl Pts',(44.7292951726655,-29.1140714835158,-32.6));
#5697=CARTESIAN_POINT('Ctrl Pts',(44.7292951726655,-25.1140714835158,-32.6));
#5698=CARTESIAN_POINT('Ctrl Pts',(44.7292951726655,-21.1140714835158,-32.6));
#5699=CARTESIAN_POINT('Ctrl Pts',(40.7292951726655,-21.1140714835158,-32.6));
#5700=CARTESIAN_POINT('Ctrl Pts',(36.7292951726655,-21.1140714835158,-32.6));
#5701=CARTESIAN_POINT('Ctrl Pts',(36.7292951726655,-25.1140714835158,-32.6));
#5702=CARTESIAN_POINT('Ctrl Pts',(36.7292951726655,-25.1140714835158,-30.6));
#5703=CARTESIAN_POINT('Ctrl Pts',(36.7292951726655,-29.1140714835158,-30.6));
#5704=CARTESIAN_POINT('Ctrl Pts',(40.7292951726655,-29.1140714835158,-30.6));
#5705=CARTESIAN_POINT('Ctrl Pts',(44.7292951726655,-29.1140714835158,-30.6));
#5706=CARTESIAN_POINT('Ctrl Pts',(44.7292951726655,-25.1140714835158,-30.6));
#5707=CARTESIAN_POINT('Ctrl Pts',(44.7292951726655,-21.1140714835158,-30.6));
#5708=CARTESIAN_POINT('Ctrl Pts',(40.7292951726655,-21.1140714835158,-30.6));
#5709=CARTESIAN_POINT('Ctrl Pts',(36.7292951726655,-21.1140714835158,-30.6));
#5710=CARTESIAN_POINT('Ctrl Pts',(36.7292951726655,-25.1140714835158,-30.6));
#5711=CARTESIAN_POINT('Ctrl Pts',(38.7292951726655,-25.1140714835158,-30.6));
#5712=CARTESIAN_POINT('Ctrl Pts',(38.7292951726655,-27.1140714835158,-30.6));
#5713=CARTESIAN_POINT('Ctrl Pts',(40.7292951726655,-27.1140714835158,-30.6));
#5714=CARTESIAN_POINT('Ctrl Pts',(42.7292951726655,-27.1140714835158,-30.6));
#5715=CARTESIAN_POINT('Ctrl Pts',(42.7292951726655,-25.1140714835158,-30.6));
#5716=CARTESIAN_POINT('Ctrl Pts',(42.7292951726655,-23.1140714835158,-30.6));
#5717=CARTESIAN_POINT('Ctrl Pts',(40.7292951726655,-23.1140714835158,-30.6));
#5718=CARTESIAN_POINT('Ctrl Pts',(38.7292951726655,-23.1140714835158,-30.6));
#5719=CARTESIAN_POINT('Ctrl Pts',(38.7292951726655,-25.1140714835158,-30.6));
#5720=CARTESIAN_POINT('',(38.7292951726655,-25.1140714835158,-30.6));
#5721=CARTESIAN_POINT('Origin',(40.7292951726655,-25.1140714835158,-30.6));
#5722=CARTESIAN_POINT('',(36.7292951726655,-25.1140714835158,-32.6));
#5723=CARTESIAN_POINT('Origin',(38.7292951726655,-25.1140714835158,-32.6));
#5724=CARTESIAN_POINT('Origin',(40.7292951726655,-25.1140714835158,-32.6));
#5725=CARTESIAN_POINT('Origin',(40.7292951726655,-25.1140714835158,-33.6));
#5726=CARTESIAN_POINT('',(36.7292951726655,-25.1140714835158,-33.6));
#5727=CARTESIAN_POINT('',(36.7292951726655,-25.1140714835158,-33.6));
#5728=CARTESIAN_POINT('Origin',(40.7292951726655,-25.1140714835158,-33.6));
#5729=CARTESIAN_POINT('Origin',(34.,-4.44089209850063E-15,-30.6));
#5730=CARTESIAN_POINT('Ctrl Pts',(23.2707048273345,25.1140714835158,-32.6));
#5731=CARTESIAN_POINT('Ctrl Pts',(23.2707048273345,21.1140714835158,-32.6));
#5732=CARTESIAN_POINT('Ctrl Pts',(27.2707048273345,21.1140714835158,-32.6));
#5733=CARTESIAN_POINT('Ctrl Pts',(31.2707048273345,21.1140714835158,-32.6));
#5734=CARTESIAN_POINT('Ctrl Pts',(31.2707048273345,25.1140714835158,-32.6));
#5735=CARTESIAN_POINT('Ctrl Pts',(31.2707048273345,29.1140714835158,-32.6));
#5736=CARTESIAN_POINT('Ctrl Pts',(27.2707048273345,29.1140714835158,-32.6));
#5737=CARTESIAN_POINT('Ctrl Pts',(23.2707048273345,29.1140714835158,-32.6));
#5738=CARTESIAN_POINT('Ctrl Pts',(23.2707048273345,25.1140714835158,-32.6));
#5739=CARTESIAN_POINT('Ctrl Pts',(23.2707048273345,25.1140714835158,-30.6));
#5740=CARTESIAN_POINT('Ctrl Pts',(23.2707048273345,21.1140714835158,-30.6));
#5741=CARTESIAN_POINT('Ctrl Pts',(27.2707048273345,21.1140714835158,-30.6));
#5742=CARTESIAN_POINT('Ctrl Pts',(31.2707048273345,21.1140714835158,-30.6));
#5743=CARTESIAN_POINT('Ctrl Pts',(31.2707048273345,25.1140714835158,-30.6));
#5744=CARTESIAN_POINT('Ctrl Pts',(31.2707048273345,29.1140714835158,-30.6));
#5745=CARTESIAN_POINT('Ctrl Pts',(27.2707048273345,29.1140714835158,-30.6));
#5746=CARTESIAN_POINT('Ctrl Pts',(23.2707048273345,29.1140714835158,-30.6));
#5747=CARTESIAN_POINT('Ctrl Pts',(23.2707048273345,25.1140714835158,-30.6));
#5748=CARTESIAN_POINT('Ctrl Pts',(25.2707048273345,25.1140714835158,-30.6));
#5749=CARTESIAN_POINT('Ctrl Pts',(25.2707048273345,23.1140714835158,-30.6));
#5750=CARTESIAN_POINT('Ctrl Pts',(27.2707048273345,23.1140714835158,-30.6));
#5751=CARTESIAN_POINT('Ctrl Pts',(29.2707048273345,23.1140714835158,-30.6));
#5752=CARTESIAN_POINT('Ctrl Pts',(29.2707048273345,25.1140714835158,-30.6));
#5753=CARTESIAN_POINT('Ctrl Pts',(29.2707048273345,27.1140714835158,-30.6));
#5754=CARTESIAN_POINT('Ctrl Pts',(27.2707048273345,27.1140714835158,-30.6));
#5755=CARTESIAN_POINT('Ctrl Pts',(25.2707048273345,27.1140714835158,-30.6));
#5756=CARTESIAN_POINT('Ctrl Pts',(25.2707048273345,25.1140714835158,-30.6));
#5757=CARTESIAN_POINT('',(25.2707048273345,25.1140714835158,-30.6));
#5758=CARTESIAN_POINT('Origin',(27.2707048273345,25.1140714835158,-30.6));
#5759=CARTESIAN_POINT('',(23.2707048273345,25.1140714835158,-32.6));
#5760=CARTESIAN_POINT('Origin',(25.2707048273345,25.1140714835158,-32.6));
#5761=CARTESIAN_POINT('Origin',(27.2707048273345,25.1140714835158,-32.6));
#5762=CARTESIAN_POINT('Origin',(27.2707048273345,25.1140714835158,-33.6));
#5763=CARTESIAN_POINT('',(23.2707048273345,25.1140714835158,-33.6));
#5764=CARTESIAN_POINT('',(23.2707048273345,25.1140714835158,-33.6));
#5765=CARTESIAN_POINT('Origin',(27.2707048273345,25.1140714835158,-33.6));
#5766=CARTESIAN_POINT('Origin',(34.,-4.44089209850063E-15,-30.6));
#5767=CARTESIAN_POINT('Origin',(55.481676725155,-0.75,-30.35));
#5768=CARTESIAN_POINT('',(60.431676725155,1.5,-33.6));
#5769=CARTESIAN_POINT('',(50.531676725155,1.5,-27.1));
#5770=CARTESIAN_POINT('',(57.956676725155,1.5,-31.975));
#5771=CARTESIAN_POINT('',(50.531676725155,-1.5,-27.1));
#5772=CARTESIAN_POINT('',(50.531676725155,-0.75,-27.1));
#5773=CARTESIAN_POINT('',(60.431676725155,-1.5,-33.6));
#5774=CARTESIAN_POINT('',(54.4628081952819,-1.5,-29.6810459147298));
#5775=CARTESIAN_POINT('',(60.431676725155,-0.75,-33.6));
#5776=CARTESIAN_POINT('Origin',(55.431676725155,-2.77555756156289E-16,-27.1));
#5777=CARTESIAN_POINT('',(50.431676725155,1.5,-27.1));
#5778=CARTESIAN_POINT('',(52.931676725155,1.5,-27.1));
#5779=CARTESIAN_POINT('',(50.431676725155,-1.5,-27.1));
#5780=CARTESIAN_POINT('Origin',(34.,0.,-27.1));
#5781=CARTESIAN_POINT('',(57.931676725155,-1.5,-27.1));
#5782=CARTESIAN_POINT('Origin',(60.431676725155,1.5,-33.6));
#5783=CARTESIAN_POINT('',(50.431676725155,1.5,-33.6));
#5784=CARTESIAN_POINT('',(47.2158383625775,1.5,-33.6));
#5785=CARTESIAN_POINT('',(50.431676725155,1.5,-33.6));
#5786=CARTESIAN_POINT('Origin',(34.,21.5,-33.6));
#5787=CARTESIAN_POINT('',(31.,21.5,-13.6));
#5788=CARTESIAN_POINT('Origin',(34.,21.5,-13.6));
#5789=CARTESIAN_POINT('',(31.,21.5,-33.6));
#5790=CARTESIAN_POINT('',(31.,21.5,-33.6));
#5791=CARTESIAN_POINT('Origin',(34.,21.5,-33.6));
#5792=CARTESIAN_POINT('Origin',(34.,21.5,-13.6));
#5793=CARTESIAN_POINT('Origin',(50.431676725155,-1.5,-33.6));
#5794=CARTESIAN_POINT('',(50.431676725155,-1.5,-33.6));
#5795=CARTESIAN_POINT('',(50.431676725155,-1.5,-33.6));
#5796=CARTESIAN_POINT('',(42.2158383625775,-1.5,-33.6));
#5797=CARTESIAN_POINT('Origin',(34.,0.,-33.6));
#5798=CARTESIAN_POINT('',(32.8272221037507,16.4582681958361,-33.6));
#5799=CARTESIAN_POINT('Origin',(28.9012195928134,15.69243251887,-33.6));
#5800=CARTESIAN_POINT('Origin',(34.,0.,-33.6));
#5801=CARTESIAN_POINT('Origin',(34.,0.,-33.6));
#5802=CARTESIAN_POINT('',(42.7251300750937,-14.004360220042,-33.6));
#5803=CARTESIAN_POINT('Origin',(34.,0.,-33.6));
#5804=CARTESIAN_POINT('',(35.1727778962493,-16.4582681958361,-33.6));
#5805=CARTESIAN_POINT('Origin',(39.0987804071866,-15.69243251887,-33.6));
#5806=CARTESIAN_POINT('',(21.1310198523403,-10.3266330407903,-33.6));
#5807=CARTESIAN_POINT('Origin',(34.,0.,-33.6));
#5808=CARTESIAN_POINT('',(21.1310198523403,-23.3,-33.6));
#5809=CARTESIAN_POINT('',(21.1310198523403,0.,-33.6));
#5810=CARTESIAN_POINT('',(17.6669182372026,-23.3,-33.6));
#5811=CARTESIAN_POINT('',(15.4370571234774,-23.3,-33.6));
#5812=CARTESIAN_POINT('',(17.6669182372026,-10.3,-33.6));
#5813=CARTESIAN_POINT('',(17.6669182372026,0.,-33.6));
#5814=CARTESIAN_POINT('',(19.6375,-10.3,-33.6));
#5815=CARTESIAN_POINT('Origin',(34.,-2.22044604925031E-15,-25.6));
#5816=CARTESIAN_POINT('',(45.,9.7,-25.6));
#5817=CARTESIAN_POINT('',(19.625,9.7,-25.6));
#5818=CARTESIAN_POINT('',(45.,7.1,-25.6));
#5819=CARTESIAN_POINT('',(35.1727778962493,-16.4582681958361,-25.6));
#5820=CARTESIAN_POINT('Origin',(34.,0.,-25.6));
#5821=CARTESIAN_POINT('',(42.7251300750937,-14.004360220042,-25.6));
#5822=CARTESIAN_POINT('Origin',(39.0987804071866,-15.69243251887,-25.6));
#5823=CARTESIAN_POINT('Origin',(34.,0.,-25.6));
#5824=CARTESIAN_POINT('Origin',(34.,-2.22044604925031E-15,-25.6));
#5825=CARTESIAN_POINT('',(32.8272221037507,16.4582681958361,-25.6));
#5826=CARTESIAN_POINT('Origin',(34.,0.,-25.6));
#5827=CARTESIAN_POINT('Origin',(28.9012195928134,15.69243251887,-25.6));
#5828=CARTESIAN_POINT('Origin',(34.,0.,-33.6));
#5829=CARTESIAN_POINT('',(42.7251300750937,-14.004360220042,-33.6));
#5830=CARTESIAN_POINT('Origin',(34.,0.,-33.6));
#5831=CARTESIAN_POINT('',(32.8272221037507,16.4582681958361,-33.6));
#5832=CARTESIAN_POINT('Origin',(34.,0.,-33.6));
#5833=CARTESIAN_POINT('Origin',(34.,0.,-55.8897274573418));
#5834=CARTESIAN_POINT('',(35.1727778962493,-16.4582681958361,-33.6));
#5835=CARTESIAN_POINT('Origin',(39.0987804071866,-15.69243251887,-33.6));
#5836=CARTESIAN_POINT('Origin',(28.9012195928134,15.69243251887,-33.6));
#5837=CARTESIAN_POINT('Origin',(34.,0.,-131.1));
#5838=CARTESIAN_POINT('',(19.,-1.83697019872103E-15,-133.1));
#5839=CARTESIAN_POINT('Origin',(34.,0.,-133.1));
#5840=CARTESIAN_POINT('',(19.,-1.83697019872103E-15,-131.1));
#5841=CARTESIAN_POINT('',(19.,1.83697019872103E-15,-131.1));
#5842=CARTESIAN_POINT('Origin',(34.,0.,-131.1));
#5843=CARTESIAN_POINT('Origin',(34.,0.,-133.1));
#5844=CARTESIAN_POINT('Origin',(34.,0.,-131.1));
#5845=CARTESIAN_POINT('Origin',(5.275,-10.3,0.));
#5846=CARTESIAN_POINT('',(11.8045158015655,-10.3,-23.446021127061));
#5847=CARTESIAN_POINT('',(5.9121138479444,-10.3,-13.2400815647712));
#5848=CARTESIAN_POINT('',(2.65532826248213,-10.3,-26.1153543307087));
#5849=CARTESIAN_POINT('Origin',(0.,-10.3,0.));
#5850=CARTESIAN_POINT('',(-2.65532826248213,-10.3,-26.1153543307087));
#5851=CARTESIAN_POINT('Origin',(0.,-10.3,-25.4));
#5852=CARTESIAN_POINT('',(-7.08717013210228,-10.3,-25.2751759542567));
#5853=CARTESIAN_POINT('Origin',(0.,-10.3,0.));
#5854=CARTESIAN_POINT('',(-19.2,-10.3,-21.9970452561247));
#5855=CARTESIAN_POINT('Origin',(-12.7,-10.3,-21.9970452561247));
#5856=CARTESIAN_POINT('',(-18.3453593954568,-10.3,-18.7752573524713));
#5857=CARTESIAN_POINT('Origin',(-12.7,-10.3,-21.9970452561247));
#5858=CARTESIAN_POINT('',(-21.2888961479846,-10.3,-15.3572588960506));
#5859=CARTESIAN_POINT('Origin',(0.,-10.3,0.));
#5860=CARTESIAN_POINT('',(-23.9442244104667,-10.3,-10.758095434658));
#5861=CARTESIAN_POINT('Origin',(-21.9970452561247,-10.3,-12.7));
#5862=CARTESIAN_POINT('',(-26.2071078144842,-10.3,-1.5));
#5863=CARTESIAN_POINT('Origin',(0.,-10.3,0.));
#5864=CARTESIAN_POINT('',(-14.5711642421775,-10.3,-1.5));
#5865=CARTESIAN_POINT('Origin',(40.5,14.2,22.4));
#5866=CARTESIAN_POINT('',(40.5,1.7,23.4));
#5867=CARTESIAN_POINT('',(40.5,14.2,22.4));
#5868=CARTESIAN_POINT('Origin',(34.,1.7,25.9));
#5869=CARTESIAN_POINT('',(27.5,1.7,25.9));
#5870=CARTESIAN_POINT('Origin',(0.,-20.8,0.));
#5871=CARTESIAN_POINT('',(5.28337216716413,-27.3,12.1510690288236));
#5872=CARTESIAN_POINT('Ctrl Pts',(9.29945824993907,-14.3,19.10713417176));
#5873=CARTESIAN_POINT('Ctrl Pts',(6.8257820396245,-22.3193935976448,14.8226012940208));
#5874=CARTESIAN_POINT('Ctrl Pts',(5.28337216716413,-27.3,12.1510690288236));
#5875=CARTESIAN_POINT('',(7.88144837851745,-27.3,10.6510690288236));
#5876=CARTESIAN_POINT('Origin',(0.,-27.3,0.));
#5877=CARTESIAN_POINT('Ctrl Pts',(7.88144837851745,-27.3,10.6510690288236));
#5878=CARTESIAN_POINT('Ctrl Pts',(9.42385825097817,-22.3193935976437,13.3226012940214));
#5879=CARTESIAN_POINT('Ctrl Pts',(11.8975344612924,-14.3,17.60713417176));
#5880=CARTESIAN_POINT('Origin',(10.9279811549608,0.,21.9278185845474));
#5881=CARTESIAN_POINT('',(10.9279811549608,-10.3,21.9278185845474));
#5882=CARTESIAN_POINT('',(10.9279811549608,0.,21.9278185845474));
#5883=CARTESIAN_POINT('',(5.28337216716413,-10.3,12.1510690288236));
#5884=CARTESIAN_POINT('',(5.47384652464208,-10.3,12.4809802935144));
#5885=CARTESIAN_POINT('',(5.28337216716413,0.,12.1510690288236));
#5886=CARTESIAN_POINT('Origin',(0.,-20.8,0.));
#5887=CARTESIAN_POINT('',(-13.1648205456816,-27.3,-1.5));
#5888=CARTESIAN_POINT('Ctrl Pts',(-21.1969927112315,-14.3,-1.5));
#5889=CARTESIAN_POINT('Ctrl Pts',(-16.2496402903409,-22.3193935980684,-1.5));
#5890=CARTESIAN_POINT('Ctrl Pts',(-13.1648205456816,-27.3,-1.5));
#5891=CARTESIAN_POINT('',(-13.25,-27.3,-1.62265700887024E-15));
#5892=CARTESIAN_POINT('Origin',(0.,-27.3,0.));
#5893=CARTESIAN_POINT('',(-13.1648205456816,-27.3,1.5));
#5894=CARTESIAN_POINT('Origin',(0.,-27.3,0.));
#5895=CARTESIAN_POINT('Ctrl Pts',(-13.1648205456816,-27.3,1.5));
#5896=CARTESIAN_POINT('Ctrl Pts',(-16.249640290341,-22.3193935980683,1.5));
#5897=CARTESIAN_POINT('Ctrl Pts',(-21.1969927112315,-14.3,1.5));
#5898=CARTESIAN_POINT('Origin',(-24.454038521275,0.,-1.5));
#5899=CARTESIAN_POINT('',(-24.454038521275,-10.3,-1.5));
#5900=CARTESIAN_POINT('',(-24.454038521275,0.,-1.5));
#5901=CARTESIAN_POINT('',(-13.1648205456816,-10.3,-1.5));
#5902=CARTESIAN_POINT('',(-9.58951926063749,-10.3,-1.5));
#5903=CARTESIAN_POINT('',(-13.1648205456816,0.,-1.5));
#5904=CARTESIAN_POINT('Origin',(1.5,-56.3,-6.4));
#5905=CARTESIAN_POINT('',(1.5,-56.3,-4.76969600708473));
#5906=CARTESIAN_POINT('',(1.5,-56.3,-6.4));
#5907=CARTESIAN_POINT('',(1.5,-56.3,-5.99242400177118));
#5908=CARTESIAN_POINT('',(1.5,-65.3,-4.76969600708473));
#5909=CARTESIAN_POINT('',(1.5,0.,-4.76969600708473));
#5910=CARTESIAN_POINT('',(1.5,-65.3,-6.4));
#5911=CARTESIAN_POINT('',(1.5,-65.3,-5.99242400177118));
#5912=CARTESIAN_POINT('',(1.5,-56.3,-6.4));
#5913=CARTESIAN_POINT('Origin',(-1.5,-56.3,-6.4));
#5914=CARTESIAN_POINT('',(-1.5,-56.3,-6.4));
#5915=CARTESIAN_POINT('',(-0.750000000000004,-56.3,-6.4));
#5916=CARTESIAN_POINT('',(-1.5,-65.3,-6.4));
#5917=CARTESIAN_POINT('',(-0.750000000000004,-65.3,-6.4));
#5918=CARTESIAN_POINT('',(-1.5,-56.3,-6.4));
#5919=CARTESIAN_POINT('Origin',(-1.5,-56.3,-4.76969600708473));
#5920=CARTESIAN_POINT('',(-1.5,-56.3,-4.76969600708473));
#5921=CARTESIAN_POINT('',(-1.5,-56.3,-5.17727200531354));
#5922=CARTESIAN_POINT('',(-1.5,-65.3,-4.76969600708473));
#5923=CARTESIAN_POINT('',(-1.5,-65.3,-5.17727200531354));
#5924=CARTESIAN_POINT('',(-1.5,0.,-4.76969600708473));
#5925=CARTESIAN_POINT('Origin',(-2.4980018054066E-15,-56.3,-5.58484800354236));
#5926=CARTESIAN_POINT('Origin',(0.,-56.3,0.));
#5927=CARTESIAN_POINT('Origin',(-2.4980018054066E-15,-65.3,-5.58484800354236));
#5928=CARTESIAN_POINT('Origin',(0.,-65.3,0.));
#5929=CARTESIAN_POINT('Origin',(0.,-50.8,0.));
#5930=CARTESIAN_POINT('',(-6.,-51.8,7.34788079488412E-16));
#5931=CARTESIAN_POINT('Origin',(0.,-51.8,0.));
#5932=CARTESIAN_POINT('',(-6.,-50.8,7.34788079488412E-16));
#5933=CARTESIAN_POINT('',(-6.,-50.8,-7.34788079488412E-16));
#5934=CARTESIAN_POINT('Origin',(0.,-50.8,0.));
#5935=CARTESIAN_POINT('Origin',(0.,-50.8,0.));
#5936=CARTESIAN_POINT('',(-5.,-50.8,6.12323399573677E-16));
#5937=CARTESIAN_POINT('Origin',(0.,-50.8,0.));
#5938=CARTESIAN_POINT('Origin',(0.,-51.8,0.));
#5939=CARTESIAN_POINT('',(-5.,-51.8,6.12323399573677E-16));
#5940=CARTESIAN_POINT('Origin',(0.,-51.8,0.));
#5941=CARTESIAN_POINT('Origin',(0.,0.,0.));
#5942=CARTESIAN_POINT('',(-5.,-69.8,6.12323399573677E-16));
#5943=CARTESIAN_POINT('Origin',(0.,-69.8,0.));
#5944=CARTESIAN_POINT('',(-5.,0.,-6.12323399573677E-16));
#5945=CARTESIAN_POINT('Origin',(0.,-69.8,0.));
#5946=CARTESIAN_POINT('',(-2.,-69.8,2.44929359829471E-16));
#5947=CARTESIAN_POINT('Origin',(0.,-69.8,0.));
#5948=CARTESIAN_POINT('',(-2.,-59.8,2.44929359829471E-16));
#5949=CARTESIAN_POINT('',(-2.,-69.8,2.44929359829471E-16));
#5950=CARTESIAN_POINT('Origin',(0.,-59.8,0.));
#5951=CARTESIAN_POINT('Origin',(0.,-59.8,0.));
#5952=CARTESIAN_POINT('Origin',(0.,0.,0.));
#5953=CARTESIAN_POINT('',(-5.,-39.2,-6.12323399573677E-16));
#5954=CARTESIAN_POINT('',(-5.,0.,-6.12323399573677E-16));
#5955=CARTESIAN_POINT('Origin',(0.,-39.2,0.));
#5956=CARTESIAN_POINT('Origin',(0.,-69.8,0.));
#5957=CARTESIAN_POINT('Origin',(0.,-38.3,0.));
#5958=CARTESIAN_POINT('',(-6.,-39.2,7.34788079488412E-16));
#5959=CARTESIAN_POINT('Origin',(0.,-39.2,0.));
#5960=CARTESIAN_POINT('',(-6.,-38.3,7.34788079488412E-16));
#5961=CARTESIAN_POINT('',(-6.,-38.3,-7.34788079488412E-16));
#5962=CARTESIAN_POINT('Origin',(0.,-38.3,0.));
#5963=CARTESIAN_POINT('Origin',(0.,-39.2,0.));
#5964=CARTESIAN_POINT('Origin',(0.,-38.3,0.));
#5965=CARTESIAN_POINT('',(-13.25,-38.3,1.62265700887024E-15));
#5966=CARTESIAN_POINT('Origin',(0.,-38.3,0.));
#5967=CARTESIAN_POINT('Origin',(0.,0.,0.));
#5968=CARTESIAN_POINT('',(-13.25,0.,-1.62265700887024E-15));
#5969=CARTESIAN_POINT('',(-7.88144837851745,-10.3,-10.6510690288236));
#5970=CARTESIAN_POINT('Origin',(0.,-10.3,0.));
#5971=CARTESIAN_POINT('',(-7.88144837851745,-29.8,-10.6510690288236));
#5972=CARTESIAN_POINT('',(-7.88144837851745,0.,-10.6510690288236));
#5973=CARTESIAN_POINT('',(-5.28337216716413,-29.8,-12.1510690288236));
#5974=CARTESIAN_POINT('Origin',(0.,-29.8,0.));
#5975=CARTESIAN_POINT('',(-5.28337216716413,-10.3,-12.1510690288236));
#5976=CARTESIAN_POINT('',(-5.28337216716413,0.,-12.1510690288236));
#5977=CARTESIAN_POINT('',(5.28337216716414,-10.3,-12.1510690288236));
#5978=CARTESIAN_POINT('Origin',(0.,-10.3,0.));
#5979=CARTESIAN_POINT('',(5.28337216716414,-23.3,-12.1510690288236));
#5980=CARTESIAN_POINT('',(5.28337216716414,0.,-12.1510690288236));
#5981=CARTESIAN_POINT('',(7.88144837851745,-23.3,-10.6510690288236));
#5982=CARTESIAN_POINT('Origin',(0.,-23.3,0.));
#5983=CARTESIAN_POINT('',(7.88144837851745,-10.3,-10.6510690288236));
#5984=CARTESIAN_POINT('',(7.88144837851745,0.,-10.6510690288236));
#5985=CARTESIAN_POINT('',(13.1648205456816,-10.3,-1.5));
#5986=CARTESIAN_POINT('Origin',(0.,-10.3,0.));
#5987=CARTESIAN_POINT('',(13.1648205456816,-29.8,-1.5));
#5988=CARTESIAN_POINT('',(13.1648205456816,0.,-1.5));
#5989=CARTESIAN_POINT('',(13.1648205456816,-29.8,1.5));
#5990=CARTESIAN_POINT('Origin',(0.,-29.8,0.));
#5991=CARTESIAN_POINT('',(13.1648205456816,-10.3,1.5));
#5992=CARTESIAN_POINT('',(13.1648205456816,0.,1.5));
#5993=CARTESIAN_POINT('',(7.88144837851745,-10.3,10.6510690288236));
#5994=CARTESIAN_POINT('Origin',(0.,-10.3,0.));
#5995=CARTESIAN_POINT('',(7.88144837851745,0.,10.6510690288236));
#5996=CARTESIAN_POINT('',(-5.28337216716414,-10.3,12.1510690288236));
#5997=CARTESIAN_POINT('Origin',(0.,-10.3,0.));
#5998=CARTESIAN_POINT('',(-5.28337216716414,-29.8,12.1510690288236));
#5999=CARTESIAN_POINT('',(-5.28337216716414,0.,12.1510690288236));
#6000=CARTESIAN_POINT('',(-7.88144837851745,-29.8,10.6510690288236));
#6001=CARTESIAN_POINT('Origin',(0.,-29.8,0.));
#6002=CARTESIAN_POINT('',(-7.88144837851745,-10.3,10.6510690288236));
#6003=CARTESIAN_POINT('',(-7.88144837851745,0.,10.6510690288236));
#6004=CARTESIAN_POINT('',(-13.1648205456816,-10.3,1.5));
#6005=CARTESIAN_POINT('Origin',(0.,-10.3,0.));
#6006=CARTESIAN_POINT('',(-13.1648205456816,0.,1.5));
#6007=CARTESIAN_POINT('Origin',(5.275,-10.3,0.));
#6008=CARTESIAN_POINT('',(19.0754446796632,-10.3,1.5));
#6009=CARTESIAN_POINT('',(12.1752223398316,-10.3,1.5));
#6010=CARTESIAN_POINT('',(23.6842519685039,-10.3,6.26946638019676));
#6011=CARTESIAN_POINT('Origin',(25.4,-10.3,0.));
#6012=CARTESIAN_POINT('',(22.376827868526,-10.3,9.9763507627968));
#6013=CARTESIAN_POINT('Origin',(0.,-10.3,0.));
#6014=CARTESIAN_POINT('',(19.8281871319093,-10.3,14.3907260088568));
#6015=CARTESIAN_POINT('Origin',(21.9970452561247,-10.3,12.7));
#6016=CARTESIAN_POINT('',(13.5260573663141,-10.3,20.4278185845474));
#6017=CARTESIAN_POINT('Origin',(0.,-10.3,0.));
#6018=CARTESIAN_POINT('',(5.24961824209705,-10.3,6.09260551565252));
#6019=CARTESIAN_POINT('Origin',(5.275,-10.3,0.));
#6020=CARTESIAN_POINT('',(13.5260573663142,-10.3,-20.4278185845474));
#6021=CARTESIAN_POINT('',(8.0719227359954,-10.3,-10.9809802935144));
#6022=CARTESIAN_POINT('',(19.8281871319093,-10.3,-14.3907260088567));
#6023=CARTESIAN_POINT('Origin',(0.,-10.3,0.));
#6024=CARTESIAN_POINT('',(22.3768278685261,-10.3,-9.97635076279677));
#6025=CARTESIAN_POINT('Origin',(21.9970452561247,-10.3,-12.7));
#6026=CARTESIAN_POINT('',(23.6842519685039,-10.3,-6.26946638019676));
#6027=CARTESIAN_POINT('Origin',(0.,-10.3,0.));
#6028=CARTESIAN_POINT('',(19.0754446796632,-10.3,-1.5));
#6029=CARTESIAN_POINT('Origin',(25.4,-10.3,0.));
#6030=CARTESIAN_POINT('',(9.21991027284079,-10.3,-1.5));
#6031=CARTESIAN_POINT('Origin',(5.275,-10.3,0.));
#6032=CARTESIAN_POINT('',(-8.23868423415495,-10.3,-17.2698196810731));
#6033=CARTESIAN_POINT('',(-2.81044806423915,-10.3,-7.86783883929581));
#6034=CARTESIAN_POINT('',(-6.41260883082911,-10.3,-23.6458970644544));
#6035=CARTESIAN_POINT('Origin',(-12.7,-10.3,-21.9970452561247));
#6036=CARTESIAN_POINT('',(-2.54864073661674,-10.3,-24.3670767716535));
#6037=CARTESIAN_POINT('Origin',(0.,-10.3,0.));
#6038=CARTESIAN_POINT('',(2.54864073661674,-10.3,-24.3670767716535));
#6039=CARTESIAN_POINT('Origin',(0.,-10.3,-25.4));
#6040=CARTESIAN_POINT('',(10.9279811549608,-10.3,-21.9278185845474));
#6041=CARTESIAN_POINT('Origin',(0.,-10.3,0.));
#6042=CARTESIAN_POINT('',(2.65154203074374,-10.3,-7.59260551565251));
#6043=CARTESIAN_POINT('Origin',(5.275,-10.3,0.));
#6044=CARTESIAN_POINT('',(-22.376827868526,-10.3,-9.97635076279679));
#6045=CARTESIAN_POINT('Origin',(0.,-10.3,0.));
#6046=CARTESIAN_POINT('',(-19.8281871319093,-10.3,-14.3907260088568));
#6047=CARTESIAN_POINT('Origin',(-21.9970452561247,-10.3,-12.7));
#6048=CARTESIAN_POINT('',(-17.2716431376748,-10.3,-17.3764306842576));
#6049=CARTESIAN_POINT('Origin',(0.,-10.3,0.));
#6050=CARTESIAN_POINT('',(-10.8367604455083,-10.3,-15.7698196810731));
#6051=CARTESIAN_POINT('Origin',(-12.7,-10.3,-21.9970452561247));
#6052=CARTESIAN_POINT('',(-3.93086824209706,-10.3,-3.80846351317106));
#6053=CARTESIAN_POINT('Origin',(5.275,-10.3,0.));
#6054=CARTESIAN_POINT('',(-10.8367604455083,-10.3,15.7698196810731));
#6055=CARTESIAN_POINT('',(-5.40852427559247,-10.3,6.36783883929581));
#6056=CARTESIAN_POINT('',(-17.2716431376748,-10.3,17.3764306842576));
#6057=CARTESIAN_POINT('Origin',(-12.7,-10.3,21.9970452561247));
#6058=CARTESIAN_POINT('',(-19.8281871319093,-10.3,14.3907260088568));
#6059=CARTESIAN_POINT('Origin',(0.,-10.3,0.));
#6060=CARTESIAN_POINT('',(-22.376827868526,-10.3,9.97635076279678));
#6061=CARTESIAN_POINT('Origin',(-21.9970452561247,-10.3,12.7));
#6062=CARTESIAN_POINT('',(-24.454038521275,-10.3,1.5));
#6063=CARTESIAN_POINT('Origin',(0.,-10.3,0.));
#6064=CARTESIAN_POINT('',(-3.94491027284079,-10.3,1.5));
#6065=CARTESIAN_POINT('Origin',(5.275,-10.3,0.));
#6066=CARTESIAN_POINT('',(2.54864073661674,-10.3,24.3670767716535));
#6067=CARTESIAN_POINT('Origin',(0.,-10.3,0.));
#6068=CARTESIAN_POINT('',(-2.54864073661675,-10.3,24.3670767716535));
#6069=CARTESIAN_POINT('Origin',(-3.11060286983428E-15,-10.3,25.4));
#6070=CARTESIAN_POINT('',(-6.41260883082912,-10.3,23.6458970644544));
#6071=CARTESIAN_POINT('Origin',(0.,-10.3,0.));
#6072=CARTESIAN_POINT('',(-8.23868423415496,-10.3,17.2698196810731));
#6073=CARTESIAN_POINT('Origin',(-12.7,-10.3,21.9970452561247));
#6074=CARTESIAN_POINT('',(-1.33279203074374,-10.3,5.30846351317105));
#6075=CARTESIAN_POINT('Origin',(-12.7,0.,-21.9970452561247));
#6076=CARTESIAN_POINT('',(-15.7,-39.2,-21.9970452561247));
#6077=CARTESIAN_POINT('Origin',(-12.7,-39.2,-21.9970452561247));
#6078=CARTESIAN_POINT('',(-15.7,-10.3,-21.9970452561247));
#6079=CARTESIAN_POINT('',(-15.7,0.,-21.9970452561247));
#6080=CARTESIAN_POINT('Origin',(-12.7,-10.3,-21.9970452561247));
#6081=CARTESIAN_POINT('Origin',(-12.7,0.,-21.9970452561247));
#6082=CARTESIAN_POINT('',(-19.2,-39.2,-21.9970452561247));
#6083=CARTESIAN_POINT('Origin',(-12.7,-39.2,-21.9970452561247));
#6084=CARTESIAN_POINT('',(-19.2,0.,-21.9970452561247));
#6085=CARTESIAN_POINT('',(-7.08717013210228,-14.3,-25.2751759542567));
#6086=CARTESIAN_POINT('',(-7.08717013210228,0.,-25.2751759542567));
#6087=CARTESIAN_POINT('',(-6.4126088308291,-14.3,-23.6458970644544));
#6088=CARTESIAN_POINT('Origin',(-12.7,-14.3,-21.9970452561247));
#6089=CARTESIAN_POINT('',(-6.41260883082911,0.,-23.6458970644544));
#6090=CARTESIAN_POINT('',(-8.23868423415495,-29.8,-17.2698196810731));
#6091=CARTESIAN_POINT('',(-8.23868423415495,0.,-17.2698196810731));
#6092=CARTESIAN_POINT('',(-10.8367604455083,-29.8,-15.7698196810731));
#6093=CARTESIAN_POINT('Origin',(-12.7,-29.8,-21.9970452561247));
#6094=CARTESIAN_POINT('',(-10.8367604455083,0.,-15.7698196810731));
#6095=CARTESIAN_POINT('',(-17.2716431376748,0.,-17.3764306842576));
#6096=CARTESIAN_POINT('',(-18.3453593954568,0.,-18.7752573524713));
#6097=CARTESIAN_POINT('Origin',(-12.7,-39.2,-21.9970452561247));
#6098=CARTESIAN_POINT('Origin',(5.275,-10.3,0.));
#6099=CARTESIAN_POINT('Origin',(25.4,0.,0.));
#6100=CARTESIAN_POINT('',(22.4,-39.2,3.67394039744206E-16));
#6101=CARTESIAN_POINT('Origin',(25.4,-39.2,0.));
#6102=CARTESIAN_POINT('',(22.4,-10.3,-3.67394039744206E-16));
#6103=CARTESIAN_POINT('',(22.4,0.,-3.67394039744206E-16));
#6104=CARTESIAN_POINT('Origin',(25.4,-10.3,0.));
#6105=CARTESIAN_POINT('Origin',(25.4,0.,0.));
#6106=CARTESIAN_POINT('',(18.9,-39.2,7.96020419445779E-16));
#6107=CARTESIAN_POINT('Origin',(25.4,-39.2,0.));
#6108=CARTESIAN_POINT('',(18.9,-29.8,-7.96020419445779E-16));
#6109=CARTESIAN_POINT('',(18.9,0.,-7.96020419445779E-16));
#6110=CARTESIAN_POINT('',(19.0754446796632,-29.8,-1.5));
#6111=CARTESIAN_POINT('Origin',(25.4,-29.8,0.));
#6112=CARTESIAN_POINT('',(19.0754446796632,0.,-1.5));
#6113=CARTESIAN_POINT('',(23.6842519685039,-14.3,-6.26946638019676));
#6114=CARTESIAN_POINT('',(23.6842519685039,0.,-6.26946638019676));
#6115=CARTESIAN_POINT('',(25.4325295275591,-14.3,-6.49991860178547));
#6116=CARTESIAN_POINT('Origin',(25.4,-14.3,0.));
#6117=CARTESIAN_POINT('',(25.4325295275591,0.,-6.49991860178547));
#6118=CARTESIAN_POINT('',(25.4325295275591,0.,6.49991860178547));
#6119=CARTESIAN_POINT('',(23.6842519685039,0.,6.26946638019676));
#6120=CARTESIAN_POINT('',(19.0754446796632,-29.8,1.5));
#6121=CARTESIAN_POINT('',(19.0754446796632,0.,1.5));
#6122=CARTESIAN_POINT('Origin',(25.4,-29.8,0.));
#6123=CARTESIAN_POINT('Origin',(25.4,-39.2,0.));
#6124=CARTESIAN_POINT('Origin',(5.275,-10.3,0.));
#6125=CARTESIAN_POINT('Origin',(-12.7,0.,21.9970452561247));
#6126=CARTESIAN_POINT('',(-19.2,-39.2,21.9970452561247));
#6127=CARTESIAN_POINT('Origin',(-12.7,-39.2,21.9970452561247));
#6128=CARTESIAN_POINT('',(-19.2,-10.3,21.9970452561247));
#6129=CARTESIAN_POINT('',(-19.2,0.,21.9970452561247));
#6130=CARTESIAN_POINT('',(-18.3453593954568,-10.3,18.7752573524713));
#6131=CARTESIAN_POINT('Origin',(-12.7,-10.3,21.9970452561247));
#6132=CARTESIAN_POINT('',(-18.3453593954568,0.,18.7752573524713));
#6133=CARTESIAN_POINT('',(-17.2716431376748,0.,17.3764306842576));
#6134=CARTESIAN_POINT('',(-10.8367604455083,-29.8,15.7698196810731));
#6135=CARTESIAN_POINT('',(-10.8367604455083,0.,15.7698196810731));
#6136=CARTESIAN_POINT('',(-8.23868423415496,-29.8,17.2698196810731));
#6137=CARTESIAN_POINT('Origin',(-12.7,-29.8,21.9970452561247));
#6138=CARTESIAN_POINT('',(-8.23868423415496,0.,17.2698196810731));
#6139=CARTESIAN_POINT('',(-6.41260883082912,0.,23.6458970644544));
#6140=CARTESIAN_POINT('',(-7.08717013210229,-10.3,25.2751759542567));
#6141=CARTESIAN_POINT('',(-7.08717013210229,0.,25.2751759542567));
#6142=CARTESIAN_POINT('Origin',(-12.7,-10.3,21.9970452561247));
#6143=CARTESIAN_POINT('Origin',(-12.7,-39.2,21.9970452561247));
#6144=CARTESIAN_POINT('',(-15.7,-39.2,21.9970452561247));
#6145=CARTESIAN_POINT('Origin',(-12.7,-39.2,21.9970452561247));
#6146=CARTESIAN_POINT('Origin',(5.275,-10.3,0.));
#6147=CARTESIAN_POINT('',(-23.9442244104667,-10.3,10.758095434658));
#6148=CARTESIAN_POINT('Origin',(0.,-10.3,0.));
#6149=CARTESIAN_POINT('',(-21.2888961479846,-10.3,15.3572588960506));
#6150=CARTESIAN_POINT('Origin',(-21.9970452561247,-10.3,12.7));
#6151=CARTESIAN_POINT('Origin',(0.,-10.3,0.));
#6152=CARTESIAN_POINT('',(-2.65532826248213,-10.3,26.1153543307087));
#6153=CARTESIAN_POINT('Origin',(0.,-10.3,0.));
#6154=CARTESIAN_POINT('',(2.65532826248212,-10.3,26.1153543307087));
#6155=CARTESIAN_POINT('Origin',(-3.11060286983428E-15,-10.3,25.4));
#6156=CARTESIAN_POINT('',(11.8045158015654,-10.3,23.446021127061));
#6157=CARTESIAN_POINT('Origin',(0.,-10.3,0.));
#6158=CARTESIAN_POINT('',(7.96466901541211,-10.3,16.7952114001634));
#6159=CARTESIAN_POINT('Origin',(5.275,-10.3,0.));
#6160=CARTESIAN_POINT('',(-15.7,-10.3,21.9970452561247));
#6161=CARTESIAN_POINT('Origin',(-12.7,-10.3,21.9970452561247));
#6162=CARTESIAN_POINT('Origin',(0.,0.,0.));
#6163=CARTESIAN_POINT('',(-19.8281871319093,0.,14.3907260088568));
#6164=CARTESIAN_POINT('Origin',(-7.88144837851745,0.,-10.6510690288236));
#6165=CARTESIAN_POINT('',(-7.88144837851745,-29.8,-10.6510690288236));
#6166=CARTESIAN_POINT('Origin',(-8.23868423415495,0.,-17.2698196810731));
#6167=CARTESIAN_POINT('',(-5.28337216716413,-29.8,-12.1510690288236));
#6168=CARTESIAN_POINT('Origin',(-8.0600663063362,-29.8,-13.9604443549483));
#6169=CARTESIAN_POINT('Origin',(13.1648205456816,0.,-1.5));
#6170=CARTESIAN_POINT('',(13.1648205456816,-29.8,-1.5));
#6171=CARTESIAN_POINT('Origin',(19.0754446796632,0.,1.5));
#6172=CARTESIAN_POINT('',(13.1648205456816,-29.8,1.5));
#6173=CARTESIAN_POINT('Origin',(16.1201326126724,-29.8,0.));
#6174=CARTESIAN_POINT('Origin',(-5.28337216716414,0.,12.1510690288236));
#6175=CARTESIAN_POINT('',(-5.28337216716414,-29.8,12.1510690288236));
#6176=CARTESIAN_POINT('Origin',(-10.8367604455083,0.,15.7698196810731));
#6177=CARTESIAN_POINT('',(-7.88144837851745,-29.8,10.6510690288236));
#6178=CARTESIAN_POINT('Origin',(-8.06006630633621,-29.8,13.9604443549483));
#6179=CARTESIAN_POINT('Origin',(13.2071960097522,-23.3,-22.1255345144118));
#6180=CARTESIAN_POINT('',(8.43338527241027,-23.3,-17.6070517716177));
#6181=CARTESIAN_POINT('',(17.656247220675,-23.3,-27.5815172572059));
#6182=CARTESIAN_POINT('Origin',(9.17267969772839,-14.3,-19.9347331900984));
#6183=CARTESIAN_POINT('',(13.5260573663142,-14.3,-20.4278185845474));
#6184=CARTESIAN_POINT('',(14.4025920129188,-14.3,-21.946021127061));
#6185=CARTESIAN_POINT('',(16.677610281297,-14.3,-25.8864683560395));
#6186=CARTESIAN_POINT('',(21.2888961479846,-14.3,-15.3572588960506));
#6187=CARTESIAN_POINT('Origin',(0.,-14.3,0.));
#6188=CARTESIAN_POINT('',(23.9442244104667,-14.3,-10.758095434658));
#6189=CARTESIAN_POINT('Origin',(21.9970452561247,-14.3,-12.7));
#6190=CARTESIAN_POINT('Origin',(0.,-14.3,0.));
#6191=CARTESIAN_POINT('',(22.3768278685261,-14.3,-9.97635076279677));
#6192=CARTESIAN_POINT('Origin',(0.,-14.3,0.));
#6193=CARTESIAN_POINT('',(19.8281871319093,-14.3,-14.3907260088567));
#6194=CARTESIAN_POINT('Origin',(21.9970452561247,-14.3,-12.7));
#6195=CARTESIAN_POINT('Origin',(0.,-14.3,0.));
#6196=CARTESIAN_POINT('Origin',(9.17267969772839,-14.3,-19.9347331900984));
#6197=CARTESIAN_POINT('',(11.8045158015655,-14.3,-23.446021127061));
#6198=CARTESIAN_POINT('',(10.9279811549608,-14.3,-21.9278185845474));
#6199=CARTESIAN_POINT('',(7.45474833303229,-14.3,-15.9120028704513));
#6200=CARTESIAN_POINT('',(2.54864073661674,-14.3,-24.3670767716535));
#6201=CARTESIAN_POINT('Origin',(0.,-14.3,0.));
#6202=CARTESIAN_POINT('',(-2.54864073661675,-14.3,-24.3670767716535));
#6203=CARTESIAN_POINT('Origin',(0.,-14.3,-25.4));
#6204=CARTESIAN_POINT('Origin',(0.,-14.3,0.));
#6205=CARTESIAN_POINT('',(-2.65532826248213,-14.3,-26.1153543307087));
#6206=CARTESIAN_POINT('Origin',(0.,-14.3,0.));
#6207=CARTESIAN_POINT('',(2.65532826248213,-14.3,-26.1153543307087));
#6208=CARTESIAN_POINT('Origin',(0.,-14.3,-25.4));
#6209=CARTESIAN_POINT('Origin',(0.,-14.3,0.));
#6210=CARTESIAN_POINT('Origin',(0.,0.,0.));
#6211=CARTESIAN_POINT('',(2.54864073661674,0.,-24.3670767716535));
#6212=CARTESIAN_POINT('',(10.9279811549608,0.,-21.9278185845474));
#6213=CARTESIAN_POINT('Origin',(0.,0.,-25.4));
#6214=CARTESIAN_POINT('',(-2.54864073661674,0.,-24.3670767716535));
#6215=CARTESIAN_POINT('Origin',(0.,0.,0.));
#6216=CARTESIAN_POINT('Origin',(0.,0.,0.));
#6217=CARTESIAN_POINT('',(-2.65532826248213,0.,-26.1153543307087));
#6218=CARTESIAN_POINT('Origin',(0.,0.,-25.4));
#6219=CARTESIAN_POINT('',(2.65532826248213,0.,-26.1153543307087));
#6220=CARTESIAN_POINT('Origin',(0.,0.,0.));
#6221=CARTESIAN_POINT('',(11.8045158015655,0.,-23.446021127061));
#6222=CARTESIAN_POINT('Origin',(0.,0.,0.));
#6223=CARTESIAN_POINT('',(13.5260573663142,0.,-20.4278185845474));
#6224=CARTESIAN_POINT('',(19.8281871319093,0.,-14.3907260088567));
#6225=CARTESIAN_POINT('Origin',(21.9970452561247,0.,-12.7));
#6226=CARTESIAN_POINT('',(22.3768278685261,0.,-9.97635076279677));
#6227=CARTESIAN_POINT('Origin',(0.,0.,0.));
#6228=CARTESIAN_POINT('Origin',(0.,0.,0.));
#6229=CARTESIAN_POINT('',(23.9442244104667,0.,-10.758095434658));
#6230=CARTESIAN_POINT('Origin',(21.9970452561247,0.,-12.7));
#6231=CARTESIAN_POINT('',(21.2888961479846,0.,-15.3572588960506));
#6232=CARTESIAN_POINT('Origin',(0.,0.,0.));
#6233=CARTESIAN_POINT('',(14.4025920129188,0.,-21.946021127061));
#6234=CARTESIAN_POINT('Origin',(21.1310198523403,0.,-33.6));
#6235=CARTESIAN_POINT('Origin',(11.8045158015655,0.,-23.446021127061));
#6236=CARTESIAN_POINT('Origin',(7.88144837851745,0.,10.6510690288236));
#6237=CARTESIAN_POINT('',(13.5260573663141,0.,20.4278185845474));
#6238=CARTESIAN_POINT('Origin',(0.,0.,0.));
#6239=CARTESIAN_POINT('',(19.8281871319093,0.,14.3907260088568));
#6240=CARTESIAN_POINT('Origin',(21.9970452561247,0.,12.7));
#6241=CARTESIAN_POINT('',(22.376827868526,0.,9.9763507627968));
#6242=CARTESIAN_POINT('Origin',(0.,0.,0.));
#6243=CARTESIAN_POINT('Origin',(0.,0.,0.));
#6244=CARTESIAN_POINT('',(23.9442244104667,0.,10.758095434658));
#6245=CARTESIAN_POINT('Origin',(21.9970452561247,0.,12.7));
#6246=CARTESIAN_POINT('',(21.2888961479846,0.,15.3572588960507));
#6247=CARTESIAN_POINT('Origin',(0.,0.,0.));
#6248=CARTESIAN_POINT('Origin',(0.,0.,0.));
#6249=CARTESIAN_POINT('',(2.54864073661674,0.,24.3670767716535));
#6250=CARTESIAN_POINT('Origin',(-3.11060286983428E-15,0.,25.4));
#6251=CARTESIAN_POINT('',(-2.54864073661675,0.,24.3670767716535));
#6252=CARTESIAN_POINT('Origin',(0.,0.,0.));
#6253=CARTESIAN_POINT('Origin',(0.,0.,0.));
#6254=CARTESIAN_POINT('',(-2.65532826248213,0.,26.1153543307087));
#6255=CARTESIAN_POINT('Origin',(-3.11060286983428E-15,0.,25.4));
#6256=CARTESIAN_POINT('',(2.65532826248212,0.,26.1153543307087));
#6257=CARTESIAN_POINT('Origin',(0.,0.,0.));
#6258=CARTESIAN_POINT('',(11.8045158015654,0.,23.446021127061));
#6259=CARTESIAN_POINT('Origin',(15.9096261365009,0.,30.5562807978453));
#6260=CARTESIAN_POINT('Origin',(-34.4173284843551,0.,-1.5));
#6261=CARTESIAN_POINT('',(-26.2071078144842,0.,-1.5));
#6262=CARTESIAN_POINT('Origin',(0.,0.,0.));
#6263=CARTESIAN_POINT('',(-23.9442244104667,0.,-10.758095434658));
#6264=CARTESIAN_POINT('Origin',(-21.9970452561247,0.,-12.7));
#6265=CARTESIAN_POINT('',(-21.2888961479846,0.,-15.3572588960506));
#6266=CARTESIAN_POINT('Origin',(0.,0.,0.));
#6267=CARTESIAN_POINT('Origin',(0.,0.,0.));
#6268=CARTESIAN_POINT('',(-19.8281871319093,0.,-14.3907260088568));
#6269=CARTESIAN_POINT('Origin',(-21.9970452561247,0.,-12.7));
#6270=CARTESIAN_POINT('',(-22.376827868526,0.,-9.97635076279679));
#6271=CARTESIAN_POINT('Origin',(0.,0.,0.));
#6272=CARTESIAN_POINT('Origin',(0.,0.,0.));
#6273=CARTESIAN_POINT('',(-23.9442244104667,0.,10.758095434658));
#6274=CARTESIAN_POINT('Origin',(-21.9970452561247,0.,12.7));
#6275=CARTESIAN_POINT('',(-21.2888961479846,0.,15.3572588960506));
#6276=CARTESIAN_POINT('Origin',(0.,0.,0.));
#6277=CARTESIAN_POINT('Origin',(-12.7,0.,21.9970452561247));
#6278=CARTESIAN_POINT('',(-15.7,0.,21.9970452561247));
#6279=CARTESIAN_POINT('Origin',(-21.9970452561247,0.,12.7));
#6280=CARTESIAN_POINT('',(-22.376827868526,0.,9.97635076279678));
#6281=CARTESIAN_POINT('Origin',(0.,0.,0.));
#6282=CARTESIAN_POINT('',(-24.454038521275,0.,1.5));
#6283=CARTESIAN_POINT('Origin',(-13.1648205456816,0.,1.5));
#6284=CARTESIAN_POINT('Origin',(45.,14.2,-7.5));
#6285=CARTESIAN_POINT('',(45.,9.7,-3.75));
#6286=CARTESIAN_POINT('Origin',(5.25,9.7,0.));
#6287=CARTESIAN_POINT('Origin',(5.25,9.7,0.));
#6288=CARTESIAN_POINT('',(-6.69898273900696,9.7,15.0853167932228));
#6289=CARTESIAN_POINT('',(27.5,9.7,10.7));
#6290=CARTESIAN_POINT('Origin',(50.5,9.7,7.5));
#6291=CARTESIAN_POINT('Origin',(0.,14.2,0.));
#6292=CARTESIAN_POINT('Origin',(0.,9.7,0.));
#6293=CARTESIAN_POINT('Origin',(-26.2526731013108,9.7,31.4928111643866));
#6294=CARTESIAN_POINT('Origin',(5.25,9.7,0.));
#6295=CARTESIAN_POINT('Origin',(5.25,9.7,0.));
#6296=CARTESIAN_POINT('Origin',(27.5,14.2,27.4));
#6297=CARTESIAN_POINT('Origin',(46.,14.2,22.4));
#6298=UNCERTAINTY_MEASURE_WITH_UNIT(LENGTH_MEASURE(0.01),#6302,
'DISTANCE_ACCURACY_VALUE',
'Maximum model space distance between geometric entities at asserted c
onnectivities');
#6299=UNCERTAINTY_MEASURE_WITH_UNIT(LENGTH_MEASURE(0.01),#6302,
'DISTANCE_ACCURACY_VALUE',
'Maximum model space distance between geometric entities at asserted c
onnectivities');
#6300=(
GEOMETRIC_REPRESENTATION_CONTEXT(3)
GLOBAL_UNCERTAINTY_ASSIGNED_CONTEXT((#6298))
GLOBAL_UNIT_ASSIGNED_CONTEXT((#6302,#6304,#6305))
REPRESENTATION_CONTEXT('','3D')
);
#6301=(
GEOMETRIC_REPRESENTATION_CONTEXT(3)
GLOBAL_UNCERTAINTY_ASSIGNED_CONTEXT((#6299))
GLOBAL_UNIT_ASSIGNED_CONTEXT((#6302,#6304,#6305))
REPRESENTATION_CONTEXT('','3D')
);
#6302=(
LENGTH_UNIT()
NAMED_UNIT(*)
SI_UNIT(.MILLI.,.METRE.)
);
#6303=(
LENGTH_UNIT()
NAMED_UNIT(*)
SI_UNIT($,.METRE.)
);
#6304=(
NAMED_UNIT(*)
PLANE_ANGLE_UNIT()
SI_UNIT($,.RADIAN.)
);
#6305=(
NAMED_UNIT(*)
SI_UNIT($,.STERADIAN.)
SOLID_ANGLE_UNIT()
);
#6306=SHAPE_DEFINITION_REPRESENTATION(#6307,#6308);
#6307=PRODUCT_DEFINITION_SHAPE('',$,#6310);
#6308=SHAPE_REPRESENTATION('',(#3463),#6300);
#6309=PRODUCT_DEFINITION_CONTEXT('part definition',#6314,'design');
#6310=PRODUCT_DEFINITION(
'Worm Gear Motor - 12-24V for Garage + Gate Doors (A)',
'Worm Gear Motor - 12-24V for Garage + Gate Doors (A) v2',#6311,#6309);
#6311=PRODUCT_DEFINITION_FORMATION('',$,#6316);
#6312=PRODUCT_RELATED_PRODUCT_CATEGORY(
'Worm Gear Motor - 12-24V for Garage + Gate Doors (A) v2',
'Worm Gear Motor - 12-24V for Garage + Gate Doors (A) v2',(#6316));
#6313=APPLICATION_PROTOCOL_DEFINITION('international standard',
'automotive_design',2009,#6314);
#6314=APPLICATION_CONTEXT(
'Core Data for Automotive Mechanical Design Process');
#6315=PRODUCT_CONTEXT('part definition',#6314,'mechanical');
#6316=PRODUCT('Worm Gear Motor - 12-24V for Garage + Gate Doors (A)',
'Worm Gear Motor - 12-24V for Garage + Gate Doors (A) v2',$,(#6315));
#6317=PRESENTATION_STYLE_ASSIGNMENT((#6318));
#6318=SURFACE_STYLE_USAGE(.BOTH.,#6319);
#6319=SURFACE_SIDE_STYLE('',(#6320));
#6320=SURFACE_STYLE_FILL_AREA(#6321);
#6321=FILL_AREA_STYLE('Steel - Satin',(#6322));
#6322=FILL_AREA_STYLE_COLOUR('Steel - Satin',#6323);
#6323=COLOUR_RGB('Steel - Satin',0.627450980392157,0.627450980392157,0.627450980392157);
ENDSEC;
END-ISO-10303-21;
